# File generated by ImageToStl.com - Free Image and 3D model conversion tools

o obj1
v -13.75 -40.625 7.5
v -13.125 -40.625 7.5
v -8.75 -30.625 7.5
v -13.125 -20.625 7.5
v -13.75 -20.625 7.5
v -12.5 -40.625 7.5
v -12.5 -20.625 7.5
v -11.875 -40.625 7.5
v -11.875 -20.625 7.5
v -11.25 -40.625 7.5
v -11.25 -20.625 7.5
v -10.625 -40.625 7.5
v -10.625 -20.625 7.5
v -10 -40.625 7.5
v -10 -20.625 7.5
v -9.375 -40.625 7.5
v -9.375 -20.625 7.5
v -8.75 -40.625 7.5
v -8.75 -20.625 7.5
v -8.125 -40.625 7.5
v -8.125 -20.625 7.5
v -7.5 -40.625 7.5
v -7.5 -20.625 7.5
v -6.875 -40.625 7.5
v -6.875 -20.625 7.5
v -6.25 -40.625 7.5
v -6.25 -20.625 7.5
v -5.625 -40.625 7.5
v -5.625 -20.625 7.5
v -5 -40.625 7.5
v -5 -20.625 7.5
v -4.375 -40.625 7.5
v -4.375 -20.625 7.5
v -3.75 -40.625 7.5
v -3.75 -20.625 7.5
v -13.75 -40 7.5
v -3.75 -40 7.5
v -13.75 -39.375 7.5
v -3.75 -39.375 7.5
v -13.75 -38.75 7.5
v -3.75 -38.75 7.5
v -13.75 -38.125 7.5
v -3.75 -38.125 7.5
v -13.75 -37.5 7.5
v -3.75 -37.5 7.5
v -13.75 -36.875 7.5
v -3.75 -36.875 7.5
v -13.75 -36.25 7.5
v -3.75 -36.25 7.5
v -13.75 -35.625 7.5
v -3.75 -35.625 7.5
v -13.75 -35 7.5
v -3.75 -35 7.5
v -13.75 -34.375 7.5
v -3.75 -34.375 7.5
v -13.75 -33.75 7.5
v -3.75 -33.75 7.5
v -13.75 -33.125 7.5
v -3.75 -33.125 7.5
v -13.75 -32.5 7.5
v -3.75 -32.5 7.5
v -13.75 -31.875 7.5
v -3.75 -31.875 7.5
v -13.75 -31.25 7.5
v -3.75 -31.25 7.5
v -13.75 -30.625 7.5
v -3.75 -30.625 7.5
v -13.75 -30 7.5
v -3.75 -30 7.5
v -13.75 -29.375 7.5
v -3.75 -29.375 7.5
v -13.75 -28.75 7.5
v -3.75 -28.75 7.5
v -13.75 -28.125 7.5
v -3.75 -28.125 7.5
v -13.75 -27.5 7.5
v -3.75 -27.5 7.5
v -13.75 -26.875 7.5
v -3.75 -26.875 7.5
v -13.75 -26.25 7.5
v -3.75 -26.25 7.5
v -13.75 -25.625 7.5
v -3.75 -25.625 7.5
v -13.75 -25 7.5
v -3.75 -25 7.5
v -13.75 -24.375 7.5
v -3.75 -24.375 7.5
v -13.75 -23.75 7.5
v -3.75 -23.75 7.5
v -13.75 -23.125 7.5
v -3.75 -23.125 7.5
v -13.75 -22.5 7.5
v -3.75 -22.5 7.5
v -13.75 -21.875 7.5
v -3.75 -21.875 7.5
v -13.75 -21.25 7.5
v -3.75 -21.25 7.5
v -3.125 -22.5 7.5
v 1.25 -10.3125 7.5
v -3.125 1.875 7.5
v -3.75 1.875 7.5
v -2.5 -22.5 7.5
v -2.5 1.875 7.5
v -1.875 -22.5 7.5
v -1.875 1.875 7.5
v -1.25 -22.5 7.5
v -1.25 1.875 7.5
v -0.625 -22.5 7.5
v -0.625 1.875 7.5
v 0 -22.5 7.5
v 0 1.875 7.5
v 0.625 -22.5 7.5
v 0.625 1.875 7.5
v 1.25 -22.5 7.5
v 1.25 1.875 7.5
v 1.875 -22.5 7.5
v 1.875 1.875 7.5
v 2.5 -22.5 7.5
v 2.5 1.875 7.5
v 3.125 -22.5 7.5
v 3.125 1.875 7.5
v 3.75 -22.5 7.5
v 3.75 1.875 7.5
v 4.375 -22.5 7.5
v 4.375 1.875 7.5
v 5 -22.5 7.5
v 5 1.875 7.5
v 5.625 -22.5 7.5
v 5.625 1.875 7.5
v 6.25 -22.5 7.5
v 6.25 1.875 7.5
v 6.25 -21.875 7.5
v 6.25 -21.25 7.5
v 6.25 -20.625 7.5
v -3.75 -20 7.5
v 6.25 -20 7.5
v -3.75 -19.375 7.5
v 6.25 -19.375 7.5
v -3.75 -18.75 7.5
v 6.25 -18.75 7.5
v -3.75 -18.125 7.5
v 6.25 -18.125 7.5
v -3.75 -17.5 7.5
v 6.25 -17.5 7.5
v -3.75 -16.875 7.5
v 6.25 -16.875 7.5
v -3.75 -16.25 7.5
v 6.25 -16.25 7.5
v -3.75 -15.625 7.5
v 6.25 -15.625 7.5
v -3.75 -15 7.5
v 6.25 -15 7.5
v -3.75 -14.375 7.5
v 6.25 -14.375 7.5
v -3.75 -13.75 7.5
v 6.25 -13.75 7.5
v -3.75 -13.125 7.5
v 6.25 -13.125 7.5
v -3.75 -12.5 7.5
v 6.25 -12.5 7.5
v -3.75 -11.875 7.5
v 6.25 -11.875 7.5
v -3.75 -11.25 7.5
v 6.25 -11.25 7.5
v -3.75 -10.625 7.5
v 6.25 -10.625 7.5
v -3.75 -10 7.5
v 6.25 -10 7.5
v -3.75 -9.375 7.5
v 6.25 -9.375 7.5
v -3.75 -8.75 7.5
v 6.25 -8.75 7.5
v -3.75 -8.125 7.5
v 6.25 -8.125 7.5
v -3.75 -7.5 7.5
v 6.25 -7.5 7.5
v -3.75 -6.875 7.5
v 6.25 -6.875 7.5
v -3.75 -6.25 7.5
v 6.25 -6.25 7.5
v -3.75 -5.625 7.5
v 6.25 -5.625 7.5
v -3.75 -5 7.5
v 6.25 -5 7.5
v -3.75 -4.375 7.5
v 6.25 -4.375 7.5
v -3.75 -3.75 7.5
v 6.25 -3.75 7.5
v -3.75 -3.125 7.5
v 6.25 -3.125 7.5
v -3.75 -2.5 7.5
v 6.25 -2.5 7.5
v -3.75 -1.875 7.5
v 6.25 -1.875 7.5
v -3.75 -1.25 7.5
v 6.25 -1.25 7.5
v -3.75 -0.625 7.5
v 6.25 -0.625 7.5
v -3.75 0 7.5
v 6.25 0 7.5
v -3.75 0.625 7.5
v 6.25 0.625 7.5
v -3.75 1.25 7.5
v 6.25 1.25 7.5
v -22.5 -20.625 7.5
v -21.875 -20.625 7.5
v -13.125 -9.375 7.5
v -21.875 1.875 7.5
v -22.5 1.875 7.5
v -21.25 -20.625 7.5
v -21.25 1.875 7.5
v -20.625 -20.625 7.5
v -20.625 1.875 7.5
v -20 -20.625 7.5
v -20 1.875 7.5
v -19.375 -20.625 7.5
v -19.375 1.875 7.5
v -18.75 -20.625 7.5
v -18.75 1.875 7.5
v -18.125 -20.625 7.5
v -18.125 1.875 7.5
v -17.5 -20.625 7.5
v -17.5 1.875 7.5
v -16.875 -20.625 7.5
v -16.875 1.875 7.5
v -16.25 -20.625 7.5
v -16.25 1.875 7.5
v -15.625 -20.625 7.5
v -15.625 1.875 7.5
v -15 -20.625 7.5
v -15 1.875 7.5
v -14.375 -20.625 7.5
v -14.375 1.875 7.5
v -13.75 1.875 7.5
v -13.125 1.875 7.5
v -12.5 1.875 7.5
v -11.875 1.875 7.5
v -11.25 1.875 7.5
v -10.625 1.875 7.5
v -10 1.875 7.5
v -9.375 1.875 7.5
v -8.75 1.875 7.5
v -8.125 1.875 7.5
v -7.5 1.875 7.5
v -6.875 1.875 7.5
v -6.25 1.875 7.5
v -5.625 1.875 7.5
v -5 1.875 7.5
v -4.375 1.875 7.5
v -22.5 -20 7.5
v -22.5 -19.375 7.5
v -22.5 -18.75 7.5
v -22.5 -18.125 7.5
v -22.5 -17.5 7.5
v -22.5 -16.875 7.5
v -22.5 -16.25 7.5
v -22.5 -15.625 7.5
v -22.5 -15 7.5
v -22.5 -14.375 7.5
v -22.5 -13.75 7.5
v -22.5 -13.125 7.5
v -22.5 -12.5 7.5
v -22.5 -11.875 7.5
v -22.5 -11.25 7.5
v -22.5 -10.625 7.5
v -22.5 -10 7.5
v -22.5 -9.375 7.5
v -22.5 -8.75 7.5
v -22.5 -8.125 7.5
v -22.5 -7.5 7.5
v -22.5 -6.875 7.5
v -22.5 -6.25 7.5
v -22.5 -5.625 7.5
v -22.5 -5 7.5
v -22.5 -4.375 7.5
v -22.5 -3.75 7.5
v -22.5 -3.125 7.5
v -22.5 -2.5 7.5
v -22.5 -1.875 7.5
v -22.5 -1.25 7.5
v -22.5 -0.625 7.5
v -22.5 0 7.5
v -22.5 0.625 7.5
v -22.5 1.25 7.5
v 6.875 -10.625 7.5
v 11.25 -2.8125 7.5
v 6.875 5 7.5
v 6.25 5 7.5
v 7.5 -10.625 7.5
v 7.5 5 7.5
v 8.125 -10.625 7.5
v 8.125 5 7.5
v 8.75 -10.625 7.5
v 8.75 5 7.5
v 9.375 -10.625 7.5
v 9.375 5 7.5
v 10 -10.625 7.5
v 10 5 7.5
v 10.625 -10.625 7.5
v 10.625 5 7.5
v 11.25 -10.625 7.5
v 11.25 5 7.5
v 11.875 -10.625 7.5
v 11.875 5 7.5
v 12.5 -10.625 7.5
v 12.5 5 7.5
v 13.125 -10.625 7.5
v 13.125 5 7.5
v 13.75 -10.625 7.5
v 13.75 5 7.5
v 14.375 -10.625 7.5
v 14.375 5 7.5
v 15 -10.625 7.5
v 15 5 7.5
v 15.625 -10.625 7.5
v 15.625 5 7.5
v 16.25 -10.625 7.5
v 16.25 5 7.5
v 16.25 -10 7.5
v 16.25 -9.375 7.5
v 16.25 -8.75 7.5
v 16.25 -8.125 7.5
v 16.25 -7.5 7.5
v 16.25 -6.875 7.5
v 16.25 -6.25 7.5
v 16.25 -5.625 7.5
v 16.25 -5 7.5
v 16.25 -4.375 7.5
v 16.25 -3.75 7.5
v 16.25 -3.125 7.5
v 16.25 -2.5 7.5
v 16.25 -1.875 7.5
v 16.25 -1.25 7.5
v 16.25 -0.625 7.5
v 16.25 0 7.5
v 16.25 0.625 7.5
v 16.25 1.25 7.5
v 16.25 1.875 7.5
v 6.25 2.5 7.5
v 16.25 2.5 7.5
v 6.25 3.125 7.5
v 16.25 3.125 7.5
v 6.25 3.75 7.5
v 16.25 3.75 7.5
v 6.25 4.375 7.5
v 16.25 4.375 7.5
v -33.125 -5.625 7.5
v -32.5 -5.625 7.5
v -27.8125 1.875 7.5
v -32.5 9.375 7.5
v -33.125 9.375 7.5
v -31.875 -5.625 7.5
v -31.875 9.375 7.5
v -31.25 -5.625 7.5
v -31.25 9.375 7.5
v -30.625 -5.625 7.5
v -30.625 9.375 7.5
v -30 -5.625 7.5
v -30 9.375 7.5
v -29.375 -5.625 7.5
v -29.375 9.375 7.5
v -28.75 -5.625 7.5
v -28.75 9.375 7.5
v -28.125 -5.625 7.5
v -28.125 9.375 7.5
v -27.5 -5.625 7.5
v -27.5 9.375 7.5
v -26.875 -5.625 7.5
v -26.875 9.375 7.5
v -26.25 -5.625 7.5
v -26.25 9.375 7.5
v -25.625 -5.625 7.5
v -25.625 9.375 7.5
v -25 -5.625 7.5
v -25 9.375 7.5
v -24.375 -5.625 7.5
v -24.375 9.375 7.5
v -23.75 -5.625 7.5
v -23.75 9.375 7.5
v -23.125 -5.625 7.5
v -23.125 9.375 7.5
v -22.5 9.375 7.5
v -33.125 -5 7.5
v -33.125 -4.375 7.5
v -33.125 -3.75 7.5
v -33.125 -3.125 7.5
v -33.125 -2.5 7.5
v -33.125 -1.875 7.5
v -33.125 -1.25 7.5
v -33.125 -0.625 7.5
v -33.125 0 7.5
v -33.125 0.625 7.5
v -33.125 1.25 7.5
v -33.125 1.875 7.5
v -33.125 2.5 7.5
v -22.5 2.5 7.5
v -33.125 3.125 7.5
v -22.5 3.125 7.5
v -33.125 3.75 7.5
v -22.5 3.75 7.5
v -33.125 4.375 7.5
v -22.5 4.375 7.5
v -33.125 5 7.5
v -22.5 5 7.5
v -33.125 5.625 7.5
v -22.5 5.625 7.5
v -33.125 6.25 7.5
v -22.5 6.25 7.5
v -33.125 6.875 7.5
v -22.5 6.875 7.5
v -33.125 7.5 7.5
v -22.5 7.5 7.5
v -33.125 8.125 7.5
v -22.5 8.125 7.5
v -33.125 8.75 7.5
v -22.5 8.75 7.5
v 16.875 0 7.5
v 21.25 8.125 7.5
v 16.875 16.25 7.5
v 16.25 16.25 7.5
v 17.5 0 7.5
v 17.5 16.25 7.5
v 18.125 0 7.5
v 18.125 16.25 7.5
v 18.75 0 7.5
v 18.75 16.25 7.5
v 19.375 0 7.5
v 19.375 16.25 7.5
v 20 0 7.5
v 20 16.25 7.5
v 20.625 0 7.5
v 20.625 16.25 7.5
v 21.25 0 7.5
v 21.25 16.25 7.5
v 21.875 0 7.5
v 21.875 16.25 7.5
v 22.5 0 7.5
v 22.5 16.25 7.5
v 23.125 0 7.5
v 23.125 16.25 7.5
v 23.75 0 7.5
v 23.75 16.25 7.5
v 24.375 0 7.5
v 24.375 16.25 7.5
v 25 0 7.5
v 25 16.25 7.5
v 25.625 0 7.5
v 25.625 16.25 7.5
v 26.25 0 7.5
v 26.25 16.25 7.5
v 26.25 0.625 7.5
v 26.25 1.25 7.5
v 26.25 1.875 7.5
v 26.25 2.5 7.5
v 26.25 3.125 7.5
v 26.25 3.75 7.5
v 26.25 4.375 7.5
v 26.25 5 7.5
v 16.25 5.625 7.5
v 26.25 5.625 7.5
v 16.25 6.25 7.5
v 26.25 6.25 7.5
v 16.25 6.875 7.5
v 26.25 6.875 7.5
v 16.25 7.5 7.5
v 26.25 7.5 7.5
v 16.25 8.125 7.5
v 26.25 8.125 7.5
v 16.25 8.75 7.5
v 26.25 8.75 7.5
v 16.25 9.375 7.5
v 26.25 9.375 7.5
v 16.25 10 7.5
v 26.25 10 7.5
v 16.25 10.625 7.5
v 26.25 10.625 7.5
v 16.25 11.25 7.5
v 26.25 11.25 7.5
v 16.25 11.875 7.5
v 26.25 11.875 7.5
v 16.25 12.5 7.5
v 26.25 12.5 7.5
v 16.25 13.125 7.5
v 26.25 13.125 7.5
v 16.25 13.75 7.5
v 26.25 13.75 7.5
v 16.25 14.375 7.5
v 26.25 14.375 7.5
v 16.25 15 7.5
v 26.25 15 7.5
v 16.25 15.625 7.5
v 26.25 15.625 7.5
v -42.5 9.375 7.5
v -41.875 9.375 7.5
v -37.5 19.375 7.5
v -41.875 29.375 7.5
v -42.5 29.375 7.5
v -41.25 9.375 7.5
v -41.25 29.375 7.5
v -40.625 9.375 7.5
v -40.625 29.375 7.5
v -40 9.375 7.5
v -40 29.375 7.5
v -39.375 9.375 7.5
v -39.375 29.375 7.5
v -38.75 9.375 7.5
v -38.75 29.375 7.5
v -38.125 9.375 7.5
v -38.125 29.375 7.5
v -37.5 9.375 7.5
v -37.5 29.375 7.5
v -36.875 9.375 7.5
v -36.875 29.375 7.5
v -36.25 9.375 7.5
v -36.25 29.375 7.5
v -35.625 9.375 7.5
v -35.625 29.375 7.5
v -35 9.375 7.5
v -35 29.375 7.5
v -34.375 9.375 7.5
v -34.375 29.375 7.5
v -33.75 9.375 7.5
v -33.75 29.375 7.5
v -33.125 29.375 7.5
v -32.5 29.375 7.5
v -42.5 10 7.5
v -32.5 10 7.5
v -42.5 10.625 7.5
v -32.5 10.625 7.5
v -42.5 11.25 7.5
v -32.5 11.25 7.5
v -42.5 11.875 7.5
v -32.5 11.875 7.5
v -42.5 12.5 7.5
v -32.5 12.5 7.5
v -42.5 13.125 7.5
v -32.5 13.125 7.5
v -42.5 13.75 7.5
v -32.5 13.75 7.5
v -42.5 14.375 7.5
v -32.5 14.375 7.5
v -42.5 15 7.5
v -32.5 15 7.5
v -42.5 15.625 7.5
v -32.5 15.625 7.5
v -42.5 16.25 7.5
v -32.5 16.25 7.5
v -42.5 16.875 7.5
v -32.5 16.875 7.5
v -42.5 17.5 7.5
v -32.5 17.5 7.5
v -42.5 18.125 7.5
v -32.5 18.125 7.5
v -42.5 18.75 7.5
v -32.5 18.75 7.5
v -42.5 19.375 7.5
v -32.5 19.375 7.5
v -42.5 20 7.5
v -32.5 20 7.5
v -42.5 20.625 7.5
v -32.5 20.625 7.5
v -42.5 21.25 7.5
v -32.5 21.25 7.5
v -42.5 21.875 7.5
v -32.5 21.875 7.5
v -42.5 22.5 7.5
v -32.5 22.5 7.5
v -42.5 23.125 7.5
v -32.5 23.125 7.5
v -42.5 23.75 7.5
v -32.5 23.75 7.5
v -42.5 24.375 7.5
v -32.5 24.375 7.5
v -42.5 25 7.5
v -32.5 25 7.5
v -42.5 25.625 7.5
v -32.5 25.625 7.5
v -42.5 26.25 7.5
v -32.5 26.25 7.5
v -42.5 26.875 7.5
v -32.5 26.875 7.5
v -42.5 27.5 7.5
v -32.5 27.5 7.5
v -42.5 28.125 7.5
v -32.5 28.125 7.5
v -42.5 28.75 7.5
v -32.5 28.75 7.5
v 25.9375 25.3125 7.5
v 18.75 34.375 7.5
v 18.125 34.375 7.5
v 19.375 34.375 7.5
v 20 34.375 7.5
v 20.625 34.375 7.5
v 21.25 34.375 7.5
v 21.875 34.375 7.5
v 22.5 34.375 7.5
v 23.125 34.375 7.5
v 23.75 34.375 7.5
v 24.375 34.375 7.5
v 25 34.375 7.5
v 25.625 34.375 7.5
v 26.25 34.375 7.5
v 26.875 16.25 7.5
v 26.875 34.375 7.5
v 27.5 16.25 7.5
v 27.5 34.375 7.5
v 28.125 16.25 7.5
v 28.125 34.375 7.5
v 28.75 16.25 7.5
v 28.75 34.375 7.5
v 29.375 16.25 7.5
v 29.375 34.375 7.5
v 30 16.25 7.5
v 30 34.375 7.5
v 30.625 16.25 7.5
v 30.625 34.375 7.5
v 31.25 16.25 7.5
v 31.25 34.375 7.5
v 31.875 16.25 7.5
v 31.875 34.375 7.5
v 32.5 16.25 7.5
v 32.5 34.375 7.5
v 33.125 16.25 7.5
v 33.125 34.375 7.5
v 33.75 16.25 7.5
v 33.75 34.375 7.5
v 18.125 16.875 7.5
v 33.75 16.875 7.5
v 18.125 17.5 7.5
v 33.75 17.5 7.5
v 18.125 18.125 7.5
v 33.75 18.125 7.5
v 18.125 18.75 7.5
v 33.75 18.75 7.5
v 18.125 19.375 7.5
v 33.75 19.375 7.5
v 18.125 20 7.5
v 33.75 20 7.5
v 18.125 20.625 7.5
v 33.75 20.625 7.5
v 18.125 21.25 7.5
v 33.75 21.25 7.5
v 18.125 21.875 7.5
v 33.75 21.875 7.5
v 18.125 22.5 7.5
v 33.75 22.5 7.5
v 18.125 23.125 7.5
v 33.75 23.125 7.5
v 18.125 23.75 7.5
v 33.75 23.75 7.5
v 18.125 24.375 7.5
v 33.75 24.375 7.5
v 18.125 25 7.5
v 33.75 25 7.5
v 18.125 25.625 7.5
v 33.75 25.625 7.5
v 18.125 26.25 7.5
v 33.75 26.25 7.5
v 18.125 26.875 7.5
v 33.75 26.875 7.5
v 18.125 27.5 7.5
v 33.75 27.5 7.5
v 18.125 28.125 7.5
v 33.75 28.125 7.5
v 18.125 28.75 7.5
v 33.75 28.75 7.5
v 18.125 29.375 7.5
v 33.75 29.375 7.5
v 18.125 30 7.5
v 33.75 30 7.5
v 18.125 30.625 7.5
v 33.75 30.625 7.5
v 18.125 31.25 7.5
v 33.75 31.25 7.5
v 18.125 31.875 7.5
v 33.75 31.875 7.5
v 18.125 32.5 7.5
v 33.75 32.5 7.5
v 18.125 33.125 7.5
v 33.75 33.125 7.5
v 18.125 33.75 7.5
v 33.75 33.75 7.5
v -43.125 29.375 7.5
v -36.25 34.6875 7.5
v -42.5 40 7.5
v -43.125 40 7.5
v -41.875 40 7.5
v -41.25 40 7.5
v -40.625 40 7.5
v -40 40 7.5
v -39.375 40 7.5
v -38.75 40 7.5
v -38.125 40 7.5
v -37.5 40 7.5
v -36.875 40 7.5
v -36.25 40 7.5
v -35.625 40 7.5
v -35 40 7.5
v -34.375 40 7.5
v -33.75 40 7.5
v -33.125 40 7.5
v -32.5 40 7.5
v -31.875 29.375 7.5
v -31.875 40 7.5
v -31.25 29.375 7.5
v -31.25 40 7.5
v -30.625 29.375 7.5
v -30.625 40 7.5
v -30 29.375 7.5
v -30 40 7.5
v -29.375 29.375 7.5
v -29.375 40 7.5
v -43.125 30 7.5
v -29.375 30 7.5
v -43.125 30.625 7.5
v -29.375 30.625 7.5
v -43.125 31.25 7.5
v -29.375 31.25 7.5
v -43.125 31.875 7.5
v -29.375 31.875 7.5
v -43.125 32.5 7.5
v -29.375 32.5 7.5
v -43.125 33.125 7.5
v -29.375 33.125 7.5
v -43.125 33.75 7.5
v -29.375 33.75 7.5
v -43.125 34.375 7.5
v -29.375 34.375 7.5
v -43.125 35 7.5
v -29.375 35 7.5
v -43.125 35.625 7.5
v -29.375 35.625 7.5
v -43.125 36.25 7.5
v -29.375 36.25 7.5
v -43.125 36.875 7.5
v -29.375 36.875 7.5
v -43.125 37.5 7.5
v -29.375 37.5 7.5
v -43.125 38.125 7.5
v -29.375 38.125 7.5
v -43.125 38.75 7.5
v -29.375 38.75 7.5
v -43.125 39.375 7.5
v -29.375 39.375 7.5
v 16.25 34.375 7.5
v 16.875 34.375 7.5
v 21.25 42.1875 7.5
v 16.875 50 7.5
v 16.25 50 7.5
v 17.5 34.375 7.5
v 17.5 50 7.5
v 18.125 50 7.5
v 18.75 50 7.5
v 19.375 50 7.5
v 20 50 7.5
v 20.625 50 7.5
v 21.25 50 7.5
v 21.875 50 7.5
v 22.5 50 7.5
v 23.125 50 7.5
v 23.75 50 7.5
v 24.375 50 7.5
v 25 50 7.5
v 25.625 50 7.5
v 26.25 50 7.5
v 16.25 35 7.5
v 26.25 35 7.5
v 16.25 35.625 7.5
v 26.25 35.625 7.5
v 16.25 36.25 7.5
v 26.25 36.25 7.5
v 16.25 36.875 7.5
v 26.25 36.875 7.5
v 16.25 37.5 7.5
v 26.25 37.5 7.5
v 16.25 38.125 7.5
v 26.25 38.125 7.5
v 16.25 38.75 7.5
v 26.25 38.75 7.5
v 16.25 39.375 7.5
v 26.25 39.375 7.5
v 16.25 40 7.5
v 26.25 40 7.5
v 16.25 40.625 7.5
v 26.25 40.625 7.5
v 16.25 41.25 7.5
v 26.25 41.25 7.5
v 16.25 41.875 7.5
v 26.25 41.875 7.5
v 16.25 42.5 7.5
v 26.25 42.5 7.5
v 16.25 43.125 7.5
v 26.25 43.125 7.5
v 16.25 43.75 7.5
v 26.25 43.75 7.5
v 16.25 44.375 7.5
v 26.25 44.375 7.5
v 16.25 45 7.5
v 26.25 45 7.5
v 16.25 45.625 7.5
v 26.25 45.625 7.5
v 16.25 46.25 7.5
v 26.25 46.25 7.5
v 16.25 46.875 7.5
v 26.25 46.875 7.5
v 16.25 47.5 7.5
v 26.25 47.5 7.5
v 16.25 48.125 7.5
v 26.25 48.125 7.5
v 16.25 48.75 7.5
v 26.25 48.75 7.5
v 16.25 49.375 7.5
v 26.25 49.375 7.5
v -30.625 45 7.5
v -36.875 50 7.5
v -37.5 50 7.5
v -36.25 50 7.5
v -35.625 50 7.5
v -35 50 7.5
v -34.375 50 7.5
v -33.75 50 7.5
v -33.125 50 7.5
v -32.5 50 7.5
v -31.875 50 7.5
v -31.25 50 7.5
v -30.625 50 7.5
v -30 50 7.5
v -29.375 50 7.5
v -28.75 40 7.5
v -28.75 50 7.5
v -28.125 40 7.5
v -28.125 50 7.5
v -27.5 40 7.5
v -27.5 50 7.5
v -26.875 40 7.5
v -26.875 50 7.5
v -26.25 40 7.5
v -26.25 50 7.5
v -25.625 40 7.5
v -25.625 50 7.5
v -25 40 7.5
v -25 50 7.5
v -24.375 40 7.5
v -24.375 50 7.5
v -23.75 40 7.5
v -23.75 50 7.5
v -37.5 40.625 7.5
v -23.75 40.625 7.5
v -37.5 41.25 7.5
v -23.75 41.25 7.5
v -37.5 41.875 7.5
v -23.75 41.875 7.5
v -37.5 42.5 7.5
v -23.75 42.5 7.5
v -37.5 43.125 7.5
v -23.75 43.125 7.5
v -37.5 43.75 7.5
v -23.75 43.75 7.5
v -37.5 44.375 7.5
v -23.75 44.375 7.5
v -37.5 45 7.5
v -23.75 45 7.5
v -37.5 45.625 7.5
v -23.75 45.625 7.5
v -37.5 46.25 7.5
v -23.75 46.25 7.5
v -37.5 46.875 7.5
v -23.75 46.875 7.5
v -37.5 47.5 7.5
v -23.75 47.5 7.5
v -37.5 48.125 7.5
v -23.75 48.125 7.5
v -37.5 48.75 7.5
v -23.75 48.75 7.5
v -37.5 49.375 7.5
v -23.75 49.375 7.5
v 5.625 45.625 7.5
v 6.25 45.625 7.5
v 10.9375 52.1875 7.5
v 6.25 58.75 7.5
v 5.625 58.75 7.5
v 6.875 45.625 7.5
v 6.875 58.75 7.5
v 7.5 45.625 7.5
v 7.5 58.75 7.5
v 8.125 45.625 7.5
v 8.125 58.75 7.5
v 8.75 45.625 7.5
v 8.75 58.75 7.5
v 9.375 45.625 7.5
v 9.375 58.75 7.5
v 10 45.625 7.5
v 10 58.75 7.5
v 10.625 45.625 7.5
v 10.625 58.75 7.5
v 11.25 45.625 7.5
v 11.25 58.75 7.5
v 11.875 45.625 7.5
v 11.875 58.75 7.5
v 12.5 45.625 7.5
v 12.5 58.75 7.5
v 13.125 45.625 7.5
v 13.125 58.75 7.5
v 13.75 45.625 7.5
v 13.75 58.75 7.5
v 14.375 45.625 7.5
v 14.375 58.75 7.5
v 15 45.625 7.5
v 15 58.75 7.5
v 15.625 45.625 7.5
v 15.625 58.75 7.5
v 16.25 58.75 7.5
v 5.625 46.25 7.5
v 5.625 46.875 7.5
v 5.625 47.5 7.5
v 5.625 48.125 7.5
v 5.625 48.75 7.5
v 5.625 49.375 7.5
v 5.625 50 7.5
v 5.625 50.625 7.5
v 16.25 50.625 7.5
v 5.625 51.25 7.5
v 16.25 51.25 7.5
v 5.625 51.875 7.5
v 16.25 51.875 7.5
v 5.625 52.5 7.5
v 16.25 52.5 7.5
v 5.625 53.125 7.5
v 16.25 53.125 7.5
v 5.625 53.75 7.5
v 16.25 53.75 7.5
v 5.625 54.375 7.5
v 16.25 54.375 7.5
v 5.625 55 7.5
v 16.25 55 7.5
v 5.625 55.625 7.5
v 16.25 55.625 7.5
v 5.625 56.25 7.5
v 16.25 56.25 7.5
v 5.625 56.875 7.5
v 16.25 56.875 7.5
v 5.625 57.5 7.5
v 16.25 57.5 7.5
v 5.625 58.125 7.5
v 16.25 58.125 7.5
v -23.125 47.5 7.5
v -18.125 54.375 7.5
v -23.125 61.25 7.5
v -23.75 61.25 7.5
v -22.5 47.5 7.5
v -22.5 61.25 7.5
v -21.875 47.5 7.5
v -21.875 61.25 7.5
v -21.25 47.5 7.5
v -21.25 61.25 7.5
v -20.625 47.5 7.5
v -20.625 61.25 7.5
v -20 47.5 7.5
v -20 61.25 7.5
v -19.375 47.5 7.5
v -19.375 61.25 7.5
v -18.75 47.5 7.5
v -18.75 61.25 7.5
v -18.125 47.5 7.5
v -18.125 61.25 7.5
v -17.5 47.5 7.5
v -17.5 61.25 7.5
v -16.875 47.5 7.5
v -16.875 61.25 7.5
v -16.25 47.5 7.5
v -16.25 61.25 7.5
v -15.625 47.5 7.5
v -15.625 61.25 7.5
v -15 47.5 7.5
v -15 61.25 7.5
v -14.375 47.5 7.5
v -14.375 61.25 7.5
v -13.75 47.5 7.5
v -13.75 61.25 7.5
v -13.125 47.5 7.5
v -13.125 61.25 7.5
v -12.5 47.5 7.5
v -12.5 61.25 7.5
v -12.5 48.125 7.5
v -12.5 48.75 7.5
v -12.5 49.375 7.5
v -12.5 50 7.5
v -23.75 50.625 7.5
v -12.5 50.625 7.5
v -23.75 51.25 7.5
v -12.5 51.25 7.5
v -23.75 51.875 7.5
v -12.5 51.875 7.5
v -23.75 52.5 7.5
v -12.5 52.5 7.5
v -23.75 53.125 7.5
v -12.5 53.125 7.5
v -23.75 53.75 7.5
v -12.5 53.75 7.5
v -23.75 54.375 7.5
v -12.5 54.375 7.5
v -23.75 55 7.5
v -12.5 55 7.5
v -23.75 55.625 7.5
v -12.5 55.625 7.5
v -23.75 56.25 7.5
v -12.5 56.25 7.5
v -23.75 56.875 7.5
v -12.5 56.875 7.5
v -23.75 57.5 7.5
v -12.5 57.5 7.5
v -23.75 58.125 7.5
v -12.5 58.125 7.5
v -23.75 58.75 7.5
v -12.5 58.75 7.5
v -23.75 59.375 7.5
v -12.5 59.375 7.5
v -23.75 60 7.5
v -12.5 60 7.5
v -23.75 60.625 7.5
v -12.5 60.625 7.5
v -11.875 48.75 7.5
v -3.4375 56.25 7.5
v -11.875 63.75 7.5
v -12.5 63.75 7.5
v -11.25 48.75 7.5
v -11.25 63.75 7.5
v -10.625 48.75 7.5
v -10.625 63.75 7.5
v -10 48.75 7.5
v -10 63.75 7.5
v -9.375 48.75 7.5
v -9.375 63.75 7.5
v -8.75 48.75 7.5
v -8.75 63.75 7.5
v -8.125 48.75 7.5
v -8.125 63.75 7.5
v -7.5 48.75 7.5
v -7.5 63.75 7.5
v -6.875 48.75 7.5
v -6.875 63.75 7.5
v -6.25 48.75 7.5
v -6.25 63.75 7.5
v -5.625 48.75 7.5
v -5.625 63.75 7.5
v -5 48.75 7.5
v -5 63.75 7.5
v -4.375 48.75 7.5
v -4.375 63.75 7.5
v -3.75 48.75 7.5
v -3.75 63.75 7.5
v -3.125 48.75 7.5
v -3.125 63.75 7.5
v -2.5 48.75 7.5
v -2.5 63.75 7.5
v -1.875 48.75 7.5
v -1.875 63.75 7.5
v -1.25 48.75 7.5
v -1.25 63.75 7.5
v -0.625 48.75 7.5
v -0.625 63.75 7.5
v 0 48.75 7.5
v 0 63.75 7.5
v 0.625 48.75 7.5
v 0.625 63.75 7.5
v 1.25 48.75 7.5
v 1.25 63.75 7.5
v 1.875 48.75 7.5
v 1.875 63.75 7.5
v 2.5 48.75 7.5
v 2.5 63.75 7.5
v 3.125 48.75 7.5
v 3.125 63.75 7.5
v 3.75 48.75 7.5
v 3.75 63.75 7.5
v 4.375 48.75 7.5
v 4.375 63.75 7.5
v 5 48.75 7.5
v 5 63.75 7.5
v 5.625 63.75 7.5
v 5.625 59.375 7.5
v 5.625 60 7.5
v 5.625 60.625 7.5
v 5.625 61.25 7.5
v -12.5 61.875 7.5
v 5.625 61.875 7.5
v -12.5 62.5 7.5
v 5.625 62.5 7.5
v -12.5 63.125 7.5
v 5.625 63.125 7.5
v -3.125 -28.75 7.5
v -0.625 -25.625 7.5
v -2.5 -28.75 7.5
v -1.875 -28.75 7.5
v -1.25 -28.75 7.5
v -0.625 -28.75 7.5
v 0 -28.75 7.5
v 0.625 -28.75 7.5
v 1.25 -28.75 7.5
v 1.875 -28.75 7.5
v 2.5 -28.75 7.5
v 2.5 -28.125 7.5
v 2.5 -27.5 7.5
v 2.5 -26.875 7.5
v 2.5 -26.25 7.5
v 2.5 -25.625 7.5
v 2.5 -25 7.5
v 2.5 -24.375 7.5
v 2.5 -23.75 7.5
v 2.5 -23.125 7.5
v -27.5 53.125 7.5
v -30.625 56.25 7.5
v -31.25 56.25 7.5
v -30 56.25 7.5
v -29.375 56.25 7.5
v -28.75 56.25 7.5
v -28.125 56.25 7.5
v -27.5 56.25 7.5
v -26.875 56.25 7.5
v -26.25 56.25 7.5
v -25.625 56.25 7.5
v -25 56.25 7.5
v -24.375 56.25 7.5
v -31.25 50.625 7.5
v -31.25 51.25 7.5
v -31.25 51.875 7.5
v -31.25 52.5 7.5
v -31.25 53.125 7.5
v -31.25 53.75 7.5
v -31.25 54.375 7.5
v -31.25 55 7.5
v -31.25 55.625 7.5
v -11.875 -46.875 7.5
v -11.25 -46.875 7.5
v -9.375 -43.75 7.5
v -10.625 -46.875 7.5
v -10 -46.875 7.5
v -9.375 -46.875 7.5
v -8.75 -46.875 7.5
v -8.125 -46.875 7.5
v -7.5 -46.875 7.5
v -6.875 -46.875 7.5
v -11.875 -46.25 7.5
v -6.875 -46.25 7.5
v -11.875 -45.625 7.5
v -6.875 -45.625 7.5
v -11.875 -45 7.5
v -6.875 -45 7.5
v -11.875 -44.375 7.5
v -6.875 -44.375 7.5
v -11.875 -43.75 7.5
v -6.875 -43.75 7.5
v -11.875 -43.125 7.5
v -6.875 -43.125 7.5
v -11.875 -42.5 7.5
v -6.875 -42.5 7.5
v -11.875 -41.875 7.5
v -6.875 -41.875 7.5
v -11.875 -41.25 7.5
v -6.875 -41.25 7.5
v -18.75 -28.125 7.5
v -18.125 -28.125 7.5
v -16.25 -24.375 7.5
v -17.5 -28.125 7.5
v -16.875 -28.125 7.5
v -16.25 -28.125 7.5
v -15.625 -28.125 7.5
v -15 -28.125 7.5
v -14.375 -28.125 7.5
v -18.75 -27.5 7.5
v -18.75 -26.875 7.5
v -18.75 -26.25 7.5
v -18.75 -25.625 7.5
v -18.75 -25 7.5
v -18.75 -24.375 7.5
v -18.75 -23.75 7.5
v -18.75 -23.125 7.5
v -18.75 -22.5 7.5
v -18.75 -21.875 7.5
v -18.75 -21.25 7.5
v 6.875 -16.25 7.5
v 8.75 -13.4375 7.5
v 7.5 -16.25 7.5
v 8.125 -16.25 7.5
v 8.75 -16.25 7.5
v 9.375 -16.25 7.5
v 10 -16.25 7.5
v 10.625 -16.25 7.5
v 11.25 -16.25 7.5
v 11.25 -15.625 7.5
v 11.25 -15 7.5
v 11.25 -14.375 7.5
v 11.25 -13.75 7.5
v 11.25 -13.125 7.5
v 11.25 -12.5 7.5
v 11.25 -11.875 7.5
v 11.25 -11.25 7.5
v -27.5 -13.125 7.5
v -26.875 -13.125 7.5
v -25 -9.375 7.5
v -26.25 -13.125 7.5
v -25.625 -13.125 7.5
v -25 -13.125 7.5
v -24.375 -13.125 7.5
v -23.75 -13.125 7.5
v -23.125 -13.125 7.5
v -27.5 -12.5 7.5
v -27.5 -11.875 7.5
v -27.5 -11.25 7.5
v -27.5 -10.625 7.5
v -27.5 -10 7.5
v -27.5 -9.375 7.5
v -27.5 -8.75 7.5
v -27.5 -8.125 7.5
v -27.5 -7.5 7.5
v -27.5 -6.875 7.5
v -27.5 -6.25 7.5
v 16.875 -5 7.5
v 18.75 -2.5 7.5
v 17.5 -5 7.5
v 18.125 -5 7.5
v 18.75 -5 7.5
v 19.375 -5 7.5
v 20 -5 7.5
v 20.625 -5 7.5
v 21.25 -5 7.5
v 21.25 -4.375 7.5
v 21.25 -3.75 7.5
v 21.25 -3.125 7.5
v 21.25 -2.5 7.5
v 21.25 -1.875 7.5
v 21.25 -1.25 7.5
v 21.25 -0.625 7.5
v -38.75 1.875 7.5
v -38.125 1.875 7.5
v -35.9375 5.625 7.5
v -37.5 1.875 7.5
v -36.875 1.875 7.5
v -36.25 1.875 7.5
v -35.625 1.875 7.5
v -35 1.875 7.5
v -34.375 1.875 7.5
v -33.75 1.875 7.5
v -38.75 2.5 7.5
v -38.75 3.125 7.5
v -38.75 3.75 7.5
v -38.75 4.375 7.5
v -38.75 5 7.5
v -38.75 5.625 7.5
v -38.75 6.25 7.5
v -38.75 6.875 7.5
v -38.75 7.5 7.5
v -38.75 8.125 7.5
v -38.75 8.75 7.5
v 26.875 8.125 7.5
v 28.75 12.1875 7.5
v 27.5 8.125 7.5
v 28.125 8.125 7.5
v 28.75 8.125 7.5
v 29.375 8.125 7.5
v 30 8.125 7.5
v 30.625 8.125 7.5
v 31.25 8.125 7.5
v 31.25 8.75 7.5
v 31.25 9.375 7.5
v 31.25 10 7.5
v 31.25 10.625 7.5
v 31.25 11.25 7.5
v 31.25 11.875 7.5
v 31.25 12.5 7.5
v 31.25 13.125 7.5
v 31.25 13.75 7.5
v 31.25 14.375 7.5
v 31.25 15 7.5
v 31.25 15.625 7.5
v -30 13.125 7.5
v -31.875 16.875 7.5
v -31.25 16.875 7.5
v -30.625 16.875 7.5
v -30 16.875 7.5
v -29.375 16.875 7.5
v -28.75 16.875 7.5
v -28.125 16.875 7.5
v -27.5 16.875 7.5
v -27.5 10 7.5
v -27.5 10.625 7.5
v -27.5 11.25 7.5
v -27.5 11.875 7.5
v -27.5 12.5 7.5
v -27.5 13.125 7.5
v -27.5 13.75 7.5
v -27.5 14.375 7.5
v -27.5 15 7.5
v -27.5 15.625 7.5
v -27.5 16.25 7.5
v 28.75 37.8125 7.5
v 26.875 41.25 7.5
v 27.5 41.25 7.5
v 28.125 41.25 7.5
v 28.75 41.25 7.5
v 29.375 41.25 7.5
v 30 41.25 7.5
v 30.625 41.25 7.5
v 31.25 41.25 7.5
v 31.25 35 7.5
v 31.25 35.625 7.5
v 31.25 36.25 7.5
v 31.25 36.875 7.5
v 31.25 37.5 7.5
v 31.25 38.125 7.5
v 31.25 38.75 7.5
v 31.25 39.375 7.5
v 31.25 40 7.5
v 31.25 40.625 7.5
v 18.75 52.5 7.5
v 16.875 55 7.5
v 17.5 55 7.5
v 18.125 55 7.5
v 18.75 55 7.5
v 19.375 55 7.5
v 20 55 7.5
v 20.625 55 7.5
v 21.25 55 7.5
v 21.25 50.625 7.5
v 21.25 51.25 7.5
v 21.25 51.875 7.5
v 21.25 52.5 7.5
v 21.25 53.125 7.5
v 21.25 53.75 7.5
v 21.25 54.375 7.5
v -3.125 -33.75 7.5
v -1.875 -31.25 7.5
v -2.5 -33.75 7.5
v -1.875 -33.75 7.5
v -1.25 -33.75 7.5
v -0.625 -33.75 7.5
v 0 -33.75 7.5
v 0 -33.125 7.5
v 0 -32.5 7.5
v 0 -31.875 7.5
v 0 -31.25 7.5
v 0 -30.625 7.5
v 0 -30 7.5
v 0 -29.375 7.5
v -20.625 4.0625 7.5
v -21.875 6.25 7.5
v -21.25 6.25 7.5
v -20.625 6.25 7.5
v -20 6.25 7.5
v -19.375 6.25 7.5
v -18.75 6.25 7.5
v -18.75 2.5 7.5
v -18.75 3.125 7.5
v -18.75 3.75 7.5
v -18.75 4.375 7.5
v -18.75 5 7.5
v -18.75 5.625 7.5
v 13.75 7.1875 7.5
v 11.875 9.375 7.5
v 11.25 9.375 7.5
v 12.5 9.375 7.5
v 13.125 9.375 7.5
v 13.75 9.375 7.5
v 14.375 9.375 7.5
v 15 9.375 7.5
v 15.625 9.375 7.5
v 11.25 5.625 7.5
v 11.25 6.25 7.5
v 11.25 6.875 7.5
v 11.25 7.5 7.5
v 11.25 8.125 7.5
v 11.25 8.75 7.5
v -30.625 18.75 7.5
v -31.875 20.625 7.5
v -31.25 20.625 7.5
v -30.625 20.625 7.5
v -30 20.625 7.5
v -29.375 20.625 7.5
v -28.75 20.625 7.5
v -28.75 17.5 7.5
v -28.75 18.125 7.5
v -28.75 18.75 7.5
v -28.75 19.375 7.5
v -28.75 20 7.5
v -39.375 41.875 7.5
v -40.625 43.75 7.5
v -41.25 43.75 7.5
v -40 43.75 7.5
v -39.375 43.75 7.5
v -38.75 43.75 7.5
v -38.125 43.75 7.5
v -41.25 40.625 7.5
v -41.25 41.25 7.5
v -41.25 41.875 7.5
v -41.25 42.5 7.5
v -41.25 43.125 7.5
v 12.5 40.625 7.5
v 13.125 40.625 7.5
v 14.375 43.125 7.5
v 13.75 40.625 7.5
v 14.375 40.625 7.5
v 15 40.625 7.5
v 15.625 40.625 7.5
v 12.5 41.25 7.5
v 12.5 41.875 7.5
v 12.5 42.5 7.5
v 12.5 43.125 7.5
v 12.5 43.75 7.5
v 12.5 44.375 7.5
v 12.5 45 7.5
v -23.125 43.75 7.5
v -21.875 45.625 7.5
v -22.5 43.75 7.5
v -21.875 43.75 7.5
v -21.25 43.75 7.5
v -20.625 43.75 7.5
v -20 43.75 7.5
v -20 44.375 7.5
v -20 45 7.5
v -20 45.625 7.5
v -20 46.25 7.5
v -20 46.875 7.5
v 7.5 60.625 7.5
v 6.25 62.5 7.5
v 6.875 62.5 7.5
v 7.5 62.5 7.5
v 8.125 62.5 7.5
v 8.75 62.5 7.5
v 9.375 62.5 7.5
v 9.375 59.375 7.5
v 9.375 60 7.5
v 9.375 60.625 7.5
v 9.375 61.25 7.5
v 9.375 61.875 7.5
v -11.25 -49.375 7.5
v -10.625 -49.375 7.5
v -9.6875 -48.125 7.5
v -10 -49.375 7.5
v -9.375 -49.375 7.5
v -8.75 -49.375 7.5
v -8.125 -49.375 7.5
v -11.25 -48.75 7.5
v -8.125 -48.75 7.5
v -11.25 -48.125 7.5
v -8.125 -48.125 7.5
v -11.25 -47.5 7.5
v -8.125 -47.5 7.5
v -16.25 -35 7.5
v -15.625 -35 7.5
v -15 -31.5625 7.5
v -15 -35 7.5
v -14.375 -35 7.5
v -16.25 -34.375 7.5
v -16.25 -33.75 7.5
v -16.25 -33.125 7.5
v -16.25 -32.5 7.5
v -16.25 -31.875 7.5
v -16.25 -31.25 7.5
v -16.25 -30.625 7.5
v -16.25 -30 7.5
v -16.25 -29.375 7.5
v -16.25 -28.75 7.5
v -21.25 -23.125 7.5
v -20.625 -23.125 7.5
v -20 -21.875 7.5
v -20 -23.125 7.5
v -19.375 -23.125 7.5
v -21.25 -22.5 7.5
v -21.25 -21.875 7.5
v -21.25 -21.25 7.5
v 6.875 -18.75 7.5
v 7.8125 -17.5 7.5
v 7.5 -18.75 7.5
v 8.125 -18.75 7.5
v 8.75 -18.75 7.5
v 9.375 -18.75 7.5
v 9.375 -18.125 7.5
v 9.375 -17.5 7.5
v 9.375 -16.875 7.5
v -25 -16.875 7.5
v -24.375 -16.875 7.5
v -23.75 -15 7.5
v -23.75 -16.875 7.5
v -23.125 -16.875 7.5
v -25 -16.25 7.5
v -25 -15.625 7.5
v -25 -15 7.5
v -25 -14.375 7.5
v -25 -13.75 7.5
v 11.875 -13.125 7.5
v 12.5 -11.875 7.5
v 12.5 -13.125 7.5
v 13.125 -13.125 7.5
v 13.75 -13.125 7.5
v 13.75 -12.5 7.5
v 13.75 -11.875 7.5
v 13.75 -11.25 7.5
v -30 -9.375 7.5
v -29.375 -9.375 7.5
v -28.75 -7.5 7.5
v -28.75 -9.375 7.5
v -28.125 -9.375 7.5
v -30 -8.75 7.5
v -30 -8.125 7.5
v -30 -7.5 7.5
v -30 -6.875 7.5
v -30 -6.25 7.5
v 16.875 -7.5 7.5
v 17.8125 -6.25 7.5
v 17.5 -7.5 7.5
v 18.125 -7.5 7.5
v 18.75 -7.5 7.5
v 19.375 -7.5 7.5
v 19.375 -6.875 7.5
v 19.375 -6.25 7.5
v 19.375 -5.625 7.5
v -35.625 -1.875 7.5
v -35 -1.875 7.5
v -34.375 0 7.5
v -34.375 -1.875 7.5
v -33.75 -1.875 7.5
v -35.625 -1.25 7.5
v -35.625 -0.625 7.5
v -35.625 0 7.5
v -35.625 0.625 7.5
v -35.625 1.25 7.5
v -17.5 3.125 7.5
v -18.125 4.375 7.5
v -17.5 4.375 7.5
v -16.875 4.375 7.5
v -16.25 4.375 7.5
v -16.25 2.5 7.5
v -16.25 3.125 7.5
v -16.25 3.75 7.5
v 26.875 3.75 7.5
v 27.5 5.9375 7.5
v 27.5 3.75 7.5
v 28.125 3.75 7.5
v 28.75 3.75 7.5
v 28.75 4.375 7.5
v 28.75 5 7.5
v 28.75 5.625 7.5
v 28.75 6.25 7.5
v 28.75 6.875 7.5
v 28.75 7.5 7.5
v -41.25 6.25 7.5
v -40.625 6.25 7.5
v -40 7.8125 7.5
v -40 6.25 7.5
v -39.375 6.25 7.5
v -41.25 6.875 7.5
v -41.25 7.5 7.5
v -41.25 8.125 7.5
v -41.25 8.75 7.5
v -26.25 10.625 7.5
v -26.875 11.875 7.5
v -26.25 11.875 7.5
v -25.625 11.875 7.5
v -25 11.875 7.5
v -25 10 7.5
v -25 10.625 7.5
v -25 11.25 7.5
v 15 10.625 7.5
v 14.375 11.875 7.5
v 13.75 11.875 7.5
v 15 11.875 7.5
v 15.625 11.875 7.5
v 13.75 10 7.5
v 13.75 10.625 7.5
v 13.75 11.25 7.5
v -45 16.875 7.5
v -44.375 16.875 7.5
v -43.75 19.375 7.5
v -44.375 21.875 7.5
v -45 21.875 7.5
v -43.75 16.875 7.5
v -43.75 21.875 7.5
v -43.125 16.875 7.5
v -43.125 21.875 7.5
v -45 17.5 7.5
v -45 18.125 7.5
v -45 18.75 7.5
v -45 19.375 7.5
v -45 20 7.5
v -45 20.625 7.5
v -45 21.25 7.5
v -30.9375 25 7.5
v -29.375 21.25 7.5
v -29.375 21.875 7.5
v -29.375 22.5 7.5
v -29.375 23.125 7.5
v -29.375 23.75 7.5
v -29.375 24.375 7.5
v -29.375 25 7.5
v -29.375 25.625 7.5
v -29.375 26.25 7.5
v -29.375 26.875 7.5
v -29.375 27.5 7.5
v -29.375 28.125 7.5
v -29.375 28.75 7.5
v -45.625 21.875 7.5
v -44.0625 25.625 7.5
v -45 29.375 7.5
v -45.625 29.375 7.5
v -44.375 29.375 7.5
v -43.75 29.375 7.5
v -45.625 22.5 7.5
v -45.625 23.125 7.5
v -45.625 23.75 7.5
v -45.625 24.375 7.5
v -45.625 25 7.5
v -45.625 25.625 7.5
v -45.625 26.25 7.5
v -45.625 26.875 7.5
v -45.625 27.5 7.5
v -45.625 28.125 7.5
v -45.625 28.75 7.5
v -28.75 35.625 7.5
v -28.125 37.8125 7.5
v -28.125 35.625 7.5
v -27.5 35.625 7.5
v -26.875 35.625 7.5
v -26.875 36.25 7.5
v -26.875 36.875 7.5
v -26.875 37.5 7.5
v -26.875 38.125 7.5
v -26.875 38.75 7.5
v -26.875 39.375 7.5
v 13.75 38.125 7.5
v 14.375 38.125 7.5
v 15 39.375 7.5
v 15 38.125 7.5
v 15.625 38.125 7.5
v 13.75 38.75 7.5
v 13.75 39.375 7.5
v 13.75 40 7.5
v 27.5 44.0625 7.5
v 26.875 46.875 7.5
v 27.5 46.875 7.5
v 28.125 46.875 7.5
v 28.75 46.875 7.5
v 28.75 41.875 7.5
v 28.75 42.5 7.5
v 28.75 43.125 7.5
v 28.75 43.75 7.5
v 28.75 44.375 7.5
v 28.75 45 7.5
v 28.75 45.625 7.5
v 28.75 46.25 7.5
v 10 42.5 7.5
v 10.625 42.5 7.5
v 11.25 44.0625 7.5
v 11.25 42.5 7.5
v 11.875 42.5 7.5
v 10 43.125 7.5
v 10 43.75 7.5
v 10 44.375 7.5
v 10 45 7.5
v -38.75 45 7.5
v -39.375 46.25 7.5
v -40 46.25 7.5
v -38.75 46.25 7.5
v -38.125 46.25 7.5
v -40 44.375 7.5
v -40 45 7.5
v -40 45.625 7.5
v -33.125 51.25 7.5
v -34.375 52.5 7.5
v -35 52.5 7.5
v -33.75 52.5 7.5
v -33.125 52.5 7.5
v -32.5 52.5 7.5
v -31.875 52.5 7.5
v -35 50.625 7.5
v -35 51.25 7.5
v -35 51.875 7.5
v 22.5 51.25 7.5
v 21.875 52.5 7.5
v 22.5 52.5 7.5
v 23.125 52.5 7.5
v 23.75 52.5 7.5
v 23.75 50.625 7.5
v 23.75 51.25 7.5
v 23.75 51.875 7.5
v 17.5 56.25 7.5
v 16.875 57.5 7.5
v 17.5 57.5 7.5
v 18.125 57.5 7.5
v 18.75 57.5 7.5
v 18.75 55.625 7.5
v 18.75 56.25 7.5
v 18.75 56.875 7.5
v -25.9375 57.5 7.5
v -27.5 58.75 7.5
v -28.125 58.75 7.5
v -26.875 58.75 7.5
v -26.25 58.75 7.5
v -25.625 58.75 7.5
v -25 58.75 7.5
v -24.375 58.75 7.5
v -28.125 56.875 7.5
v -28.125 57.5 7.5
v -28.125 58.125 7.5
v 10.625 60 7.5
v 10 61.25 7.5
v 10.625 61.25 7.5
v 11.25 61.25 7.5
v 11.875 61.25 7.5
v 11.875 59.375 7.5
v 11.875 60 7.5
v 11.875 60.625 7.5
v -15.3125 62.5 7.5
v -17.5 63.75 7.5
v -18.125 63.75 7.5
v -16.875 63.75 7.5
v -16.25 63.75 7.5
v -15.625 63.75 7.5
v -15 63.75 7.5
v -14.375 63.75 7.5
v -13.75 63.75 7.5
v -13.125 63.75 7.5
v -18.125 61.875 7.5
v -18.125 62.5 7.5
v -18.125 63.125 7.5
v -10.625 -51.25 7.5
v -10 -51.25 7.5
v -9.6875 -50.3125 7.5
v -9.375 -51.25 7.5
v -8.75 -51.25 7.5
v -10.625 -50.625 7.5
v -8.75 -50.625 7.5
v -10.625 -50 7.5
v -8.75 -50 7.5
v -6.25 -43.125 7.5
v -5.9375 -41.875 7.5
v -5.625 -43.125 7.5
v -5 -43.125 7.5
v -5 -42.5 7.5
v -5 -41.875 7.5
v -5 -41.25 7.5
v -3.125 -36.875 7.5
v -2.8125 -35.3125 7.5
v -2.5 -36.875 7.5
v -1.875 -36.875 7.5
v -1.875 -36.25 7.5
v -1.875 -35.625 7.5
v -1.875 -35 7.5
v -1.875 -34.375 7.5
v -18.125 -30 7.5
v -17.5 -30 7.5
v -17.1875 -29.0625 7.5
v -16.875 -30 7.5
v -18.125 -29.375 7.5
v -18.125 -28.75 7.5
v 3.125 -25.625 7.5
v 3.4375 -24.0625 7.5
v 3.75 -25.625 7.5
v 4.375 -25.625 7.5
v 4.375 -25 7.5
v 4.375 -24.375 7.5
v 4.375 -23.75 7.5
v 4.375 -23.125 7.5
v 6.875 -20.625 7.5
v 7.1875 -19.6875 7.5
v 7.5 -20.625 7.5
v 8.125 -20.625 7.5
v 8.125 -20 7.5
v 8.125 -19.375 7.5
v 21.875 -3.125 7.5
v 22.1875 -1.5625 7.5
v 22.5 -3.125 7.5
v 23.125 -3.125 7.5
v 23.125 -2.5 7.5
v 23.125 -1.875 7.5
v 23.125 -1.25 7.5
v 23.125 -0.625 7.5
v -15.3125 2.8125 7.5
v -15.625 3.75 7.5
v -15 3.75 7.5
v -14.375 3.75 7.5
v -14.375 2.5 7.5
v -14.375 3.125 7.5
v 5 2.8125 7.5
v 4.375 3.75 7.5
v 3.75 3.75 7.5
v 5 3.75 7.5
v 5.625 3.75 7.5
v 3.75 2.5 7.5
v 3.75 3.125 7.5
v 10.3125 6.25 7.5
v 10 7.5 7.5
v 9.375 7.5 7.5
v 10.625 7.5 7.5
v 9.375 5.625 7.5
v 9.375 6.25 7.5
v 9.375 6.875 7.5
v 31.875 13.125 7.5
v 32.1875 14.6875 7.5
v 32.5 13.125 7.5
v 33.125 13.125 7.5
v 33.125 13.75 7.5
v 33.125 14.375 7.5
v 33.125 15 7.5
v 33.125 15.625 7.5
v -44.375 14.375 7.5
v -43.75 14.375 7.5
v -43.4375 15.625 7.5
v -43.125 14.375 7.5
v -44.375 15 7.5
v -44.375 15.625 7.5
v -44.375 16.25 7.5
v -44.0625 31.875 7.5
v -44.375 34.375 7.5
v -45 34.375 7.5
v -43.75 34.375 7.5
v -45 30 7.5
v -45 30.625 7.5
v -45 31.25 7.5
v -45 31.875 7.5
v -45 32.5 7.5
v -45 33.125 7.5
v -45 33.75 7.5
v -28.75 33.75 7.5
v -28.4375 34.6875 7.5
v -28.125 33.75 7.5
v -27.5 33.75 7.5
v -27.5 34.375 7.5
v -27.5 35 7.5
v 32.1875 35.3125 7.5
v 31.875 36.25 7.5
v 32.5 36.25 7.5
v 33.125 36.25 7.5
v 33.125 35 7.5
v 33.125 35.625 7.5
v 29.6875 42.1875 7.5
v 29.375 43.125 7.5
v 30 43.125 7.5
v 30.625 43.125 7.5
v 30.625 41.875 7.5
v 30.625 42.5 7.5
v -23.125 41.875 7.5
v -22.8125 42.8125 7.5
v -22.5 41.875 7.5
v -21.875 41.875 7.5
v -21.875 42.5 7.5
v -21.875 43.125 7.5
v -19.375 45 7.5
v -19.0625 46.25 7.5
v -18.75 45 7.5
v -18.125 45 7.5
v -18.125 45.625 7.5
v -18.125 46.25 7.5
v -18.125 46.875 7.5
v 3.125 46.875 7.5
v 3.75 46.875 7.5
v 4.375 47.8125 7.5
v 4.375 46.875 7.5
v 5 46.875 7.5
v 3.125 47.5 7.5
v 3.125 48.125 7.5
v -32.1875 53.4375 7.5
v -32.5 54.375 7.5
v -33.125 54.375 7.5
v -31.875 54.375 7.5
v -33.125 53.125 7.5
v -33.125 53.75 7.5
v 12.8125 59.6875 7.5
v 12.5 60.625 7.5
v 13.125 60.625 7.5
v 13.75 60.625 7.5
v 13.75 59.375 7.5
v 13.75 60 7.5
v -19.0625 62.1875 7.5
v -19.375 63.125 7.5
v -20 63.125 7.5
v -18.75 63.125 7.5
v -20 61.875 7.5
v -20 62.5 7.5
v -6.25 -45 7.5
v -6.25 -44.0625 7.5
v -5.625 -45 7.5
v -5.625 -44.375 7.5
v -5.625 -43.75 7.5
v -13.125 -43.125 7.5
v -12.5 -43.125 7.5
v -12.5 -41.875 7.5
v -13.125 -42.5 7.5
v -13.125 -41.875 7.5
v -13.125 -41.25 7.5
v -15 -38.125 7.5
v -14.375 -38.125 7.5
v -14.375 -36.5625 7.5
v -15 -37.5 7.5
v -15 -36.875 7.5
v -15 -36.25 7.5
v -15 -35.625 7.5
v -17.5 -31.25 7.5
v -16.875 -31.25 7.5
v -16.875 -30.625 7.5
v -17.5 -30.625 7.5
v 0.625 -30 7.5
v 0.9375 -29.375 7.5
v 1.25 -30 7.5
v 1.875 -30 7.5
v 1.875 -29.375 7.5
v 3.125 -26.875 7.5
v 3.125 -26.25 7.5
v 3.75 -26.875 7.5
v 3.75 -26.25 7.5
v -20 -26.25 7.5
v -19.375 -26.25 7.5
v -19.375 -24.6875 7.5
v -20 -25.625 7.5
v -20 -25 7.5
v -20 -24.375 7.5
v -20 -23.75 7.5
v 5 -23.75 7.5
v 5 -23.125 7.5
v 5.625 -23.75 7.5
v 5.625 -23.125 7.5
v -23.75 -18.75 7.5
v -23.125 -18.75 7.5
v -23.125 -17.8125 7.5
v -23.75 -18.125 7.5
v -23.75 -17.5 7.5
v -26.25 -15 7.5
v -25.625 -15 7.5
v -25.625 -14.0625 7.5
v -26.25 -14.375 7.5
v -26.25 -13.75 7.5
v 11.875 -14.375 7.5
v 12.1875 -13.75 7.5
v 12.5 -14.375 7.5
v 13.125 -14.375 7.5
v 13.125 -13.75 7.5
v 14.375 -11.875 7.5
v 14.375 -11.25 7.5
v 15 -11.875 7.5
v 15 -11.25 7.5
v -28.75 -11.25 7.5
v -28.125 -11.25 7.5
v -28.125 -10.3125 7.5
v -28.75 -10.625 7.5
v -28.75 -10 7.5
v 16.875 -9.375 7.5
v 16.875 -8.4375 7.5
v 17.5 -9.375 7.5
v 17.5 -8.75 7.5
v 17.5 -8.125 7.5
v -31.25 -7.5 7.5
v -30.625 -7.5 7.5
v -30.625 -6.5625 7.5
v -31.25 -6.875 7.5
v -31.25 -6.25 7.5
v -34.375 -3.75 7.5
v -33.75 -3.75 7.5
v -33.75 -2.8125 7.5
v -34.375 -3.125 7.5
v -34.375 -2.5 7.5
v 23.75 -1.875 7.5
v 23.75 -0.9375 7.5
v 24.375 -1.875 7.5
v 24.375 -1.25 7.5
v 24.375 -0.625 7.5
v -36.875 0 7.5
v -36.25 0 7.5
v -36.25 0.9375 7.5
v -36.875 0.625 7.5
v -36.875 1.25 7.5
v 26.875 1.875 7.5
v 26.875 2.8125 7.5
v 27.5 1.875 7.5
v 27.5 2.5 7.5
v 27.5 3.125 7.5
v -40 4.375 7.5
v -39.375 4.375 7.5
v -39.375 5.3125 7.5
v -40 5 7.5
v -40 5.625 7.5
v 8.4375 5.625 7.5
v 8.125 6.25 7.5
v 7.5 6.25 7.5
v 8.75 6.25 7.5
v 7.5 5.625 7.5
v 29.375 5.625 7.5
v 29.375 6.875 7.5
v 30 5.625 7.5
v 30 6.25 7.5
v 30 6.875 7.5
v 30 7.5 7.5
v -21.5625 6.875 7.5
v -21.875 7.5 7.5
v -21.25 7.5 7.5
v -20.625 7.5 7.5
v -20.625 6.875 7.5
v 31.875 11.25 7.5
v 31.875 12.1875 7.5
v 32.5 11.25 7.5
v 32.5 11.875 7.5
v 32.5 12.5 7.5
v -43.75 11.875 7.5
v -43.125 11.875 7.5
v -43.125 13.125 7.5
v -43.75 12.5 7.5
v -43.75 13.125 7.5
v -43.75 13.75 7.5
v -26.5625 12.5 7.5
v -26.875 13.125 7.5
v -26.25 13.125 7.5
v -25.625 13.125 7.5
v -25.625 12.5 7.5
v 15.3125 12.5 7.5
v 15 13.125 7.5
v 14.375 13.125 7.5
v 15.625 13.125 7.5
v 14.375 12.5 7.5
v 17.5 17.5 7.5
v 17.5 18.75 7.5
v 16.875 18.75 7.5
v 16.875 16.875 7.5
v 16.875 17.5 7.5
v 16.875 18.125 7.5
v 16.875 31.875 7.5
v 17.5 31.875 7.5
v 17.5 33.125 7.5
v 16.875 32.5 7.5
v 16.875 33.125 7.5
v 16.875 33.75 7.5
v -28.75 32.5 7.5
v -28.75 33.125 7.5
v -28.125 32.5 7.5
v -28.125 33.125 7.5
v -43.75 35.3125 7.5
v -43.75 36.25 7.5
v -44.375 36.25 7.5
v -44.375 35 7.5
v -44.375 35.625 7.5
v 15 36.25 7.5
v 15.625 36.25 7.5
v 15.625 37.1875 7.5
v 15 36.875 7.5
v 15 37.5 7.5
v 31.875 37.1875 7.5
v 31.875 38.125 7.5
v 32.5 38.125 7.5
v 32.5 36.875 7.5
v 32.5 37.5 7.5
v -26.25 37.5 7.5
v -26.25 38.75 7.5
v -25.625 37.5 7.5
v -25.625 38.125 7.5
v -25.625 38.75 7.5
v -25.625 39.375 7.5
v -41.875 40.9375 7.5
v -41.875 41.875 7.5
v -42.5 41.875 7.5
v -42.5 40.625 7.5
v -42.5 41.25 7.5
v 11.25 41.25 7.5
v 11.875 41.25 7.5
v 11.875 41.875 7.5
v 11.25 41.875 7.5
v 29.375 43.75 7.5
v 29.375 44.375 7.5
v 30 44.375 7.5
v 30 43.75 7.5
v 7.5 44.375 7.5
v 8.125 44.375 7.5
v 8.75 45 7.5
v 8.75 44.375 7.5
v 9.375 44.375 7.5
v 7.5 45 7.5
v -17.5 45.625 7.5
v -17.5 46.5625 7.5
v -16.875 45.625 7.5
v -16.875 46.25 7.5
v -16.875 46.875 7.5
v -38.4375 46.875 7.5
v -38.75 47.5 7.5
v -39.375 47.5 7.5
v -38.125 47.5 7.5
v -39.375 46.875 7.5
v 26.875 47.8125 7.5
v 26.875 48.75 7.5
v 27.5 48.75 7.5
v 27.5 47.5 7.5
v 27.5 48.125 7.5
v 1.875 47.5 7.5
v 2.5 47.5 7.5
v 2.5 48.125 7.5
v 1.875 48.125 7.5
v -35.625 50.625 7.5
v -35.625 51.25 7.5
v -36.25 51.25 7.5
v -36.25 50.625 7.5
v 24.375 50.625 7.5
v 24.375 51.25 7.5
v 25 51.25 7.5
v 25 50.625 7.5
v 21.875 53.125 7.5
v 21.875 53.75 7.5
v 22.5 53.75 7.5
v 22.5 53.125 7.5
v 19.375 55.625 7.5
v 19.375 56.25 7.5
v 20 56.25 7.5
v 20 55.625 7.5
v -29.0625 56.875 7.5
v -29.375 57.5 7.5
v -30 57.5 7.5
v -28.75 57.5 7.5
v -30 56.875 7.5
v -25 59.375 7.5
v -25.625 60 7.5
v -26.25 60 7.5
v -25 60 7.5
v -24.375 60 7.5
v -26.25 59.375 7.5
v 14.375 59.375 7.5
v 14.375 60 7.5
v 15 60 7.5
v 15 59.375 7.5
v -20.625 61.875 7.5
v -20.625 62.5 7.5
v -21.25 62.5 7.5
v -21.25 61.875 7.5
v -11.25 -51.875 -7.5
v -11.25 -51.25 -7.5
v -10.625 -51.875 -7.5
v -10 -51.875 -7.5
v -9.375 -51.875 -7.5
v -8.75 -51.875 -7.5
v -8.125 -51.25 -7.5
v -11.25 -50.625 -7.5
v -8.125 -50.625 -7.5
v -11.25 -50 -7.5
v -8.125 -50 -7.5
v -11.875 -50 -7.5
v -11.875 -49.375 -7.5
v -7.5 -49.375 -7.5
v -11.875 -48.75 -7.5
v -7.5 -48.75 7.5
v -6.875 -48.75 -7.5
v -11.875 -48.125 -7.5
v -7.5 -48.125 7.5
v -6.875 -48.125 -7.5
v -11.875 -47.5 -7.5
v -7.5 -47.5 7.5
v -6.875 -47.5 7.5
v -6.25 -47.5 -7.5
v -12.5 -47.5 -7.5
v -12.5 -46.875 -7.5
v -6.25 -46.875 -7.5
v -12.5 -46.25 -7.5
v -6.25 -46.25 -7.5
v -13.125 -46.25 -7.5
v -12.5 -45.625 7.5
v -13.125 -45.625 -7.5
v -6.25 -45.625 7.5
v -5.625 -45.625 -7.5
v -12.5 -45 7.5
v -13.125 -45 -7.5
v -5 -45 -7.5
v -12.5 -44.375 7.5
v -13.125 -44.375 -7.5
v -5 -44.375 -7.5
v -12.5 -43.75 7.5
v -13.125 -43.75 -7.5
v -5 -43.75 -7.5
v -13.75 -43.75 -7.5
v -13.75 -43.125 -7.5
v -4.375 -43.125 -7.5
v -13.75 -42.5 -7.5
v -4.375 -42.5 -7.5
v -13.75 -41.875 -7.5
v -4.375 -41.875 -7.5
v -14.375 -41.875 -7.5
v -13.75 -41.25 7.5
v -14.375 -41.25 -7.5
v -4.375 -41.25 7.5
v -3.75 -41.25 -7.5
v -14.375 -40.625 -7.5
v -3.125 -40.625 -7.5
v -15 -40.625 -7.5
v -14.375 -40 7.5
v -15 -40 -7.5
v -3.125 -40 -7.5
v -14.375 -39.375 7.5
v -15 -39.375 -7.5
v -3.125 -39.375 7.5
v -2.5 -39.375 -7.5
v -14.375 -38.75 7.5
v -15 -38.75 -7.5
v -3.125 -38.75 7.5
v -2.5 -38.75 -7.5
v -15.625 -38.75 -7.5
v -15.625 -38.125 -7.5
v -3.125 -38.125 7.5
v -2.5 -38.125 -7.5
v -15.625 -37.5 -7.5
v -3.125 -37.5 7.5
v -2.5 -37.5 -7.5
v -15.625 -36.875 -7.5
v -1.875 -37.5 -7.5
v -1.25 -36.875 -7.5
v -15.625 -36.25 -7.5
v -1.25 -36.25 -7.5
v -16.25 -36.25 -7.5
v -15.625 -35.625 7.5
v -16.25 -35.625 -7.5
v -1.25 -35.625 7.5
v -0.625 -35.625 -7.5
v -16.875 -35.625 -7.5
v -16.875 -35 -7.5
v -1.25 -35 7.5
v -0.625 -35 -7.5
v -16.875 -34.375 -7.5
v -1.25 -34.375 7.5
v -0.625 -34.375 -7.5
v -16.875 -33.75 -7.5
v 0 -34.375 -7.5
v 0.625 -33.75 -7.5
v -17.5 -33.75 -7.5
v -16.875 -33.125 7.5
v -17.5 -33.125 -7.5
v 0.625 -33.125 -7.5
v -16.875 -32.5 7.5
v -17.5 -32.5 -7.5
v 0.625 -32.5 -7.5
v -16.875 -31.875 7.5
v -17.5 -31.875 -7.5
v 0.625 -31.875 7.5
v 1.25 -31.875 -7.5
v -18.125 -31.875 -7.5
v -18.125 -31.25 -7.5
v 0.625 -31.25 7.5
v 1.25 -31.25 -7.5
v -18.125 -30.625 -7.5
v 0.625 -30.625 7.5
v 1.25 -30.625 -7.5
v -18.75 -30.625 -7.5
v -18.75 -30 -7.5
v 1.875 -30.625 -7.5
v 2.5 -30 -7.5
v -18.75 -29.375 -7.5
v 2.5 -29.375 -7.5
v -18.75 -28.75 -7.5
v 3.125 -28.75 -7.5
v -19.375 -28.75 -7.5
v -19.375 -28.125 -7.5
v 3.125 -28.125 -7.5
v -20 -28.125 -7.5
v -19.375 -27.5 7.5
v -20 -27.5 -7.5
v 3.125 -27.5 -7.5
v -19.375 -26.875 7.5
v -20 -26.875 -7.5
v 3.75 -27.5 -7.5
v 4.375 -26.875 -7.5
v -20.625 -26.875 -7.5
v -20.625 -26.25 -7.5
v 4.375 -26.25 -7.5
v -20.625 -25.625 -7.5
v 5 -25.625 -7.5
v -20.625 -25 -7.5
v 5 -25 -7.5
v -21.25 -25 -7.5
v -20.625 -24.375 7.5
v -21.25 -24.375 -7.5
v 5 -24.375 -7.5
v -20.625 -23.75 7.5
v -21.25 -23.75 -7.5
v 5.625 -24.375 -7.5
v 6.25 -23.75 -7.5
v -21.875 -23.75 -7.5
v -21.875 -23.125 -7.5
v 6.25 -23.125 -7.5
v -21.875 -22.5 -7.5
v 6.875 -22.5 -7.5
v -22.5 -22.5 -7.5
v -21.875 -21.875 7.5
v -22.5 -21.875 -7.5
v 6.875 -21.875 7.5
v 7.5 -21.875 -7.5
v -21.875 -21.25 7.5
v -22.5 -21.25 -7.5
v 6.875 -21.25 7.5
v 7.5 -21.25 7.5
v 8.125 -21.25 -7.5
v -23.125 -21.25 -7.5
v -23.125 -20.625 -7.5
v 8.75 -20.625 -7.5
v -23.75 -20.625 -7.5
v -23.125 -20 7.5
v -23.75 -20 -7.5
v 8.75 -20 -7.5
v -23.125 -19.375 7.5
v -23.75 -19.375 -7.5
v 8.75 -19.375 -7.5
v -24.375 -19.375 -7.5
v -24.375 -18.75 -7.5
v 9.375 -19.375 -7.5
v 10 -18.75 -7.5
v -25 -18.75 -7.5
v -24.375 -18.125 7.5
v -25 -18.125 -7.5
v 10 -18.125 7.5
v 10.625 -18.125 -7.5
v -24.375 -17.5 7.5
v -25 -17.5 -7.5
v 10 -17.5 7.5
v 10.625 -17.5 -7.5
v -25.625 -17.5 -7.5
v -25.625 -16.875 -7.5
v 10 -16.875 7.5
v 10.625 -16.875 7.5
v 11.25 -16.875 -7.5
v -26.25 -16.875 -7.5
v -25.625 -16.25 7.5
v -26.25 -16.25 -7.5
v 11.875 -16.25 -7.5
v -25.625 -15.625 7.5
v -26.25 -15.625 -7.5
v 11.875 -15.625 -7.5
v -26.875 -15.625 -7.5
v -26.875 -15 -7.5
v 11.875 -15 7.5
v 12.5 -15 -7.5
v -26.875 -14.375 -7.5
v 13.125 -15 -7.5
v 13.75 -14.375 -7.5
v -27.5 -14.375 -7.5
v -26.875 -13.75 7.5
v -27.5 -13.75 -7.5
v 13.75 -13.75 -7.5
v -28.125 -13.75 -7.5
v -28.125 -13.125 -7.5
v 14.375 -13.125 -7.5
v -28.125 -12.5 -7.5
v 14.375 -12.5 7.5
v 15 -12.5 -7.5
v -28.125 -11.875 -7.5
v 15.625 -11.875 -7.5
v -29.375 -11.875 -7.5
v -29.375 -11.25 -7.5
v -28.75 -11.875 -7.5
v 15.625 -11.25 7.5
v 16.25 -11.25 -7.5
v -30 -11.25 -7.5
v -29.375 -10.625 7.5
v -30 -10.625 -7.5
v 16.875 -10.625 -7.5
v -29.375 -10 7.5
v -30 -10 -7.5
v 16.875 -10 7.5
v 17.5 -10 -7.5
v -30.625 -10 -7.5
v -30.625 -9.375 -7.5
v 18.125 -9.375 -7.5
v -31.25 -9.375 -7.5
v -30.625 -8.75 7.5
v -31.25 -8.75 -7.5
v 18.125 -8.75 7.5
v 18.75 -8.75 -7.5
v -30.625 -8.125 7.5
v -31.25 -8.125 -7.5
v 18.125 -8.125 7.5
v 18.75 -8.125 -7.5
v -31.875 -8.125 -7.5
v -31.875 -7.5 -7.5
v 19.375 -8.125 -7.5
v 20 -7.5 -7.5
v -32.5 -7.5 -7.5
v -31.875 -6.875 7.5
v -32.5 -6.875 -7.5
v 20 -6.875 7.5
v 20.625 -6.875 -7.5
v -31.875 -6.25 7.5
v -32.5 -6.25 -7.5
v 20 -6.25 7.5
v 20.625 -6.25 -7.5
v -33.75 -6.25 -7.5
v -33.75 -5.625 -7.5
v -33.125 -6.25 -7.5
v 20 -5.625 7.5
v 20.625 -5.625 7.5
v 21.25 -5.625 -7.5
v -34.375 -5.625 -7.5
v -33.75 -5 7.5
v -34.375 -5 -7.5
v 21.875 -5 -7.5
v -33.75 -4.375 7.5
v -34.375 -4.375 -7.5
v 21.875 -4.375 -7.5
v -35 -4.375 -7.5
v -35 -3.75 -7.5
v 21.875 -3.75 7.5
v 22.5 -3.75 7.5
v 22.5 -4.375 -7.5
v 23.125 -3.75 -7.5
v -35.625 -3.75 -7.5
v -35 -3.125 7.5
v -35.625 -3.125 -7.5
v 23.75 -3.125 -7.5
v -35 -2.5 7.5
v -35.625 -2.5 -7.5
v 23.75 -2.5 -7.5
v -36.25 -2.5 -7.5
v -36.25 -1.875 -7.5
v 24.375 -2.5 -7.5
v 25 -1.875 -7.5
v -36.875 -1.875 -7.5
v -36.25 -1.25 7.5
v -36.875 -1.25 -7.5
v 25 -1.25 7.5
v 25.625 -1.25 -7.5
v -36.25 -0.625 7.5
v -36.875 -0.625 -7.5
v 25 -0.625 7.5
v 25.625 -0.625 -7.5
v -37.5 -0.625 -7.5
v -37.5 0 -7.5
v 26.25 -0.625 -7.5
v 26.875 0 -7.5
v -38.125 0 -7.5
v -37.5 0.625 7.5
v -38.125 0.625 -7.5
v 26.875 0.625 -7.5
v -37.5 1.25 7.5
v -38.125 1.25 -7.5
v 26.875 1.25 -7.5
v -39.375 1.25 -7.5
v -39.375 1.875 -7.5
v -38.75 1.25 -7.5
v 27.5 1.25 -7.5
v 28.125 1.875 -7.5
v -39.375 2.5 -7.5
v -13.75 2.5 7.5
v -13.125 2.5 7.5
v -12.5 2.5 7.5
v -11.875 2.5 7.5
v -11.25 2.5 7.5
v -10.625 2.5 7.5
v -10 2.5 -7.5
v -9.375 2.5 -7.5
v -8.75 2.5 -7.5
v -8.125 2.5 -7.5
v -7.5 2.5 -7.5
v -6.875 2.5 -7.5
v -6.25 2.5 -7.5
v -5.625 2.5 -7.5
v -5 2.5 -7.5
v -4.375 2.5 -7.5
v -3.75 2.5 -7.5
v -3.125 2.5 -7.5
v -2.5 2.5 -7.5
v -1.875 2.5 -7.5
v -1.25 2.5 -7.5
v -0.625 2.5 7.5
v 0 2.5 7.5
v 0.625 2.5 7.5
v 1.25 2.5 7.5
v 1.875 2.5 7.5
v 2.5 2.5 7.5
v 3.125 2.5 7.5
v 28.125 2.5 7.5
v 28.75 2.5 -7.5
v -39.375 3.125 -7.5
v -13.75 3.125 -7.5
v -13.125 3.125 -7.5
v -12.5 3.125 -7.5
v -11.875 3.125 -7.5
v -11.25 3.125 -7.5
v -10.625 3.125 -7.5
v -10 3.125 -7.5
v -0.625 3.125 -7.5
v 0 3.125 -7.5
v 0.625 3.125 -7.5
v 1.25 3.125 -7.5
v 1.875 3.125 -7.5
v 2.5 3.125 -7.5
v 3.125 3.125 7.5
v 28.125 3.125 7.5
v 28.75 3.125 -7.5
v -40 3.125 -7.5
v -39.375 3.75 7.5
v -40 3.75 -7.5
v -13.75 3.75 -7.5
v 3.125 3.75 -7.5
v 29.375 3.75 -7.5
v -40.625 3.75 -7.5
v -40.625 4.375 -7.5
v -15.625 4.375 -7.5
v -15 4.375 -7.5
v -14.375 4.375 -7.5
v -13.75 4.375 -7.5
v 3.75 4.375 -7.5
v 4.375 4.375 7.5
v 5 4.375 7.5
v 5.625 4.375 7.5
v 29.375 4.375 -7.5
v -40.625 5 -7.5
v -18.125 5 7.5
v -17.5 5 -7.5
v -16.875 5 -7.5
v -16.25 5 -7.5
v -15.625 5 -7.5
v 4.375 5 -7.5
v 5 5 -7.5
v 5.625 5 -7.5
v 29.375 5 7.5
v 30 5 -7.5
v -41.25 5 -7.5
v -40.625 5.625 7.5
v -41.25 5.625 -7.5
v -18.125 5.625 7.5
v -17.5 5.625 -7.5
v 6.25 5.625 -7.5
v 6.875 5.625 -7.5
v 30.625 5.625 -7.5
v -41.875 5.625 -7.5
v -41.875 6.25 -7.5
v -18.125 6.25 -7.5
v -17.5 6.25 -7.5
v 6.875 6.25 -7.5
v 30.625 6.25 -7.5
v -41.875 6.875 -7.5
v -20 6.875 -7.5
v -19.375 6.875 -7.5
v -18.75 6.875 -7.5
v -18.125 6.875 -7.5
v 7.5 6.875 -7.5
v 8.125 6.875 -7.5
v 8.75 6.875 -7.5
v 30.625 6.875 -7.5
v -42.5 6.875 -7.5
v -41.875 7.5 7.5
v -42.5 7.5 -7.5
v -20 7.5 -7.5
v 8.75 7.5 -7.5
v 30.625 7.5 7.5
v 31.25 7.5 -7.5
v -41.875 8.125 7.5
v -42.5 8.125 -7.5
v -21.875 8.125 7.5
v -21.25 8.125 7.5
v -20.625 8.125 -7.5
v -20 8.125 -7.5
v 9.375 8.125 -7.5
v 10 8.125 -7.5
v 10.625 8.125 7.5
v 31.875 8.125 -7.5
v -41.875 8.75 7.5
v -42.5 8.75 -7.5
v -21.875 8.75 -7.5
v -21.25 8.75 -7.5
v -20.625 8.75 -7.5
v 10.625 8.75 -7.5
v 31.875 8.75 -7.5
v -43.125 8.75 -7.5
v -43.125 9.375 -7.5
v -21.875 9.375 -7.5
v 10.625 9.375 -7.5
v 31.875 9.375 7.5
v 32.5 9.375 -7.5
v -43.125 10 -7.5
v -24.375 10 7.5
v -23.75 10 7.5
v -23.125 10 7.5
v -22.5 10 -7.5
v -21.875 10 -7.5
v 11.25 10 -7.5
v 11.875 10 7.5
v 12.5 10 7.5
v 13.125 10 7.5
v 31.875 10 7.5
v 32.5 10 -7.5
v -43.75 10 -7.5
v -43.125 10.625 7.5
v -43.75 10.625 -7.5
v -24.375 10.625 7.5
v -23.75 10.625 -7.5
v -23.125 10.625 -7.5
v -22.5 10.625 -7.5
v 11.875 10.625 -7.5
v 12.5 10.625 -7.5
v 13.125 10.625 7.5
v 31.875 10.625 7.5
v 32.5 10.625 -7.5
v -43.125 11.25 7.5
v -43.75 11.25 -7.5
v -24.375 11.25 7.5
v -23.75 11.25 -7.5
v 13.125 11.25 7.5
v 12.5 11.25 -7.5
v 33.125 11.25 -7.5
v -44.375 11.25 -7.5
v -44.375 11.875 -7.5
v -24.375 11.875 -7.5
v -23.75 11.875 -7.5
v 13.125 11.875 -7.5
v 33.125 11.875 -7.5
v -44.375 12.5 -7.5
v -25 12.5 -7.5
v -24.375 12.5 -7.5
v 13.75 12.5 -7.5
v 33.125 12.5 -7.5
v -44.375 13.125 -7.5
v -25 13.125 -7.5
v 13.75 13.125 -7.5
v 33.75 13.125 -7.5
v -44.375 13.75 -7.5
v -26.875 13.75 7.5
v -26.25 13.75 7.5
v -25.625 13.75 -7.5
v -25 13.75 -7.5
v 14.375 13.75 -7.5
v 15 13.75 7.5
v 15.625 13.75 7.5
v 33.75 13.75 -7.5
v -45 13.75 -7.5
v -45 14.375 -7.5
v -26.875 14.375 7.5
v -26.25 14.375 -7.5
v -25.625 14.375 -7.5
v 15 14.375 -7.5
v 15.625 14.375 7.5
v 33.75 14.375 -7.5
v -45 15 -7.5
v -26.875 15 7.5
v -26.25 15 -7.5
v 15.625 15 7.5
v 15 15 -7.5
v 33.75 15 7.5
v 34.375 15 -7.5
v -45 15.625 -7.5
v -26.875 15.625 -7.5
v -26.25 15.625 -7.5
v 15.625 15.625 7.5
v 15 15.625 -7.5
v 33.75 15.625 7.5
v 34.375 15.625 -7.5
v -45 16.25 -7.5
v -26.875 16.25 -7.5
v 15.625 16.25 -7.5
v 34.375 16.25 -7.5
v -45.625 16.25 -7.5
v -45.625 16.875 -7.5
v -26.875 16.875 -7.5
v 16.25 16.875 -7.5
v 34.375 16.875 -7.5
v -45.625 17.5 -7.5
v -28.125 17.5 7.5
v -27.5 17.5 -7.5
v -26.875 17.5 -7.5
v 16.25 17.5 -7.5
v 34.375 17.5 -7.5
v -45.625 18.125 -7.5
v -28.125 18.125 7.5
v -27.5 18.125 -7.5
v 16.25 18.125 -7.5
v 34.375 18.125 -7.5
v -45.625 18.75 -7.5
v -28.125 18.75 7.5
v -27.5 18.75 -7.5
v 16.25 18.75 -7.5
v 34.375 18.75 7.5
v 35 18.75 -7.5
v -45.625 19.375 -7.5
v -28.125 19.375 -7.5
v -27.5 19.375 -7.5
v 16.875 19.375 -7.5
v 17.5 19.375 7.5
v 34.375 19.375 7.5
v 35 19.375 -7.5
v -46.25 19.375 -7.5
v -45.625 20 7.5
v -46.25 20 -7.5
v -28.125 20 -7.5
v 17.5 20 7.5
v 16.875 20 -7.5
v 34.375 20 7.5
v 35 20 -7.5
v -45.625 20.625 7.5
v -46.25 20.625 -7.5
v -28.125 20.625 -7.5
v 17.5 20.625 7.5
v 16.875 20.625 -7.5
v 34.375 20.625 7.5
v 35 20.625 -7.5
v -45.625 21.25 7.5
v -46.25 21.25 -7.5
v -28.75 21.25 -7.5
v -28.125 21.25 -7.5
v 17.5 21.25 7.5
v 16.875 21.25 -7.5
v 34.375 21.25 7.5
v 35 21.25 -7.5
v -46.25 21.875 -7.5
v -28.75 21.875 -7.5
v 17.5 21.875 -7.5
v 34.375 21.875 7.5
v 35 21.875 -7.5
v -46.25 22.5 -7.5
v -28.75 22.5 -7.5
v 17.5 22.5 -7.5
v 34.375 22.5 7.5
v 35 22.5 -7.5
v -46.25 23.125 -7.5
v -28.75 23.125 -7.5
v 17.5 23.125 -7.5
v 34.375 23.125 7.5
v 35 23.125 -7.5
v -46.25 23.75 -7.5
v -28.75 23.75 -7.5
v 17.5 23.75 -7.5
v 34.375 23.75 7.5
v 35 23.75 -7.5
v -46.25 24.375 -7.5
v -28.75 24.375 -7.5
v 17.5 24.375 -7.5
v 34.375 24.375 7.5
v 35 24.375 -7.5
v -46.25 25 -7.5
v -28.75 25 -7.5
v 17.5 25 -7.5
v 34.375 25 7.5
v 35 25 -7.5
v -46.25 25.625 -7.5
v -28.75 25.625 -7.5
v 17.5 25.625 -7.5
v 34.375 25.625 7.5
v 35 25.625 -7.5
v -46.25 26.25 -7.5
v -28.75 26.25 -7.5
v 17.5 26.25 -7.5
v 34.375 26.25 7.5
v 35 26.25 -7.5
v -46.25 26.875 -7.5
v -28.75 26.875 -7.5
v 17.5 26.875 -7.5
v 34.375 26.875 7.5
v 35 26.875 -7.5
v -46.25 27.5 -7.5
v -28.75 27.5 -7.5
v 17.5 27.5 -7.5
v 34.375 27.5 7.5
v 35 27.5 -7.5
v -46.25 28.125 -7.5
v -28.75 28.125 -7.5
v 17.5 28.125 -7.5
v 34.375 28.125 7.5
v 35 28.125 -7.5
v -46.25 28.75 -7.5
v -28.75 28.75 -7.5
v 17.5 28.75 -7.5
v 34.375 28.75 7.5
v 35 28.75 -7.5
v -46.25 29.375 -7.5
v -28.75 29.375 -7.5
v 17.5 29.375 -7.5
v 34.375 29.375 7.5
v 35 29.375 -7.5
v -45.625 30 7.5
v -46.25 30 -7.5
v -28.75 30 7.5
v -28.125 30 -7.5
v 16.875 29.375 -7.5
v 17.5 30 7.5
v 16.875 30 -7.5
v 34.375 30 7.5
v 35 30 -7.5
v -45.625 30.625 7.5
v -46.25 30.625 -7.5
v -28.75 30.625 7.5
v -28.125 30.625 -7.5
v 17.5 30.625 7.5
v 16.875 30.625 -7.5
v 34.375 30.625 7.5
v 35 30.625 -7.5
v -45.625 31.25 -7.5
v -28.75 31.25 7.5
v -28.125 31.25 -7.5
v 17.5 31.25 7.5
v 16.875 31.25 -7.5
v 34.375 31.25 -7.5
v 35 31.25 -7.5
v -45.625 31.875 -7.5
v -28.75 31.875 7.5
v -28.125 31.875 -7.5
v 16.25 31.25 -7.5
v 16.25 31.875 -7.5
v 34.375 31.875 -7.5
v -45.625 32.5 -7.5
v -27.5 32.5 -7.5
v 16.25 32.5 -7.5
v 34.375 32.5 -7.5
v -45.625 33.125 -7.5
v -27.5 33.125 -7.5
v 16.25 33.125 -7.5
v 34.375 33.125 -7.5
v -45.625 33.75 -7.5
v -26.875 33.75 -7.5
v 15.625 33.125 -7.5
v 16.25 33.75 7.5
v 15.625 33.75 -7.5
v 34.375 33.75 -7.5
v -45.625 34.375 -7.5
v -26.875 34.375 -7.5
v 15.625 34.375 -7.5
v 34.375 34.375 -7.5
v -45 35 -7.5
v -26.875 35 -7.5
v 15.625 35 -7.5
v 33.75 35 -7.5
v 34.375 35 -7.5
v -45 35.625 -7.5
v -26.25 35.625 -7.5
v 15 35 -7.5
v 15.625 35.625 7.5
v 15 35.625 -7.5
v 33.75 35.625 -7.5
v -45 36.25 -7.5
v -26.25 36.25 7.5
v -25.625 36.25 -7.5
v 14.375 35.625 -7.5
v 14.375 36.25 -7.5
v 33.75 36.25 -7.5
v -44.375 36.875 -7.5
v -43.75 36.875 7.5
v -26.25 36.875 7.5
v -25.625 36.875 -7.5
v 14.375 36.875 -7.5
v 33.125 36.875 -7.5
v 33.75 36.875 -7.5
v -43.75 37.5 7.5
v -44.375 37.5 -7.5
v -25 37.5 -7.5
v 13.75 36.875 -7.5
v 14.375 37.5 7.5
v 13.75 37.5 -7.5
v 33.125 37.5 -7.5
v -43.75 38.125 7.5
v -44.375 38.125 -7.5
v -25 38.125 -7.5
v 13.125 37.5 -7.5
v 13.125 38.125 -7.5
v 33.125 38.125 -7.5
v -43.75 38.75 -7.5
v -25 38.75 7.5
v -24.375 38.75 -7.5
v 13.125 38.75 -7.5
v 31.875 38.75 7.5
v 32.5 38.75 -7.5
v 33.125 38.75 -7.5
v -43.75 39.375 -7.5
v -25 39.375 7.5
v -24.375 39.375 7.5
v -23.75 39.375 -7.5
v 12.5 38.75 -7.5
v 13.125 39.375 7.5
v 12.5 39.375 -7.5
v 31.875 39.375 7.5
v 32.5 39.375 -7.5
v -43.75 40 -7.5
v -23.125 40 -7.5
v 13.125 40 7.5
v 12.5 40 -7.5
v 31.875 40 7.5
v 32.5 40 -7.5
v -43.125 40.625 -7.5
v -23.125 40.625 -7.5
v 11.875 40 -7.5
v 11.875 40.625 -7.5
v 31.875 40.625 -7.5
v 32.5 40.625 -7.5
v -43.125 41.25 -7.5
v -23.125 41.25 7.5
v -22.5 41.25 7.5
v -22.5 40.625 -7.5
v -21.875 41.25 -7.5
v 10.625 40.625 -7.5
v 10.625 41.25 -7.5
v 11.25 40.625 -7.5
v 31.875 41.25 -7.5
v -43.125 41.875 -7.5
v -21.25 41.875 -7.5
v 10.625 41.875 -7.5
v 31.25 41.875 -7.5
v 31.875 41.875 -7.5
v -42.5 42.5 -7.5
v -41.875 42.5 7.5
v -21.25 42.5 -7.5
v 9.375 41.875 -7.5
v 9.375 42.5 -7.5
v 10 41.875 -7.5
v 31.25 42.5 -7.5
v -41.875 43.125 7.5
v -42.5 43.125 -7.5
v -21.25 43.125 7.5
v -20.625 43.125 7.5
v -20.625 42.5 -7.5
v -20 43.125 -7.5
v 8.75 42.5 -7.5
v 9.375 43.125 7.5
v 8.75 43.125 -7.5
v 31.25 43.125 -7.5
v -41.875 43.75 -7.5
v -19.375 43.75 -7.5
v 9.375 43.75 7.5
v 8.75 43.75 -7.5
v 30.625 43.75 -7.5
v 31.25 43.75 -7.5
v -41.25 44.375 -7.5
v -40.625 44.375 7.5
v -19.375 44.375 7.5
v -18.75 44.375 7.5
v -18.75 43.75 -7.5
v -18.125 44.375 -7.5
v 6.875 43.75 -7.5
v 6.875 44.375 -7.5
v 7.5 43.75 -7.5
v 8.125 43.75 -7.5
v 30.625 44.375 -7.5
v -40.625 45 7.5
v -41.25 45 -7.5
v -17.5 45 -7.5
v 6.875 45 -7.5
v 29.375 45 7.5
v 30 45 -7.5
v 30.625 45 -7.5
v -40.625 45.625 7.5
v -41.25 45.625 -7.5
v -16.875 45 -7.5
v -16.25 45.625 -7.5
v 5 45 -7.5
v 5 45.625 -7.5
v 5.625 45 -7.5
v 6.25 45 -7.5
v 29.375 45.625 7.5
v 30 45.625 -7.5
v -40.625 46.25 -7.5
v -16.25 46.25 7.5
v -15.625 46.25 -7.5
v 4.375 45.625 -7.5
v 5 46.25 7.5
v 4.375 46.25 -7.5
v 29.375 46.25 -7.5
v 30 46.25 -7.5
v -40 46.875 -7.5
v -16.25 46.875 7.5
v -15.625 46.875 7.5
v -15 46.875 7.5
v -15 46.25 -7.5
v -14.375 46.875 7.5
v -14.375 46.25 -7.5
v -13.75 46.875 -7.5
v 2.5 46.25 -7.5
v 2.5 46.875 -7.5
v 3.125 46.25 -7.5
v 3.75 46.25 -7.5
v 29.375 46.875 -7.5
v -40 47.5 -7.5
v -13.125 46.875 -7.5
v -12.5 46.875 -7.5
v -11.875 47.5 -7.5
v 1.25 46.875 -7.5
v 1.25 47.5 -7.5
v 1.875 46.875 -7.5
v 28.125 47.5 7.5
v 28.75 47.5 -7.5
v 29.375 47.5 -7.5
v -39.375 48.125 -7.5
v -38.75 48.125 7.5
v -38.125 48.125 7.5
v -11.875 48.125 7.5
v -11.25 48.125 7.5
v -11.25 47.5 -7.5
v -10.625 48.125 7.5
v -10.625 47.5 -7.5
v -10 48.125 -7.5
v -1.875 47.5 -7.5
v -1.25 48.125 7.5
v -1.875 48.125 -7.5
v -1.25 47.5 -7.5
v -0.625 48.125 7.5
v -0.625 47.5 -7.5
v 0 48.125 7.5
v 0 47.5 -7.5
v 0.625 48.125 7.5
v 0.625 47.5 -7.5
v 1.25 48.125 7.5
v 28.125 48.125 -7.5
v 28.75 48.125 -7.5
v -38.75 48.75 -7.5
v -38.125 48.75 7.5
v -9.375 48.125 -7.5
v -8.75 48.125 -7.5
v -8.125 48.125 -7.5
v -7.5 48.125 -7.5
v -6.875 48.125 -7.5
v -6.25 48.125 -7.5
v -5.625 48.125 -7.5
v -5 48.125 -7.5
v -4.375 48.125 -7.5
v -3.75 48.125 -7.5
v -3.125 48.125 -7.5
v -2.5 48.125 -7.5
v 28.125 48.75 -7.5
v -38.125 49.375 7.5
v -38.75 49.375 -7.5
v 26.875 49.375 7.5
v 27.5 49.375 -7.5
v 28.125 49.375 -7.5
v -38.125 50 -7.5
v 26.875 50 -7.5
v 27.5 50 -7.5
v -37.5 50.625 -7.5
v -36.875 50.625 7.5
v 25.625 50.625 7.5
v 26.25 50.625 -7.5
v 26.875 50.625 -7.5
v -36.875 51.25 -7.5
v 25.625 51.25 -7.5
v 26.25 51.25 -7.5
v -36.25 51.875 -7.5
v -35.625 51.875 7.5
v 24.375 51.875 7.5
v 25 51.875 -7.5
v 25.625 51.875 -7.5
v -35.625 52.5 -7.5
v 24.375 52.5 -7.5
v 25 52.5 -7.5
v -35 53.125 -7.5
v -34.375 53.125 7.5
v -33.75 53.125 7.5
v 23.125 53.125 7.5
v 23.75 53.125 -7.5
v 24.375 53.125 -7.5
v -34.375 53.75 -7.5
v -33.75 53.75 7.5
v 23.125 53.75 -7.5
v 23.75 53.75 -7.5
v -33.75 54.375 -7.5
v 21.875 54.375 7.5
v 22.5 54.375 -7.5
v 23.125 54.375 -7.5
v -33.125 55 -7.5
v -32.5 55 7.5
v -31.875 55 7.5
v 21.875 55 -7.5
v 22.5 55 -7.5
v -32.5 55.625 -7.5
v -31.875 55.625 7.5
v 20.625 55.625 7.5
v 21.25 55.625 -7.5
v 21.875 55.625 -7.5
v -31.875 56.25 -7.5
v 20.625 56.25 -7.5
v 21.25 56.25 -7.5
v -31.25 56.875 -7.5
v -30.625 56.875 7.5
v 19.375 56.875 7.5
v 20 56.875 -7.5
v 20.625 56.875 -7.5
v -30.625 57.5 -7.5
v 19.375 57.5 -7.5
v 20 57.5 -7.5
v -30 58.125 -7.5
v -29.375 58.125 -7.5
v -28.75 58.125 7.5
v 16.875 58.125 7.5
v 17.5 58.125 7.5
v 18.125 58.125 -7.5
v 18.75 58.125 -7.5
v 19.375 58.125 -7.5
v -28.75 58.75 -7.5
v 16.875 58.75 7.5
v 17.5 58.75 -7.5
v 18.125 58.75 -7.5
v -28.125 59.375 -7.5
v -27.5 59.375 -7.5
v -26.875 59.375 7.5
v 15.625 59.375 7.5
v 16.25 59.375 -7.5
v 16.875 59.375 -7.5
v 17.5 59.375 -7.5
v -26.875 60 -7.5
v 15.625 60 -7.5
v 16.25 60 -7.5
v -26.25 60.625 -7.5
v -25.625 60.625 -7.5
v -25 60.625 7.5
v -24.375 60.625 7.5
v 14.375 60.625 -7.5
v 15 60.625 -7.5
v 15.625 60.625 -7.5
v -25 61.25 -7.5
v -24.375 61.25 -7.5
v 12.5 61.25 -7.5
v 13.125 61.25 -7.5
v 13.75 61.25 -7.5
v 14.375 61.25 -7.5
v -23.75 61.875 -7.5
v -23.125 61.875 -7.5
v -22.5 61.875 7.5
v -21.875 61.875 7.5
v 10 61.875 7.5
v 10.625 61.875 7.5
v 11.25 61.875 7.5
v 11.875 61.875 -7.5
v 12.5 61.875 -7.5
v -22.5 62.5 -7.5
v -21.875 62.5 -7.5
v 10 62.5 -7.5
v 10.625 62.5 -7.5
v 11.25 62.5 -7.5
v 11.875 62.5 -7.5
v -21.25 63.125 -7.5
v -20.625 63.125 -7.5
v 6.25 63.125 7.5
v 6.875 63.125 7.5
v 7.5 63.125 7.5
v 8.125 63.125 7.5
v 8.75 63.125 -7.5
v 9.375 63.125 -7.5
v 10 63.125 -7.5
v -20 63.75 -7.5
v -19.375 63.75 -7.5
v -18.75 63.75 -7.5
v 6.25 63.75 7.5
v 6.875 63.75 -7.5
v 7.5 63.75 -7.5
v 8.125 63.75 -7.5
v 8.75 63.75 -7.5
v -18.125 64.375 -7.5
v -17.5 64.375 -7.5
v -16.875 64.375 -7.5
v -16.25 64.375 -7.5
v -15.625 64.375 -7.5
v -15 64.375 7.5
v -14.375 64.375 7.5
v -13.75 64.375 7.5
v -13.125 64.375 7.5
v -12.5 64.375 7.5
v -11.875 64.375 7.5
v -11.25 64.375 7.5
v -10.625 64.375 7.5
v -10 64.375 7.5
v -9.375 64.375 7.5
v -8.75 64.375 7.5
v -8.125 64.375 7.5
v -7.5 64.375 7.5
v -6.875 64.375 7.5
v -6.25 64.375 7.5
v -5.625 64.375 7.5
v -5 64.375 7.5
v -4.375 64.375 7.5
v -3.75 64.375 7.5
v -3.125 64.375 7.5
v -2.5 64.375 7.5
v -1.875 64.375 7.5
v -1.25 64.375 7.5
v -0.625 64.375 7.5
v 0 64.375 7.5
v 0.625 64.375 7.5
v 1.25 64.375 7.5
v 1.875 64.375 7.5
v 2.5 64.375 7.5
v 3.125 64.375 7.5
v 3.75 64.375 7.5
v 4.375 64.375 -7.5
v 5 64.375 -7.5
v 5.625 64.375 -7.5
v 6.25 64.375 -7.5
v 6.875 64.375 -7.5
v -15 65 -7.5
v -14.375 65 -7.5
v -13.75 65 -7.5
v -13.125 65 -7.5
v -12.5 65 7.5
v -11.875 65 7.5
v -11.25 65 7.5
v -10.625 65 7.5
v -10 65 7.5
v -9.375 65 7.5
v -8.75 65 7.5
v -8.125 65 7.5
v -7.5 65 7.5
v -6.875 65 7.5
v -6.25 65 7.5
v -5.625 65 7.5
v -5 65 7.5
v -4.375 65 7.5
v -3.75 65 7.5
v -3.125 65 7.5
v -2.5 65 7.5
v -1.875 65 7.5
v -1.25 65 7.5
v -0.625 65 7.5
v 0 65 7.5
v 0.625 65 7.5
v 1.25 65 -7.5
v 1.875 65 -7.5
v 2.5 65 -7.5
v 3.125 65 -7.5
v 3.75 65 -7.5
v 4.375 65 -7.5
v -12.5 65.625 -7.5
v -11.875 65.625 -7.5
v -11.25 65.625 -7.5
v -10.625 65.625 -7.5
v -10 65.625 -7.5
v -9.375 65.625 -7.5
v -8.75 65.625 -7.5
v -8.125 65.625 -7.5
v -7.5 65.625 -7.5
v -6.875 65.625 -7.5
v -6.25 65.625 -7.5
v -5.625 65.625 -7.5
v -5 65.625 -7.5
v -4.375 65.625 -7.5
v -3.75 65.625 -7.5
v -3.125 65.625 -7.5
v -2.5 65.625 -7.5
v -1.875 65.625 -7.5
v -1.25 65.625 -7.5
v -0.625 65.625 -7.5
v 0 65.625 -7.5
v 0.625 65.625 -7.5
v 1.25 65.625 -7.5
v -9.6875 -31.875 -7.5
v -14.375 -21.875 -7.5
v -13.75 -21.875 -7.5
v -13.125 -41.875 -7.5
v -13.125 -21.875 -7.5
v -12.5 -41.875 -7.5
v -12.5 -21.875 -7.5
v -11.875 -41.875 -7.5
v -11.875 -21.875 -7.5
v -11.25 -41.875 -7.5
v -11.25 -21.875 -7.5
v -10.625 -41.875 -7.5
v -10.625 -21.875 -7.5
v -10 -41.875 -7.5
v -10 -21.875 -7.5
v -9.375 -41.875 -7.5
v -9.375 -21.875 -7.5
v -8.75 -41.875 -7.5
v -8.75 -21.875 -7.5
v -8.125 -41.875 -7.5
v -8.125 -21.875 -7.5
v -7.5 -41.875 -7.5
v -7.5 -21.875 -7.5
v -6.875 -41.875 -7.5
v -6.875 -21.875 -7.5
v -6.25 -41.875 -7.5
v -6.25 -21.875 -7.5
v -5.625 -41.875 -7.5
v -5.625 -21.875 -7.5
v -5 -41.875 -7.5
v -5 -21.875 -7.5
v -4.375 -21.875 -7.5
v -4.375 -41.25 -7.5
v -4.375 -40.625 -7.5
v -14.375 -40 -7.5
v -4.375 -40 -7.5
v -14.375 -39.375 -7.5
v -4.375 -39.375 -7.5
v -14.375 -38.75 -7.5
v -4.375 -38.75 -7.5
v -14.375 -38.125 -7.5
v -4.375 -38.125 -7.5
v -14.375 -37.5 -7.5
v -4.375 -37.5 -7.5
v -14.375 -36.875 -7.5
v -4.375 -36.875 -7.5
v -14.375 -36.25 -7.5
v -4.375 -36.25 -7.5
v -14.375 -35.625 -7.5
v -4.375 -35.625 -7.5
v -14.375 -35 -7.5
v -4.375 -35 -7.5
v -14.375 -34.375 -7.5
v -4.375 -34.375 -7.5
v -14.375 -33.75 -7.5
v -4.375 -33.75 -7.5
v -14.375 -33.125 -7.5
v -4.375 -33.125 -7.5
v -14.375 -32.5 -7.5
v -4.375 -32.5 -7.5
v -14.375 -31.875 -7.5
v -4.375 -31.875 -7.5
v -14.375 -31.25 -7.5
v -4.375 -31.25 -7.5
v -14.375 -30.625 -7.5
v -4.375 -30.625 -7.5
v -14.375 -30 -7.5
v -4.375 -30 -7.5
v -14.375 -29.375 -7.5
v -4.375 -29.375 -7.5
v -14.375 -28.75 -7.5
v -4.375 -28.75 -7.5
v -14.375 -28.125 -7.5
v -4.375 -28.125 -7.5
v -14.375 -27.5 -7.5
v -4.375 -27.5 -7.5
v -14.375 -26.875 -7.5
v -4.375 -26.875 -7.5
v -14.375 -26.25 -7.5
v -4.375 -26.25 -7.5
v -14.375 -25.625 -7.5
v -4.375 -25.625 -7.5
v -14.375 -25 -7.5
v -4.375 -25 -7.5
v -14.375 -24.375 -7.5
v -4.375 -24.375 -7.5
v -14.375 -23.75 -7.5
v -4.375 -23.75 -7.5
v -14.375 -23.125 -7.5
v -4.375 -23.125 -7.5
v -14.375 -22.5 -7.5
v -4.375 -22.5 -7.5
v 0.3125 -10.9375 -7.5
v -3.75 -24.375 -7.5
v -3.125 -24.375 -7.5
v -2.5 -24.375 -7.5
v -1.875 -24.375 -7.5
v -1.25 -24.375 -7.5
v -0.625 -24.375 -7.5
v -0.625 2.5 -7.5
v 0 -24.375 -7.5
v 0 2.5 -7.5
v 0.625 -24.375 -7.5
v 0.625 2.5 -7.5
v 1.25 -24.375 -7.5
v 1.25 2.5 -7.5
v 1.875 -24.375 -7.5
v 1.875 2.5 -7.5
v 2.5 -24.375 -7.5
v 2.5 2.5 -7.5
v 3.125 -24.375 -7.5
v 3.125 2.5 -7.5
v 3.75 -24.375 -7.5
v 3.75 2.5 -7.5
v 4.375 -24.375 -7.5
v 4.375 2.5 -7.5
v 5 2.5 -7.5
v 5.625 2.5 -7.5
v 5.625 -23.75 -7.5
v 5.625 -23.125 -7.5
v 5.625 -22.5 -7.5
v 5.625 -21.875 -7.5
v -4.375 -21.25 -7.5
v 5.625 -21.25 -7.5
v -4.375 -20.625 -7.5
v 5.625 -20.625 -7.5
v -4.375 -20 -7.5
v 5.625 -20 -7.5
v -4.375 -19.375 -7.5
v 5.625 -19.375 -7.5
v -4.375 -18.75 -7.5
v 5.625 -18.75 -7.5
v -4.375 -18.125 -7.5
v 5.625 -18.125 -7.5
v -4.375 -17.5 -7.5
v 5.625 -17.5 -7.5
v -4.375 -16.875 -7.5
v 5.625 -16.875 -7.5
v -4.375 -16.25 -7.5
v 5.625 -16.25 -7.5
v -4.375 -15.625 -7.5
v 5.625 -15.625 -7.5
v -4.375 -15 -7.5
v 5.625 -15 -7.5
v -4.375 -14.375 -7.5
v 5.625 -14.375 -7.5
v -4.375 -13.75 -7.5
v 5.625 -13.75 -7.5
v -4.375 -13.125 -7.5
v 5.625 -13.125 -7.5
v -4.375 -12.5 -7.5
v 5.625 -12.5 -7.5
v -4.375 -11.875 -7.5
v 5.625 -11.875 -7.5
v -4.375 -11.25 -7.5
v 5.625 -11.25 -7.5
v -4.375 -10.625 -7.5
v 5.625 -10.625 -7.5
v -4.375 -10 -7.5
v 5.625 -10 -7.5
v -4.375 -9.375 -7.5
v 5.625 -9.375 -7.5
v -4.375 -8.75 -7.5
v 5.625 -8.75 -7.5
v -4.375 -8.125 -7.5
v 5.625 -8.125 -7.5
v -4.375 -7.5 -7.5
v 5.625 -7.5 -7.5
v -4.375 -6.875 -7.5
v 5.625 -6.875 -7.5
v -4.375 -6.25 -7.5
v 5.625 -6.25 -7.5
v -4.375 -5.625 -7.5
v 5.625 -5.625 -7.5
v -4.375 -5 -7.5
v 5.625 -5 -7.5
v -4.375 -4.375 -7.5
v 5.625 -4.375 -7.5
v -4.375 -3.75 -7.5
v 5.625 -3.75 -7.5
v -4.375 -3.125 -7.5
v 5.625 -3.125 -7.5
v -4.375 -2.5 -7.5
v 5.625 -2.5 -7.5
v -4.375 -1.875 -7.5
v 5.625 -1.875 -7.5
v -4.375 -1.25 -7.5
v 5.625 -1.25 -7.5
v -4.375 -0.625 -7.5
v 5.625 -0.625 -7.5
v -4.375 0 -7.5
v 5.625 0 -7.5
v -4.375 0.625 -7.5
v 5.625 0.625 -7.5
v -4.375 1.25 -7.5
v 5.625 1.25 -7.5
v -4.375 1.875 -7.5
v 5.625 1.875 -7.5
v -13.75 -9.6875 -7.5
v -21.875 -21.875 -7.5
v -22.5 2.5 -7.5
v -21.875 2.5 -7.5
v -21.25 -21.875 -7.5
v -21.25 2.5 -7.5
v -20.625 -21.875 -7.5
v -20.625 2.5 -7.5
v -20 -21.875 -7.5
v -20 2.5 -7.5
v -19.375 -21.875 -7.5
v -19.375 2.5 -7.5
v -18.75 -21.875 -7.5
v -18.75 2.5 -7.5
v -18.125 -21.875 -7.5
v -18.125 2.5 -7.5
v -17.5 -21.875 -7.5
v -17.5 2.5 -7.5
v -16.875 -21.875 -7.5
v -16.875 2.5 -7.5
v -16.25 -21.875 -7.5
v -16.25 2.5 -7.5
v -15.625 -21.875 -7.5
v -15.625 2.5 -7.5
v -15 -21.875 -7.5
v -15 2.5 -7.5
v -14.375 2.5 -7.5
v -13.75 2.5 -7.5
v -13.125 2.5 -7.5
v -12.5 2.5 -7.5
v -11.875 2.5 -7.5
v -11.25 2.5 -7.5
v -10.625 2.5 -7.5
v -22.5 -20.625 -7.5
v -22.5 -20 -7.5
v -22.5 -19.375 -7.5
v -22.5 -18.75 -7.5
v -22.5 -18.125 -7.5
v -22.5 -17.5 -7.5
v -22.5 -16.875 -7.5
v -22.5 -16.25 -7.5
v -22.5 -15.625 -7.5
v -22.5 -15 -7.5
v -22.5 -14.375 -7.5
v -22.5 -13.75 -7.5
v -22.5 -13.125 -7.5
v -22.5 -12.5 -7.5
v -22.5 -11.875 -7.5
v -22.5 -11.25 -7.5
v -22.5 -10.625 -7.5
v -22.5 -10 -7.5
v -22.5 -9.375 -7.5
v -22.5 -8.75 -7.5
v -22.5 -8.125 -7.5
v -22.5 -7.5 -7.5
v -22.5 -6.875 -7.5
v -22.5 -6.25 -7.5
v -22.5 -5.625 -7.5
v -22.5 -5 -7.5
v -22.5 -4.375 -7.5
v -22.5 -3.75 -7.5
v -22.5 -3.125 -7.5
v -22.5 -2.5 -7.5
v -22.5 -1.875 -7.5
v -22.5 -1.25 -7.5
v -22.5 -0.625 -7.5
v -22.5 0 -7.5
v -22.5 0.625 -7.5
v -22.5 1.25 -7.5
v -22.5 1.875 -7.5
v 10.3125 -3.4375 -7.5
v 6.25 -11.875 -7.5
v 6.25 5 -7.5
v 6.875 -11.875 -7.5
v 6.875 5 -7.5
v 7.5 -11.875 -7.5
v 7.5 5 -7.5
v 8.125 -11.875 -7.5
v 8.125 5 -7.5
v 8.75 -11.875 -7.5
v 8.75 5 -7.5
v 9.375 -11.875 -7.5
v 9.375 5 -7.5
v 10 -11.875 -7.5
v 10 5 -7.5
v 10.625 -11.875 -7.5
v 10.625 5 -7.5
v 11.25 -11.875 -7.5
v 11.25 5 -7.5
v 11.875 -11.875 -7.5
v 11.875 5 -7.5
v 12.5 -11.875 -7.5
v 12.5 5 -7.5
v 13.125 -11.875 -7.5
v 13.125 5 -7.5
v 13.75 -11.875 -7.5
v 13.75 5 -7.5
v 14.375 -11.875 -7.5
v 14.375 5 -7.5
v 15 -11.875 -7.5
v 15 5 -7.5
v 15.625 5 -7.5
v 15.625 -11.25 -7.5
v 15.625 -10.625 -7.5
v 15.625 -10 -7.5
v 15.625 -9.375 -7.5
v 15.625 -8.75 -7.5
v 15.625 -8.125 -7.5
v 15.625 -7.5 -7.5
v 15.625 -6.875 -7.5
v 15.625 -6.25 -7.5
v 15.625 -5.625 -7.5
v 15.625 -5 -7.5
v 15.625 -4.375 -7.5
v 15.625 -3.75 -7.5
v 15.625 -3.125 -7.5
v 15.625 -2.5 -7.5
v 15.625 -1.875 -7.5
v 15.625 -1.25 -7.5
v 15.625 -0.625 -7.5
v 15.625 0 -7.5
v 15.625 0.625 -7.5
v 15.625 1.25 -7.5
v 15.625 1.875 -7.5
v 15.625 2.5 -7.5
v 5.625 3.125 -7.5
v 15.625 3.125 -7.5
v 5.625 3.75 -7.5
v 15.625 3.75 -7.5
v 5.625 4.375 -7.5
v 15.625 4.375 -7.5
v -27.8125 1.5625 -7.5
v -32.5 10.625 -7.5
v -31.875 10.625 -7.5
v -31.25 -7.5 -7.5
v -31.25 10.625 -7.5
v -30.625 -7.5 -7.5
v -30.625 10.625 -7.5
v -30 -7.5 -7.5
v -30 10.625 -7.5
v -29.375 -7.5 -7.5
v -29.375 10.625 -7.5
v -28.75 -7.5 -7.5
v -28.75 10.625 -7.5
v -28.125 -7.5 -7.5
v -28.125 10.625 -7.5
v -27.5 -7.5 -7.5
v -27.5 10.625 -7.5
v -26.875 -7.5 -7.5
v -26.875 10.625 -7.5
v -26.25 -7.5 -7.5
v -26.25 10.625 -7.5
v -25.625 -7.5 -7.5
v -25.625 10.625 -7.5
v -25 -7.5 -7.5
v -25 10.625 -7.5
v -24.375 -7.5 -7.5
v -24.375 10.625 -7.5
v -23.75 -7.5 -7.5
v -23.125 -7.5 -7.5
v -32.5 -5.625 -7.5
v -32.5 -5 -7.5
v -32.5 -4.375 -7.5
v -32.5 -3.75 -7.5
v -32.5 -3.125 -7.5
v -32.5 -2.5 -7.5
v -32.5 -1.875 -7.5
v -32.5 -1.25 -7.5
v -32.5 -0.625 -7.5
v -32.5 0 -7.5
v -32.5 0.625 -7.5
v -32.5 1.25 -7.5
v -32.5 1.875 -7.5
v -32.5 2.5 -7.5
v -32.5 3.125 -7.5
v -22.5 3.125 -7.5
v -32.5 3.75 -7.5
v -22.5 3.75 -7.5
v -32.5 4.375 -7.5
v -22.5 4.375 -7.5
v -32.5 5 -7.5
v -22.5 5 -7.5
v -32.5 5.625 -7.5
v -22.5 5.625 -7.5
v -32.5 6.25 -7.5
v -22.5 6.25 -7.5
v -32.5 6.875 -7.5
v -22.5 6.875 -7.5
v -32.5 7.5 -7.5
v -22.5 7.5 -7.5
v -32.5 8.125 -7.5
v -22.5 8.125 -7.5
v -32.5 8.75 -7.5
v -22.5 8.75 -7.5
v -32.5 9.375 -7.5
v -22.5 9.375 -7.5
v -32.5 10 -7.5
v 20.3125 7.5 -7.5
v 16.25 -1.25 -7.5
v 16.25 16.25 -7.5
v 16.875 -1.25 -7.5
v 16.875 16.25 -7.5
v 17.5 -1.25 -7.5
v 17.5 16.25 -7.5
v 18.125 -1.25 -7.5
v 18.125 16.25 -7.5
v 18.75 -1.25 -7.5
v 18.75 16.25 -7.5
v 19.375 -1.25 -7.5
v 19.375 16.25 -7.5
v 20 -1.25 -7.5
v 20 16.25 -7.5
v 20.625 -1.25 -7.5
v 20.625 16.25 -7.5
v 21.25 -1.25 -7.5
v 21.25 16.25 -7.5
v 21.875 -1.25 -7.5
v 21.875 16.25 -7.5
v 22.5 -1.25 -7.5
v 22.5 16.25 -7.5
v 23.125 -1.25 -7.5
v 23.125 16.25 -7.5
v 23.75 -1.25 -7.5
v 23.75 16.25 -7.5
v 24.375 -1.25 -7.5
v 24.375 16.25 -7.5
v 25 -1.25 -7.5
v 25 16.25 -7.5
v 25.625 16.25 -7.5
v 25.625 0 -7.5
v 25.625 0.625 -7.5
v 25.625 1.25 -7.5
v 25.625 1.875 -7.5
v 25.625 2.5 -7.5
v 25.625 3.125 -7.5
v 25.625 3.75 -7.5
v 25.625 4.375 -7.5
v 25.625 5 -7.5
v 15.625 5.625 -7.5
v 25.625 5.625 -7.5
v 15.625 6.25 -7.5
v 25.625 6.25 -7.5
v 15.625 6.875 -7.5
v 25.625 6.875 -7.5
v 15.625 7.5 -7.5
v 25.625 7.5 -7.5
v 15.625 8.125 -7.5
v 25.625 8.125 -7.5
v 15.625 8.75 -7.5
v 25.625 8.75 -7.5
v 15.625 9.375 -7.5
v 25.625 9.375 -7.5
v 15.625 10 -7.5
v 25.625 10 -7.5
v 15.625 10.625 -7.5
v 25.625 10.625 -7.5
v 15.625 11.25 -7.5
v 25.625 11.25 -7.5
v 15.625 11.875 -7.5
v 25.625 11.875 -7.5
v 15.625 12.5 -7.5
v 25.625 12.5 -7.5
v 15.625 13.125 -7.5
v 25.625 13.125 -7.5
v 15.625 13.75 -7.5
v 25.625 13.75 -7.5
v 15.625 14.375 -7.5
v 25.625 14.375 -7.5
v 15.625 15 -7.5
v 25.625 15 -7.5
v 15.625 15.625 -7.5
v 25.625 15.625 -7.5
v -37.8125 16.875 -7.5
v -42.5 26.875 -7.5
v -41.875 26.875 -7.5
v -41.25 6.875 -7.5
v -41.25 26.875 -7.5
v -40.625 6.875 -7.5
v -40.625 26.875 -7.5
v -40 6.875 -7.5
v -40 26.875 -7.5
v -39.375 6.875 -7.5
v -39.375 26.875 -7.5
v -38.75 6.875 -7.5
v -38.75 26.875 -7.5
v -38.125 6.875 -7.5
v -38.125 26.875 -7.5
v -37.5 6.875 -7.5
v -37.5 26.875 -7.5
v -36.875 6.875 -7.5
v -36.875 26.875 -7.5
v -36.25 6.875 -7.5
v -36.25 26.875 -7.5
v -35.625 6.875 -7.5
v -35.625 26.875 -7.5
v -35 6.875 -7.5
v -35 26.875 -7.5
v -34.375 6.875 -7.5
v -34.375 26.875 -7.5
v -33.75 6.875 -7.5
v -33.75 26.875 -7.5
v -33.125 6.875 -7.5
v -33.125 26.875 -7.5
v -32.5 26.875 -7.5
v -42.5 9.375 -7.5
v -42.5 10 -7.5
v -42.5 10.625 -7.5
v -42.5 11.25 -7.5
v -32.5 11.25 -7.5
v -42.5 11.875 -7.5
v -32.5 11.875 -7.5
v -42.5 12.5 -7.5
v -32.5 12.5 -7.5
v -42.5 13.125 -7.5
v -32.5 13.125 -7.5
v -42.5 13.75 -7.5
v -32.5 13.75 -7.5
v -42.5 14.375 -7.5
v -32.5 14.375 -7.5
v -42.5 15 -7.5
v -32.5 15 -7.5
v -42.5 15.625 -7.5
v -32.5 15.625 -7.5
v -42.5 16.25 -7.5
v -32.5 16.25 -7.5
v -42.5 16.875 -7.5
v -32.5 16.875 -7.5
v -42.5 17.5 -7.5
v -32.5 17.5 -7.5
v -42.5 18.125 -7.5
v -32.5 18.125 -7.5
v -42.5 18.75 -7.5
v -32.5 18.75 -7.5
v -42.5 19.375 -7.5
v -32.5 19.375 -7.5
v -42.5 20 -7.5
v -32.5 20 -7.5
v -42.5 20.625 -7.5
v -32.5 20.625 -7.5
v -42.5 21.25 -7.5
v -32.5 21.25 -7.5
v -42.5 21.875 -7.5
v -32.5 21.875 -7.5
v -42.5 22.5 -7.5
v -32.5 22.5 -7.5
v -42.5 23.125 -7.5
v -32.5 23.125 -7.5
v -42.5 23.75 -7.5
v -32.5 23.75 -7.5
v -42.5 24.375 -7.5
v -32.5 24.375 -7.5
v -42.5 25 -7.5
v -32.5 25 -7.5
v -42.5 25.625 -7.5
v -32.5 25.625 -7.5
v -42.5 26.25 -7.5
v -32.5 26.25 -7.5
v 25.625 25.625 -7.5
v 17.5 35 -7.5
v 18.125 35 -7.5
v 18.75 35 -7.5
v 19.375 35 -7.5
v 20 35 -7.5
v 20.625 35 -7.5
v 21.25 35 -7.5
v 21.875 35 -7.5
v 22.5 35 -7.5
v 23.125 35 -7.5
v 23.75 35 -7.5
v 24.375 35 -7.5
v 25 35 -7.5
v 25.625 35 -7.5
v 26.25 16.25 -7.5
v 26.25 35 -7.5
v 26.875 16.25 -7.5
v 26.875 35 -7.5
v 27.5 16.25 -7.5
v 27.5 35 -7.5
v 28.125 16.25 -7.5
v 28.125 35 -7.5
v 28.75 16.25 -7.5
v 28.75 35 -7.5
v 29.375 16.25 -7.5
v 29.375 35 -7.5
v 30 16.25 -7.5
v 30 35 -7.5
v 30.625 16.25 -7.5
v 30.625 35 -7.5
v 31.25 16.25 -7.5
v 31.25 35 -7.5
v 31.875 16.25 -7.5
v 31.875 35 -7.5
v 32.5 16.25 -7.5
v 32.5 35 -7.5
v 33.125 16.25 -7.5
v 33.125 35 -7.5
v 33.75 16.25 -7.5
v 17.5 16.875 -7.5
v 17.5 17.5 -7.5
v 17.5 18.125 -7.5
v 17.5 18.75 -7.5
v 34.375 18.75 -7.5
v 17.5 19.375 -7.5
v 34.375 19.375 -7.5
v 17.5 20 -7.5
v 34.375 20 -7.5
v 17.5 20.625 -7.5
v 34.375 20.625 -7.5
v 17.5 21.25 -7.5
v 34.375 21.25 -7.5
v 34.375 21.875 -7.5
v 34.375 22.5 -7.5
v 34.375 23.125 -7.5
v 34.375 23.75 -7.5
v 34.375 24.375 -7.5
v 34.375 25 -7.5
v 34.375 25.625 -7.5
v 34.375 26.25 -7.5
v 34.375 26.875 -7.5
v 34.375 27.5 -7.5
v 34.375 28.125 -7.5
v 34.375 28.75 -7.5
v 34.375 29.375 -7.5
v 17.5 30 -7.5
v 34.375 30 -7.5
v 17.5 30.625 -7.5
v 34.375 30.625 -7.5
v 17.5 31.25 -7.5
v 17.5 31.875 -7.5
v 17.5 32.5 -7.5
v 17.5 33.125 -7.5
v 17.5 33.75 -7.5
v 17.5 34.375 -7.5
v -36.875 32.5 -7.5
v -43.75 26.875 -7.5
v -44.375 26.875 -7.5
v -43.75 38.125 -7.5
v -43.125 26.875 -7.5
v -43.125 38.125 -7.5
v -42.5 38.125 -7.5
v -41.875 38.125 -7.5
v -41.25 38.125 -7.5
v -40.625 38.125 -7.5
v -40 38.125 -7.5
v -39.375 38.125 -7.5
v -38.75 38.125 -7.5
v -38.125 38.125 -7.5
v -37.5 38.125 -7.5
v -36.875 38.125 -7.5
v -36.25 38.125 -7.5
v -35.625 38.125 -7.5
v -35 38.125 -7.5
v -34.375 38.125 -7.5
v -33.75 38.125 -7.5
v -33.125 38.125 -7.5
v -32.5 38.125 -7.5
v -31.875 26.875 -7.5
v -31.875 38.125 -7.5
v -31.25 26.875 -7.5
v -31.25 38.125 -7.5
v -30.625 26.875 -7.5
v -30.625 38.125 -7.5
v -30 26.875 -7.5
v -30 38.125 -7.5
v -29.375 26.875 -7.5
v -29.375 38.125 -7.5
v -28.75 38.125 -7.5
v -44.375 27.5 -7.5
v -44.375 28.125 -7.5
v -44.375 28.75 -7.5
v -44.375 29.375 -7.5
v -44.375 30 -7.5
v -28.75 30 -7.5
v -44.375 30.625 -7.5
v -28.75 30.625 -7.5
v -44.375 31.25 -7.5
v -28.75 31.25 -7.5
v -44.375 31.875 -7.5
v -28.75 31.875 -7.5
v -44.375 32.5 -7.5
v -28.75 32.5 -7.5
v -44.375 33.125 -7.5
v -28.75 33.125 -7.5
v -44.375 33.75 -7.5
v -28.75 33.75 -7.5
v -44.375 34.375 -7.5
v -28.75 34.375 -7.5
v -44.375 35 -7.5
v -28.75 35 -7.5
v -44.375 35.625 -7.5
v -28.75 35.625 -7.5
v -44.375 36.25 -7.5
v -28.75 36.25 -7.5
v -28.75 36.875 -7.5
v -28.75 37.5 -7.5
v 19.6875 43.75 -7.5
v 15 52.5 -7.5
v 15.625 52.5 -7.5
v 16.25 35 -7.5
v 16.25 52.5 -7.5
v 16.875 35 -7.5
v 16.875 52.5 -7.5
v 17.5 52.5 -7.5
v 18.125 52.5 -7.5
v 18.75 52.5 -7.5
v 19.375 52.5 -7.5
v 20 52.5 -7.5
v 20.625 52.5 -7.5
v 21.25 52.5 -7.5
v 21.875 52.5 -7.5
v 22.5 52.5 -7.5
v 23.125 52.5 -7.5
v 23.75 52.5 -7.5
v 25 35.625 -7.5
v 15 36.25 -7.5
v 25 36.25 -7.5
v 15 36.875 -7.5
v 25 36.875 -7.5
v 15 37.5 -7.5
v 25 37.5 -7.5
v 15 38.125 -7.5
v 25 38.125 -7.5
v 15 38.75 -7.5
v 25 38.75 -7.5
v 15 39.375 -7.5
v 25 39.375 -7.5
v 15 40 -7.5
v 25 40 -7.5
v 15 40.625 -7.5
v 25 40.625 -7.5
v 15 41.25 -7.5
v 25 41.25 -7.5
v 15 41.875 -7.5
v 25 41.875 -7.5
v 15 42.5 -7.5
v 25 42.5 -7.5
v 15 43.125 -7.5
v 25 43.125 -7.5
v 15 43.75 -7.5
v 25 43.75 -7.5
v 15 44.375 -7.5
v 25 44.375 -7.5
v 15 45 -7.5
v 25 45 -7.5
v 15 45.625 -7.5
v 25 45.625 -7.5
v 15 46.25 -7.5
v 25 46.25 -7.5
v 15 46.875 -7.5
v 25 46.875 -7.5
v 15 47.5 -7.5
v 25 47.5 -7.5
v 15 48.125 -7.5
v 25 48.125 -7.5
v 15 48.75 -7.5
v 25 48.75 -7.5
v 15 49.375 -7.5
v 25 49.375 -7.5
v 15 50 -7.5
v 25 50 -7.5
v 15 50.625 -7.5
v 25 50.625 -7.5
v 15 51.25 -7.5
v 25 51.25 -7.5
v 15 51.875 -7.5
v -32.5 43.125 -7.5
v -38.75 48.125 -7.5
v -38.125 48.125 -7.5
v -37.5 48.125 -7.5
v -36.875 48.125 -7.5
v -36.25 48.125 -7.5
v -35.625 48.125 -7.5
v -35 48.125 -7.5
v -34.375 48.125 -7.5
v -33.75 48.125 -7.5
v -33.125 48.125 -7.5
v -32.5 48.125 -7.5
v -31.875 48.125 -7.5
v -31.25 48.125 -7.5
v -30.625 48.125 -7.5
v -30 48.125 -7.5
v -29.375 48.125 -7.5
v -28.75 48.125 -7.5
v -28.125 38.125 -7.5
v -28.125 48.125 -7.5
v -27.5 38.125 -7.5
v -27.5 48.125 -7.5
v -26.875 38.125 -7.5
v -26.875 48.125 -7.5
v -26.25 38.125 -7.5
v -26.25 48.125 -7.5
v -25.625 38.125 -7.5
v -25.625 48.125 -7.5
v -25 48.125 -7.5
v -39.375 38.75 -7.5
v -25 38.75 -7.5
v -39.375 39.375 -7.5
v -25 39.375 -7.5
v -39.375 40 -7.5
v -25 40 -7.5
v -39.375 40.625 -7.5
v -25 40.625 -7.5
v -39.375 41.25 -7.5
v -25 41.25 -7.5
v -39.375 41.875 -7.5
v -25 41.875 -7.5
v -39.375 42.5 -7.5
v -25 42.5 -7.5
v -39.375 43.125 -7.5
v -25 43.125 -7.5
v -39.375 43.75 -7.5
v -25 43.75 -7.5
v -39.375 44.375 -7.5
v -25 44.375 -7.5
v -39.375 45 -7.5
v -25 45 -7.5
v -39.375 45.625 -7.5
v -25 45.625 -7.5
v -39.375 46.25 -7.5
v -25 46.25 -7.5
v -39.375 46.875 -7.5
v -25 46.875 -7.5
v -39.375 47.5 -7.5
v -25 47.5 -7.5
v 9.6875 52.8125 -7.5
v 5 60.625 -7.5
v 5.625 60.625 -7.5
v 6.25 60.625 -7.5
v 6.875 60.625 -7.5
v 7.5 45 -7.5
v 7.5 60.625 -7.5
v 8.125 45 -7.5
v 8.125 60.625 -7.5
v 8.75 45 -7.5
v 8.75 60.625 -7.5
v 9.375 45 -7.5
v 9.375 60.625 -7.5
v 10 45 -7.5
v 10 60.625 -7.5
v 10.625 45 -7.5
v 10.625 60.625 -7.5
v 11.25 45 -7.5
v 11.25 60.625 -7.5
v 11.875 45 -7.5
v 11.875 60.625 -7.5
v 12.5 45 -7.5
v 12.5 60.625 -7.5
v 13.125 45 -7.5
v 13.125 60.625 -7.5
v 13.75 45 -7.5
v 13.75 60.625 -7.5
v 14.375 45 -7.5
v 5 46.25 -7.5
v 5 46.875 -7.5
v 5 47.5 -7.5
v 5 48.125 -7.5
v 5 48.75 -7.5
v 5 49.375 -7.5
v 5 50 -7.5
v 5 50.625 -7.5
v 5 51.25 -7.5
v 5 51.875 -7.5
v 5 52.5 -7.5
v 5 53.125 -7.5
v 15 53.125 -7.5
v 5 53.75 -7.5
v 15 53.75 -7.5
v 5 54.375 -7.5
v 15 54.375 -7.5
v 5 55 -7.5
v 15 55 -7.5
v 5 55.625 -7.5
v 15 55.625 -7.5
v 5 56.25 -7.5
v 15 56.25 -7.5
v 5 56.875 -7.5
v 15 56.875 -7.5
v 5 57.5 -7.5
v 15 57.5 -7.5
v 5 58.125 -7.5
v 15 58.125 -7.5
v 5 58.75 -7.5
v 15 58.75 -7.5
v 5 59.375 -7.5
v 15 59.375 -7.5
v 5 60 -7.5
v 15 60 -7.5
v -20 53.75 -7.5
v -24.375 46.25 -7.5
v -23.75 46.25 -7.5
v -23.75 61.25 -7.5
v -23.125 46.25 -7.5
v -23.125 61.25 -7.5
v -22.5 46.25 -7.5
v -22.5 61.25 -7.5
v -21.875 46.25 -7.5
v -21.875 61.25 -7.5
v -21.25 46.25 -7.5
v -21.25 61.25 -7.5
v -20.625 46.25 -7.5
v -20.625 61.25 -7.5
v -20 46.25 -7.5
v -20 61.25 -7.5
v -19.375 46.25 -7.5
v -19.375 61.25 -7.5
v -18.75 46.25 -7.5
v -18.75 61.25 -7.5
v -18.125 46.25 -7.5
v -18.125 61.25 -7.5
v -17.5 46.25 -7.5
v -17.5 61.25 -7.5
v -16.875 46.25 -7.5
v -16.875 61.25 -7.5
v -16.25 46.25 -7.5
v -16.25 61.25 -7.5
v -15.625 61.25 -7.5
v -15 61.25 -7.5
v -14.375 61.25 -7.5
v -14.375 46.875 -7.5
v -14.375 47.5 -7.5
v -14.375 48.125 -7.5
v -25 48.75 -7.5
v -14.375 48.75 -7.5
v -25 49.375 -7.5
v -14.375 49.375 -7.5
v -25 50 -7.5
v -14.375 50 -7.5
v -25 50.625 -7.5
v -14.375 50.625 -7.5
v -25 51.25 -7.5
v -14.375 51.25 -7.5
v -25 51.875 -7.5
v -14.375 51.875 -7.5
v -25 52.5 -7.5
v -14.375 52.5 -7.5
v -25 53.125 -7.5
v -14.375 53.125 -7.5
v -25 53.75 -7.5
v -14.375 53.75 -7.5
v -25 54.375 -7.5
v -14.375 54.375 -7.5
v -25 55 -7.5
v -14.375 55 -7.5
v -25 55.625 -7.5
v -14.375 55.625 -7.5
v -25 56.25 -7.5
v -14.375 56.25 -7.5
v -25 56.875 -7.5
v -14.375 56.875 -7.5
v -25 57.5 -7.5
v -14.375 57.5 -7.5
v -25 58.125 -7.5
v -14.375 58.125 -7.5
v -25 58.75 -7.5
v -14.375 58.75 -7.5
v -25 59.375 -7.5
v -14.375 59.375 -7.5
v -25 60 -7.5
v -14.375 60 -7.5
v -25 60.625 -7.5
v -14.375 60.625 -7.5
v -5 56.25 -7.5
v -13.75 48.125 -7.5
v -14.375 64.375 -7.5
v -13.75 64.375 -7.5
v -13.125 48.125 -7.5
v -13.125 64.375 -7.5
v -12.5 48.125 -7.5
v -12.5 64.375 -7.5
v -11.875 48.125 -7.5
v -11.875 64.375 -7.5
v -11.25 48.125 -7.5
v -11.25 64.375 -7.5
v -10.625 48.125 -7.5
v -10.625 64.375 -7.5
v -10 64.375 -7.5
v -9.375 64.375 -7.5
v -8.75 64.375 -7.5
v -8.125 64.375 -7.5
v -7.5 64.375 -7.5
v -6.875 64.375 -7.5
v -6.25 64.375 -7.5
v -5.625 64.375 -7.5
v -5 64.375 -7.5
v -4.375 64.375 -7.5
v -3.75 64.375 -7.5
v -3.125 64.375 -7.5
v -2.5 64.375 -7.5
v -1.875 64.375 -7.5
v -1.25 48.125 -7.5
v -1.25 64.375 -7.5
v -0.625 48.125 -7.5
v -0.625 64.375 -7.5
v 0 48.125 -7.5
v 0 64.375 -7.5
v 0.625 48.125 -7.5
v 0.625 64.375 -7.5
v 1.25 48.125 -7.5
v 1.25 64.375 -7.5
v 1.875 48.125 -7.5
v 1.875 64.375 -7.5
v 2.5 48.125 -7.5
v 2.5 64.375 -7.5
v 3.125 48.125 -7.5
v 3.125 64.375 -7.5
v 3.75 48.125 -7.5
v 3.75 64.375 -7.5
v 4.375 48.125 -7.5
v 5 61.25 -7.5
v -14.375 61.875 -7.5
v 5 61.875 -7.5
v -14.375 62.5 -7.5
v 5 62.5 -7.5
v -14.375 63.125 -7.5
v 5 63.125 -7.5
v -14.375 63.75 -7.5
v 5 63.75 -7.5
v -1.5625 -27.5 -7.5
v -3.75 -30.625 -7.5
v -3.125 -30.625 -7.5
v -2.5 -30.625 -7.5
v -1.875 -30.625 -7.5
v -1.25 -30.625 -7.5
v -0.625 -30.625 -7.5
v 0 -30.625 -7.5
v 0.625 -30.625 -7.5
v 1.875 -30 -7.5
v 1.875 -29.375 -7.5
v 1.875 -28.75 -7.5
v 1.875 -28.125 -7.5
v 1.875 -27.5 -7.5
v 1.875 -26.875 -7.5
v 1.875 -26.25 -7.5
v 1.875 -25.625 -7.5
v 1.875 -25 -7.5
v 28.4375 12.1875 -7.5
v 26.25 8.125 -7.5
v 26.875 8.125 -7.5
v 27.5 8.125 -7.5
v 28.125 8.125 -7.5
v 28.75 8.125 -7.5
v 29.375 8.125 -7.5
v 30 8.125 -7.5
v 30.625 8.125 -7.5
v 31.25 8.125 -7.5
v 31.875 9.375 -7.5
v 31.875 10 -7.5
v 31.875 10.625 -7.5
v 31.875 11.25 -7.5
v 31.875 11.875 -7.5
v 31.875 12.5 -7.5
v 31.875 13.125 -7.5
v 31.875 13.75 -7.5
v 31.875 14.375 -7.5
v 31.875 15 -7.5
v 31.875 15.625 -7.5
v 27.8125 39.375 -7.5
v 25.625 43.75 -7.5
v 26.25 43.75 -7.5
v 26.875 43.75 -7.5
v 27.5 43.75 -7.5
v 28.125 43.75 -7.5
v 28.75 43.75 -7.5
v 29.375 43.75 -7.5
v 30 43.75 -7.5
v 31.25 35.625 -7.5
v 31.25 36.25 -7.5
v 31.25 36.875 -7.5
v 31.25 37.5 -7.5
v 31.25 38.125 -7.5
v 31.25 38.75 -7.5
v 31.25 39.375 -7.5
v 31.25 40 -7.5
v 31.25 40.625 -7.5
v 31.25 41.25 -7.5
v -29.6875 51.25 -7.5
v -33.125 54.375 -7.5
v -32.5 54.375 -7.5
v -31.875 54.375 -7.5
v -31.25 54.375 -7.5
v -30.625 54.375 -7.5
v -30 54.375 -7.5
v -29.375 54.375 -7.5
v -28.75 54.375 -7.5
v -28.125 54.375 -7.5
v -27.5 54.375 -7.5
v -26.875 54.375 -7.5
v -26.25 54.375 -7.5
v -25.625 54.375 -7.5
v -33.75 48.75 -7.5
v -33.75 49.375 -7.5
v -33.75 50 -7.5
v -33.75 50.625 -7.5
v -33.75 51.25 -7.5
v -33.75 51.875 -7.5
v -33.75 52.5 -7.5
v -33.75 53.125 -7.5
v -33.75 53.75 -7.5
v -9.6875 -45.3125 -7.5
v -11.25 -48.75 -7.5
v -10.625 -48.75 -7.5
v -10 -48.75 -7.5
v -9.375 -48.75 -7.5
v -8.75 -48.75 -7.5
v -8.125 -48.75 -7.5
v -7.5 -48.75 -7.5
v -6.875 -47.5 -7.5
v -11.875 -46.875 -7.5
v -6.875 -46.875 -7.5
v -11.875 -46.25 -7.5
v -6.875 -46.25 -7.5
v -11.875 -45.625 -7.5
v -6.875 -45.625 -7.5
v -11.875 -45 -7.5
v -6.875 -45 -7.5
v -11.875 -44.375 -7.5
v -6.875 -44.375 -7.5
v -11.875 -43.75 -7.5
v -6.875 -43.75 -7.5
v -11.875 -43.125 -7.5
v -6.875 -43.125 -7.5
v -11.875 -42.5 -7.5
v -6.875 -42.5 -7.5
v -17.1875 -25.3125 -7.5
v -18.125 -28.75 -7.5
v -17.5 -28.75 -7.5
v -16.875 -28.75 -7.5
v -16.25 -28.75 -7.5
v -15.625 -28.75 -7.5
v -15 -28.75 -7.5
v -19.375 -27.5 -7.5
v -19.375 -26.875 -7.5
v -19.375 -26.25 -7.5
v -19.375 -25.625 -7.5
v -19.375 -25 -7.5
v -19.375 -24.375 -7.5
v -19.375 -23.75 -7.5
v -19.375 -23.125 -7.5
v -19.375 -22.5 -7.5
v 7.8125 -15 -7.5
v 6.25 -18.125 -7.5
v 6.875 -18.125 -7.5
v 7.5 -18.125 -7.5
v 8.125 -18.125 -7.5
v 8.75 -18.125 -7.5
v 9.375 -18.125 -7.5
v 10 -18.125 -7.5
v 10.625 -16.875 -7.5
v 10.625 -16.25 -7.5
v 10.625 -15.625 -7.5
v 10.625 -15 -7.5
v 10.625 -14.375 -7.5
v 10.625 -13.75 -7.5
v 10.625 -13.125 -7.5
v 10.625 -12.5 -7.5
v -25.3125 -10.9375 -7.5
v -26.25 -14.375 -7.5
v -25.625 -14.375 -7.5
v -25 -14.375 -7.5
v -24.375 -14.375 -7.5
v -23.75 -14.375 -7.5
v -23.125 -14.375 -7.5
v -27.5 -13.125 -7.5
v -27.5 -12.5 -7.5
v -27.5 -11.875 -7.5
v -27.5 -11.25 -7.5
v -27.5 -10.625 -7.5
v -27.5 -10 -7.5
v -27.5 -9.375 -7.5
v -27.5 -8.75 -7.5
v -27.5 -8.125 -7.5
v 17.8125 -4.0625 -7.5
v 16.25 -6.875 -7.5
v 16.875 -6.875 -7.5
v 17.5 -6.875 -7.5
v 18.125 -6.875 -7.5
v 18.75 -6.875 -7.5
v 19.375 -6.875 -7.5
v 20 -6.875 -7.5
v 20.625 -5.625 -7.5
v 20.625 -5 -7.5
v 20.625 -4.375 -7.5
v 20.625 -3.75 -7.5
v 20.625 -3.125 -7.5
v 20.625 -2.5 -7.5
v 20.625 -1.875 -7.5
v -35.3125 3.125 -7.5
v -36.25 -0.625 -7.5
v -35.625 -0.625 -7.5
v -35 -0.625 -7.5
v -34.375 -0.625 -7.5
v -33.75 -0.625 -7.5
v -33.125 -0.625 -7.5
v -37.5 0.625 -7.5
v -37.5 1.25 -7.5
v -37.5 1.875 -7.5
v -37.5 2.5 -7.5
v -37.5 3.125 -7.5
v -37.5 3.75 -7.5
v -37.5 4.375 -7.5
v -37.5 5 -7.5
v -37.5 5.625 -7.5
v -37.5 6.25 -7.5
v -30.3125 15 -7.5
v -31.875 19.375 -7.5
v -31.25 19.375 -7.5
v -30.625 19.375 -7.5
v -30 19.375 -7.5
v -29.375 19.375 -7.5
v -28.75 19.375 -7.5
v -27.5 11.25 -7.5
v -27.5 11.875 -7.5
v -27.5 12.5 -7.5
v -27.5 13.125 -7.5
v -27.5 13.75 -7.5
v -27.5 14.375 -7.5
v -27.5 15 -7.5
v -27.5 15.625 -7.5
v -27.5 16.25 -7.5
v -27.5 16.875 -7.5
v 17.1875 55 -7.5
v 15.625 57.5 -7.5
v 16.25 57.5 -7.5
v 16.875 57.5 -7.5
v 17.5 57.5 -7.5
v 18.125 57.5 -7.5
v 18.75 57.5 -7.5
v 20 53.125 -7.5
v 20 53.75 -7.5
v 20 54.375 -7.5
v 20 55 -7.5
v 20 55.625 -7.5
v 20 56.25 -7.5
v -2.8125 -33.125 -7.5
v -3.75 -35.625 -7.5
v -3.125 -35.625 -7.5
v -2.5 -35.625 -7.5
v -1.875 -35.625 -7.5
v -1.25 -35.625 -7.5
v -0.625 -33.75 -7.5
v -0.625 -33.125 -7.5
v -0.625 -32.5 -7.5
v -0.625 -31.875 -7.5
v -0.625 -31.25 -7.5
v -20.9375 4.6875 -7.5
v -21.875 6.875 -7.5
v -21.25 6.875 -7.5
v -20.625 6.875 -7.5
v -18.75 3.125 -7.5
v -18.75 3.75 -7.5
v -18.75 4.375 -7.5
v -18.75 5 -7.5
v -18.75 5.625 -7.5
v -18.75 6.25 -7.5
v 27.1875 5.9375 -7.5
v 26.25 3.75 -7.5
v 26.875 3.75 -7.5
v 27.5 3.75 -7.5
v 28.125 3.75 -7.5
v 28.75 3.75 -7.5
v 29.375 5 -7.5
v 29.375 5.625 -7.5
v 29.375 6.25 -7.5
v 29.375 6.875 -7.5
v 29.375 7.5 -7.5
v 12.8125 7.1875 -7.5
v 11.25 9.375 -7.5
v 11.875 9.375 -7.5
v 12.5 9.375 -7.5
v 13.125 9.375 -7.5
v 13.75 9.375 -7.5
v 14.375 9.375 -7.5
v 15 9.375 -7.5
v 10.625 5.625 -7.5
v 10.625 6.25 -7.5
v 10.625 6.875 -7.5
v 10.625 7.5 -7.5
v 10.625 8.125 -7.5
v -44.6875 23.125 -7.5
v -45.625 26.875 -7.5
v -45 19.375 -7.5
v -45 26.875 -7.5
v -44.375 19.375 -7.5
v -43.75 19.375 -7.5
v -43.125 19.375 -7.5
v -30.9375 23.125 -7.5
v -28.75 20 -7.5
v -28.75 20.625 -7.5
v -41.5625 40 -7.5
v -42.5 41.875 -7.5
v -41.875 41.875 -7.5
v -41.25 41.875 -7.5
v -40.625 41.875 -7.5
v -40 41.875 -7.5
v -43.125 38.75 -7.5
v -43.125 39.375 -7.5
v -43.125 40 -7.5
v 12.5 42.8125 -7.5
v 12.5 40.625 -7.5
v 13.125 40.625 -7.5
v 13.75 40.625 -7.5
v 14.375 40.625 -7.5
v 10.625 42.5 -7.5
v 10.625 43.125 -7.5
v 10.625 43.75 -7.5
v 10.625 44.375 -7.5
v -23.4375 44.0625 -7.5
v -24.375 41.875 -7.5
v -23.75 41.875 -7.5
v -23.125 41.875 -7.5
v -22.5 41.875 -7.5
v -21.875 41.875 -7.5
v -21.25 43.125 -7.5
v -21.25 43.75 -7.5
v -21.25 44.375 -7.5
v -21.25 45 -7.5
v -21.25 45.625 -7.5
v 26.5625 45.9375 -7.5
v 25.625 48.125 -7.5
v 26.25 48.125 -7.5
v 26.875 48.125 -7.5
v 27.5 48.125 -7.5
v 28.75 44.375 -7.5
v 28.75 45 -7.5
v 28.75 45.625 -7.5
v 28.75 46.25 -7.5
v 28.75 46.875 -7.5
v -27.8125 56.25 -7.5
v -28.75 58.125 -7.5
v -28.125 58.125 -7.5
v -27.5 58.125 -7.5
v -26.875 58.125 -7.5
v -26.25 58.125 -7.5
v -25.625 58.125 -7.5
v -30 55 -7.5
v -30 55.625 -7.5
v -30 56.25 -7.5
v -30 56.875 -7.5
v -30 57.5 -7.5
v -10.3125 -50.3125 -7.5
v -8.75 -51.25 -7.5
v -8.75 -50.625 -7.5
v -8.75 -50 -7.5
v -11.25 -49.375 -7.5
v -8.75 -49.375 -7.5
v -15.9375 -32.1875 -7.5
v -15.625 -35.625 -7.5
v -15 -35.625 -7.5
v -16.875 -33.125 -7.5
v -16.875 -32.5 -7.5
v -16.875 -31.875 -7.5
v -16.875 -31.25 -7.5
v -16.875 -30.625 -7.5
v -16.875 -30 -7.5
v -16.875 -29.375 -7.5
v 2.8125 -25.625 -7.5
v 2.5 -26.875 -7.5
v 3.125 -26.875 -7.5
v 3.75 -26.875 -7.5
v 4.375 -25.625 -7.5
v 4.375 -25 -7.5
v 6.5625 -19.6875 -7.5
v 6.25 -21.25 -7.5
v 6.875 -21.25 -7.5
v 7.5 -21.25 -7.5
v 8.125 -20.625 -7.5
v 8.125 -20 -7.5
v 8.125 -19.375 -7.5
v 8.125 -18.75 -7.5
v -24.0625 -16.5625 -7.5
v -23.75 -18.75 -7.5
v -23.125 -18.75 -7.5
v -25 -16.875 -7.5
v -25 -16.25 -7.5
v -25 -15.625 -7.5
v -25 -15 -7.5
v 11.5625 -13.4375 -7.5
v 11.25 -15 -7.5
v 11.875 -15 -7.5
v 13.125 -14.375 -7.5
v 13.125 -13.75 -7.5
v 13.125 -13.125 -7.5
v 13.125 -12.5 -7.5
v -29.0625 -9.375 -7.5
v -28.75 -11.25 -7.5
v -28.125 -11.25 -7.5
v -30 -9.375 -7.5
v -30 -8.75 -7.5
v -30 -8.125 -7.5
v 16.5625 -8.125 -7.5
v 16.25 -9.375 -7.5
v 16.875 -9.375 -7.5
v 17.5 -9.375 -7.5
v 18.125 -8.75 -7.5
v 18.125 -8.125 -7.5
v 18.125 -7.5 -7.5
v -34.0625 -2.5 -7.5
v -33.75 -4.375 -7.5
v -33.125 -4.375 -7.5
v -35 -3.125 -7.5
v -35 -2.5 -7.5
v -35 -1.875 -7.5
v -35 -1.25 -7.5
v 21.5625 -2.5 -7.5
v 21.25 -3.75 -7.5
v 21.875 -3.75 -7.5
v 22.5 -3.75 -7.5
v 23.125 -3.125 -7.5
v 23.125 -2.5 -7.5
v 23.125 -1.875 -7.5
v -17.8125 3.75 -7.5
v -18.125 5 -7.5
v -16.25 3.125 -7.5
v -16.25 3.75 -7.5
v -16.25 4.375 -7.5
v -39.0625 5 -7.5
v -38.75 3.125 -7.5
v -38.125 3.125 -7.5
v -40 4.375 -7.5
v -40 5 -7.5
v -40 5.625 -7.5
v -40 6.25 -7.5
v 14.0625 10.625 -7.5
v 13.75 11.875 -7.5
v 14.375 11.875 -7.5
v 15 11.875 -7.5
v 13.125 10 -7.5
v 13.125 10.625 -7.5
v 13.125 11.25 -7.5
v -26.5625 12.1875 -7.5
v -26.875 13.75 -7.5
v -26.25 13.75 -7.5
v -25 11.25 -7.5
v -25 11.875 -7.5
v -44.0625 16.5625 -7.5
v -43.75 13.75 -7.5
v -43.125 13.75 -7.5
v -45 16.875 -7.5
v -45 17.5 -7.5
v -45 18.125 -7.5
v -45 18.75 -7.5
v -27.8125 36.875 -7.5
v -28.125 35.625 -7.5
v -27.5 35.625 -7.5
v -26.875 35.625 -7.5
v -26.25 36.25 -7.5
v -26.25 36.875 -7.5
v -26.25 37.5 -7.5
v -20.3125 45 -7.5
v -20.625 43.75 -7.5
v -20 43.75 -7.5
v -18.75 44.375 -7.5
v -18.75 45 -7.5
v -18.75 45.625 -7.5
v -35.9375 49.375 -7.5
v -36.875 50.625 -7.5
v -36.25 50.625 -7.5
v -35.625 50.625 -7.5
v -35 50.625 -7.5
v -34.375 50.625 -7.5
v -37.5 48.75 -7.5
v -37.5 49.375 -7.5
v -37.5 50 -7.5
v 20.9375 53.75 -7.5
v 20.625 55 -7.5
v 21.25 55 -7.5
v 22.5 53.125 -7.5
v 22.5 53.75 -7.5
v 5.9375 62.1875 -7.5
v 5.625 63.75 -7.5
v 6.25 63.75 -7.5
v 7.5 61.25 -7.5
v 7.5 61.875 -7.5
v 7.5 62.5 -7.5
v 7.5 63.125 -7.5
v 8.4375 61.875 -7.5
v 8.125 63.125 -7.5
v 10 61.25 -7.5
v 10 61.875 -7.5
v -17.5 62.5 -7.5
v -18.125 63.75 -7.5
v -17.5 63.75 -7.5
v -16.875 63.75 -7.5
v -16.25 63.75 -7.5
v -15.625 63.75 -7.5
v -15 63.75 -7.5
v -20 61.875 -7.5
v -20 62.5 -7.5
v -20 63.125 -7.5
v -6.25 -43.4375 -7.5
v -6.25 -45 -7.5
v -5.625 -45 -7.5
v -5 -43.125 -7.5
v -5 -42.5 -7.5
v -13.125 -42.8125 -7.5
v -12.5 -43.75 -7.5
v -3.75 -37.5 -7.5
v -3.75 -39.375 -7.5
v -3.125 -39.375 -7.5
v -2.5 -36.875 -7.5
v -2.5 -36.25 -7.5
v -18.125 -29.6875 -7.5
v -17.5 -30.625 -7.5
v -20.625 -23.4375 -7.5
v -20 -25 -7.5
v -21.25 -23.125 -7.5
v -21.25 -22.5 -7.5
v -38.75 2.1875 -7.5
v 26.25 2.5 -7.5
v 26.25 1.25 -7.5
v 27.5 1.875 -7.5
v 27.5 2.5 -7.5
v 27.5 3.125 -7.5
v -15.625 3.4375 -7.5
v -14.375 3.125 -7.5
v -14.375 3.75 -7.5
v 4.375 3.4375 -7.5
v 4.375 4.375 -7.5
v 5 4.375 -7.5
v 3.75 3.125 -7.5
v 3.75 3.75 -7.5
v 8.75 5.9375 -7.5
v 9.375 6.875 -7.5
v 10 6.875 -7.5
v 7.5 5.625 -7.5
v 7.5 6.25 -7.5
v -21.875 7.8125 -7.5
v -20.625 7.5 -7.5
v -43.75 12.5 -7.5
v -43.125 11.25 -7.5
v 32.5 14.6875 -7.5
v 32.5 13.125 -7.5
v 33.125 13.125 -7.5
v 33.75 15 -7.5
v 33.75 15.625 -7.5
v -45.625 28.75 -7.5
v -45.625 30.625 -7.5
v -45 30.625 -7.5
v 16.25 34.0625 -7.5
v 16.875 33.125 -7.5
v -28.125 34.6875 -7.5
v -28.125 33.75 -7.5
v -27.5 33.75 -7.5
v 32.1875 35.9375 -7.5
v 31.875 36.875 -7.5
v 32.5 36.875 -7.5
v 31.875 37.8125 -7.5
v 31.875 38.75 -7.5
v 13.75 39.0625 -7.5
v 14.375 37.5 -7.5
v 13.125 39.375 -7.5
v 13.125 40 -7.5
v -24.375 40.9375 -7.5
v -24.375 40 -7.5
v -23.75 40 -7.5
v -23.125 41.25 -7.5
v -40.9375 42.8125 -7.5
v -41.25 43.75 -7.5
v -40.625 43.75 -7.5
v -40 43.75 -7.5
v -41.875 42.5 -7.5
v -41.875 43.125 -7.5
v 9.375 43.75 -7.5
v 10 42.5 -7.5
v 8.75 44.375 -7.5
v -40.625 44.6875 -7.5
v -40.625 45.625 -7.5
v -40 45.625 -7.5
v 3.4375 47.1875 -7.5
v 2.5 47.5 -7.5
v 25.625 49.375 -7.5
v 25.625 50.625 -7.5
v 26.875 48.75 -7.5
v 26.875 49.375 -7.5
v -35 51.5625 -7.5
v -35 52.5 -7.5
v -34.375 52.5 -7.5
v -35.625 51.25 -7.5
v -35.625 51.875 -7.5
v -31.25 55.3125 -7.5
v -31.25 56.25 -7.5
v -30.625 56.25 -7.5
v -31.875 55 -7.5
v -31.875 55.625 -7.5
v 15.625 58.4375 -7.5
v 15.625 59.375 -7.5
v 16.875 58.125 -7.5
v 16.875 58.75 -7.5
v -26.25 59.0625 -7.5
v -26.25 60 -7.5
v -25.625 60 -7.5
v -26.875 58.75 -7.5
v -26.875 59.375 -7.5
v 10.625 61.5625 -7.5
v 11.875 61.25 -7.5
v -12.8125 -45 -7.5
v -4.0625 -40 -7.5
v -3.75 -40.625 -7.5
v -15.3125 -37.1875 -7.5
v -2.1875 -36.25 -7.5
v -1.875 -36.875 -7.5
v -0.3125 -32.1875 -7.5
v 0 -33.75 -7.5
v 0.625 -31.875 -7.5
v 0.625 -31.25 -7.5
v -17.8125 -31.25 -7.5
v 2.1875 -27.8125 -7.5
v 2.5 -28.75 -7.5
v -20.3125 -25.9375 -7.5
v 5.9375 -21.875 -7.5
v 6.25 -22.5 -7.5
v 6.875 -21.875 -7.5
v -23.4375 -19.6875 -7.5
v 8.4375 -18.75 -7.5
v 9.375 -18.75 -7.5
v -25.9375 -15.625 -7.5
v -26.25 -15 -7.5
v 10.9375 -15.625 -7.5
v 11.25 -16.25 -7.5
v 13.4375 -12.5 -7.5
v 13.75 -13.125 -7.5
v 14.375 -12.5 -7.5
v 15.9375 -10 -7.5
v 16.25 -10.625 -7.5
v 16.875 -10 -7.5
v -30.9375 -8.4375 -7.5
v 18.4375 -7.5 -7.5
v 19.375 -7.5 -7.5
v -33.4375 -5.3125 -7.5
v -33.75 -5 -7.5
v 20.9375 -4.375 -7.5
v 21.25 -5 -7.5
v -35.9375 -1.5625 -7.5
v -36.25 -1.25 -7.5
v 23.4375 -1.875 -7.5
v 24.375 -1.875 -7.5
v 25.9375 0.625 -7.5
v 26.25 0 -7.5
v 27.8125 3.125 -7.5
v 28.125 2.5 -7.5
v -40.9375 5.9375 -7.5
v -41.25 6.25 -7.5
v -18.4375 5.625 -7.5
v 29.6875 6.875 -7.5
v 30 5.625 -7.5
v 30.625 7.5 -7.5
v 9.6875 7.5 -7.5
v 9.375 7.5 -7.5
v 12.1875 10 -7.5
v 11.875 10 -7.5
v -43.4375 10.625 -7.5
v -24.6875 11.25 -7.5
v 32.1875 12.1875 -7.5
v 32.5 11.25 -7.5
v 14.375 12.5 -7.5
v 14.375 13.125 -7.5
v 15 13.125 -7.5
v -27.1875 14.6875 -7.5
v 16.5625 17.5 -7.5
v 16.875 18.75 -7.5
v -45.3125 32.5 -7.5
v -45 34.375 -7.5
v 16.5625 32.1875 -7.5
v -28.4375 33.125 -7.5
v -28.125 32.5 -7.5
v 31.5625 39.6875 -7.5
v 7.5 44.375 -7.5
v 29.375 44.375 -7.5
v 29.375 45 -7.5
v -18.125 45.625 -7.5
v -18.125 45 -7.5
v -16.875 45.625 -7.5
v 29.0625 45.625 -7.5
v -13.75 47.5 -7.5
v -12.5 47.5 -7.5
v 1.5625 47.5 -7.5
v -38.4375 48.75 -7.5
v -38.125 49.375 -7.5
v 27.1875 48.75 -7.5
v 22.8125 53.125 -7.5
v 20.3125 55.625 -7.5
v 17.1875 58.125 -7.5
v -27.8125 58.75 -7.5
v -28.125 58.75 -7.5
v -21.5625 61.875 -7.5
v -21.25 62.5 -7.5
v -20.625 62.5 -7.5
v -22.5 61.875 -7.5
v -8.125 -49.375 -7.5
v -6.25 -45.625 -7.5
v 3.125 3.125 -7.5
v 15 13.75 -7.5
v -25.625 37.5 -7.5
v -24.375 39.375 -7.5
v -22.5 41.25 -7.5
v -20.625 43.125 -7.5
v -40 46.25 -7.5
v -36.25 51.25 -7.5
v -34.375 53.125 -7.5
v -32.5 55 -7.5
v -30.625 56.875 -7.5
v -15 64.375 -7.5
v -12.5 65 -7.5
v -11.875 65 -7.5
v -11.25 65 -7.5
v -10.625 65 -7.5
v -10 65 -7.5
v -9.375 65 -7.5
v -8.75 65 -7.5
v -8.125 65 -7.5
v -7.5 65 -7.5
v -6.875 65 -7.5
v -6.25 65 -7.5
v -5.625 65 -7.5
v -5 65 -7.5
v -4.375 65 -7.5
v -3.75 65 -7.5
v -3.125 65 -7.5
v -2.5 65 -7.5
v -1.875 65 -7.5
v -1.25 65 -7.5
v -0.625 65 -7.5
v 0 65 -7.5
v 0.625 65 -7.5
vn 0 0 1
vn -0.99913 0 0.04163
vn 0 -0.99913 0.04163
vn 0.7068 -0.7068 0.02945
vn 0.99913 -0 0.04163
vn -0 0.99913 0.04163
vn -0.7068 0.7068 0.02945
vn 0 0 -1
f 1//1 2//1 3//1
f 3//1 4//1 5//1
f 2//1 6//1 3//1
f 3//1 7//1 4//1
f 6//1 8//1 3//1
f 3//1 9//1 7//1
f 8//1 10//1 3//1
f 3//1 11//1 9//1
f 10//1 12//1 3//1
f 3//1 13//1 11//1
f 12//1 14//1 3//1
f 3//1 15//1 13//1
f 14//1 16//1 3//1
f 3//1 17//1 15//1
f 16//1 18//1 3//1
f 3//1 19//1 17//1
f 18//1 20//1 3//1
f 3//1 21//1 19//1
f 20//1 22//1 3//1
f 3//1 23//1 21//1
f 22//1 24//1 3//1
f 3//1 25//1 23//1
f 24//1 26//1 3//1
f 3//1 27//1 25//1
f 26//1 28//1 3//1
f 3//1 29//1 27//1
f 28//1 30//1 3//1
f 3//1 31//1 29//1
f 30//1 32//1 3//1
f 3//1 33//1 31//1
f 32//1 34//1 3//1
f 3//1 35//1 33//1
f 1//1 3//1 36//1
f 34//1 37//1 3//1
f 36//1 3//1 38//1
f 37//1 39//1 3//1
f 38//1 3//1 40//1
f 39//1 41//1 3//1
f 40//1 3//1 42//1
f 41//1 43//1 3//1
f 42//1 3//1 44//1
f 43//1 45//1 3//1
f 44//1 3//1 46//1
f 45//1 47//1 3//1
f 46//1 3//1 48//1
f 47//1 49//1 3//1
f 48//1 3//1 50//1
f 49//1 51//1 3//1
f 50//1 3//1 52//1
f 51//1 53//1 3//1
f 52//1 3//1 54//1
f 53//1 55//1 3//1
f 54//1 3//1 56//1
f 55//1 57//1 3//1
f 56//1 3//1 58//1
f 57//1 59//1 3//1
f 58//1 3//1 60//1
f 59//1 61//1 3//1
f 60//1 3//1 62//1
f 61//1 63//1 3//1
f 62//1 3//1 64//1
f 63//1 65//1 3//1
f 64//1 3//1 66//1
f 65//1 67//1 3//1
f 66//1 3//1 68//1
f 67//1 69//1 3//1
f 68//1 3//1 70//1
f 69//1 71//1 3//1
f 70//1 3//1 72//1
f 71//1 73//1 3//1
f 72//1 3//1 74//1
f 73//1 75//1 3//1
f 74//1 3//1 76//1
f 75//1 77//1 3//1
f 76//1 3//1 78//1
f 77//1 79//1 3//1
f 78//1 3//1 80//1
f 79//1 81//1 3//1
f 80//1 3//1 82//1
f 81//1 83//1 3//1
f 82//1 3//1 84//1
f 83//1 85//1 3//1
f 84//1 3//1 86//1
f 85//1 87//1 3//1
f 86//1 3//1 88//1
f 87//1 89//1 3//1
f 88//1 3//1 90//1
f 89//1 91//1 3//1
f 90//1 3//1 92//1
f 91//1 93//1 3//1
f 92//1 3//1 94//1
f 93//1 95//1 3//1
f 94//1 3//1 96//1
f 95//1 97//1 3//1
f 96//1 3//1 5//1
f 97//1 35//1 3//1
f 93//1 98//1 99//1
f 99//1 100//1 101//1
f 98//1 102//1 99//1
f 99//1 103//1 100//1
f 102//1 104//1 99//1
f 99//1 105//1 103//1
f 104//1 106//1 99//1
f 99//1 107//1 105//1
f 106//1 108//1 99//1
f 99//1 109//1 107//1
f 108//1 110//1 99//1
f 99//1 111//1 109//1
f 110//1 112//1 99//1
f 99//1 113//1 111//1
f 112//1 114//1 99//1
f 99//1 115//1 113//1
f 114//1 116//1 99//1
f 99//1 117//1 115//1
f 116//1 118//1 99//1
f 99//1 119//1 117//1
f 118//1 120//1 99//1
f 99//1 121//1 119//1
f 120//1 122//1 99//1
f 99//1 123//1 121//1
f 122//1 124//1 99//1
f 99//1 125//1 123//1
f 124//1 126//1 99//1
f 99//1 127//1 125//1
f 126//1 128//1 99//1
f 99//1 129//1 127//1
f 128//1 130//1 99//1
f 99//1 131//1 129//1
f 93//1 99//1 95//1
f 130//1 132//1 99//1
f 95//1 99//1 97//1
f 132//1 133//1 99//1
f 97//1 99//1 35//1
f 133//1 134//1 99//1
f 35//1 99//1 135//1
f 134//1 136//1 99//1
f 135//1 99//1 137//1
f 136//1 138//1 99//1
f 137//1 99//1 139//1
f 138//1 140//1 99//1
f 139//1 99//1 141//1
f 140//1 142//1 99//1
f 141//1 99//1 143//1
f 142//1 144//1 99//1
f 143//1 99//1 145//1
f 144//1 146//1 99//1
f 145//1 99//1 147//1
f 146//1 148//1 99//1
f 147//1 99//1 149//1
f 148//1 150//1 99//1
f 149//1 99//1 151//1
f 150//1 152//1 99//1
f 151//1 99//1 153//1
f 152//1 154//1 99//1
f 153//1 99//1 155//1
f 154//1 156//1 99//1
f 155//1 99//1 157//1
f 156//1 158//1 99//1
f 157//1 99//1 159//1
f 158//1 160//1 99//1
f 159//1 99//1 161//1
f 160//1 162//1 99//1
f 161//1 99//1 163//1
f 162//1 164//1 99//1
f 163//1 99//1 165//1
f 164//1 166//1 99//1
f 165//1 99//1 167//1
f 166//1 168//1 99//1
f 167//1 99//1 169//1
f 168//1 170//1 99//1
f 169//1 99//1 171//1
f 170//1 172//1 99//1
f 171//1 99//1 173//1
f 172//1 174//1 99//1
f 173//1 99//1 175//1
f 174//1 176//1 99//1
f 175//1 99//1 177//1
f 176//1 178//1 99//1
f 177//1 99//1 179//1
f 178//1 180//1 99//1
f 179//1 99//1 181//1
f 180//1 182//1 99//1
f 181//1 99//1 183//1
f 182//1 184//1 99//1
f 183//1 99//1 185//1
f 184//1 186//1 99//1
f 185//1 99//1 187//1
f 186//1 188//1 99//1
f 187//1 99//1 189//1
f 188//1 190//1 99//1
f 189//1 99//1 191//1
f 190//1 192//1 99//1
f 191//1 99//1 193//1
f 192//1 194//1 99//1
f 193//1 99//1 195//1
f 194//1 196//1 99//1
f 195//1 99//1 197//1
f 196//1 198//1 99//1
f 197//1 99//1 199//1
f 198//1 200//1 99//1
f 199//1 99//1 201//1
f 200//1 202//1 99//1
f 201//1 99//1 203//1
f 202//1 204//1 99//1
f 203//1 99//1 101//1
f 204//1 131//1 99//1
f 205//1 206//1 207//1
f 207//1 208//1 209//1
f 206//1 210//1 207//1
f 207//1 211//1 208//1
f 210//1 212//1 207//1
f 207//1 213//1 211//1
f 212//1 214//1 207//1
f 207//1 215//1 213//1
f 214//1 216//1 207//1
f 207//1 217//1 215//1
f 216//1 218//1 207//1
f 207//1 219//1 217//1
f 218//1 220//1 207//1
f 207//1 221//1 219//1
f 220//1 222//1 207//1
f 207//1 223//1 221//1
f 222//1 224//1 207//1
f 207//1 225//1 223//1
f 224//1 226//1 207//1
f 207//1 227//1 225//1
f 226//1 228//1 207//1
f 207//1 229//1 227//1
f 228//1 230//1 207//1
f 207//1 231//1 229//1
f 230//1 232//1 207//1
f 207//1 233//1 231//1
f 232//1 5//1 207//1
f 207//1 234//1 233//1
f 5//1 4//1 207//1
f 207//1 235//1 234//1
f 4//1 7//1 207//1
f 207//1 236//1 235//1
f 7//1 9//1 207//1
f 207//1 237//1 236//1
f 9//1 11//1 207//1
f 207//1 238//1 237//1
f 11//1 13//1 207//1
f 207//1 239//1 238//1
f 13//1 15//1 207//1
f 207//1 240//1 239//1
f 15//1 17//1 207//1
f 207//1 241//1 240//1
f 17//1 19//1 207//1
f 207//1 242//1 241//1
f 19//1 21//1 207//1
f 207//1 243//1 242//1
f 21//1 23//1 207//1
f 207//1 244//1 243//1
f 23//1 25//1 207//1
f 207//1 245//1 244//1
f 25//1 27//1 207//1
f 207//1 246//1 245//1
f 27//1 29//1 207//1
f 207//1 247//1 246//1
f 29//1 31//1 207//1
f 207//1 248//1 247//1
f 31//1 33//1 207//1
f 207//1 249//1 248//1
f 33//1 35//1 207//1
f 207//1 101//1 249//1
f 205//1 207//1 250//1
f 35//1 135//1 207//1
f 250//1 207//1 251//1
f 135//1 137//1 207//1
f 251//1 207//1 252//1
f 137//1 139//1 207//1
f 252//1 207//1 253//1
f 139//1 141//1 207//1
f 253//1 207//1 254//1
f 141//1 143//1 207//1
f 254//1 207//1 255//1
f 143//1 145//1 207//1
f 255//1 207//1 256//1
f 145//1 147//1 207//1
f 256//1 207//1 257//1
f 147//1 149//1 207//1
f 257//1 207//1 258//1
f 149//1 151//1 207//1
f 258//1 207//1 259//1
f 151//1 153//1 207//1
f 259//1 207//1 260//1
f 153//1 155//1 207//1
f 260//1 207//1 261//1
f 155//1 157//1 207//1
f 261//1 207//1 262//1
f 157//1 159//1 207//1
f 262//1 207//1 263//1
f 159//1 161//1 207//1
f 263//1 207//1 264//1
f 161//1 163//1 207//1
f 264//1 207//1 265//1
f 163//1 165//1 207//1
f 265//1 207//1 266//1
f 165//1 167//1 207//1
f 266//1 207//1 267//1
f 167//1 169//1 207//1
f 267//1 207//1 268//1
f 169//1 171//1 207//1
f 268//1 207//1 269//1
f 171//1 173//1 207//1
f 269//1 207//1 270//1
f 173//1 175//1 207//1
f 270//1 207//1 271//1
f 175//1 177//1 207//1
f 271//1 207//1 272//1
f 177//1 179//1 207//1
f 272//1 207//1 273//1
f 179//1 181//1 207//1
f 273//1 207//1 274//1
f 181//1 183//1 207//1
f 274//1 207//1 275//1
f 183//1 185//1 207//1
f 275//1 207//1 276//1
f 185//1 187//1 207//1
f 276//1 207//1 277//1
f 187//1 189//1 207//1
f 277//1 207//1 278//1
f 189//1 191//1 207//1
f 278//1 207//1 279//1
f 191//1 193//1 207//1
f 279//1 207//1 280//1
f 193//1 195//1 207//1
f 280//1 207//1 281//1
f 195//1 197//1 207//1
f 281//1 207//1 282//1
f 197//1 199//1 207//1
f 282//1 207//1 283//1
f 199//1 201//1 207//1
f 283//1 207//1 284//1
f 201//1 203//1 207//1
f 284//1 207//1 209//1
f 203//1 101//1 207//1
f 166//1 285//1 286//1
f 286//1 287//1 288//1
f 285//1 289//1 286//1
f 286//1 290//1 287//1
f 289//1 291//1 286//1
f 286//1 292//1 290//1
f 291//1 293//1 286//1
f 286//1 294//1 292//1
f 293//1 295//1 286//1
f 286//1 296//1 294//1
f 295//1 297//1 286//1
f 286//1 298//1 296//1
f 297//1 299//1 286//1
f 286//1 300//1 298//1
f 299//1 301//1 286//1
f 286//1 302//1 300//1
f 301//1 303//1 286//1
f 286//1 304//1 302//1
f 303//1 305//1 286//1
f 286//1 306//1 304//1
f 305//1 307//1 286//1
f 286//1 308//1 306//1
f 307//1 309//1 286//1
f 286//1 310//1 308//1
f 309//1 311//1 286//1
f 286//1 312//1 310//1
f 311//1 313//1 286//1
f 286//1 314//1 312//1
f 313//1 315//1 286//1
f 286//1 316//1 314//1
f 315//1 317//1 286//1
f 286//1 318//1 316//1
f 166//1 286//1 168//1
f 317//1 319//1 286//1
f 168//1 286//1 170//1
f 319//1 320//1 286//1
f 170//1 286//1 172//1
f 320//1 321//1 286//1
f 172//1 286//1 174//1
f 321//1 322//1 286//1
f 174//1 286//1 176//1
f 322//1 323//1 286//1
f 176//1 286//1 178//1
f 323//1 324//1 286//1
f 178//1 286//1 180//1
f 324//1 325//1 286//1
f 180//1 286//1 182//1
f 325//1 326//1 286//1
f 182//1 286//1 184//1
f 326//1 327//1 286//1
f 184//1 286//1 186//1
f 327//1 328//1 286//1
f 186//1 286//1 188//1
f 328//1 329//1 286//1
f 188//1 286//1 190//1
f 329//1 330//1 286//1
f 190//1 286//1 192//1
f 330//1 331//1 286//1
f 192//1 286//1 194//1
f 331//1 332//1 286//1
f 194//1 286//1 196//1
f 332//1 333//1 286//1
f 196//1 286//1 198//1
f 333//1 334//1 286//1
f 198//1 286//1 200//1
f 334//1 335//1 286//1
f 200//1 286//1 202//1
f 335//1 336//1 286//1
f 202//1 286//1 204//1
f 336//1 337//1 286//1
f 204//1 286//1 131//1
f 337//1 338//1 286//1
f 131//1 286//1 339//1
f 338//1 340//1 286//1
f 339//1 286//1 341//1
f 340//1 342//1 286//1
f 341//1 286//1 343//1
f 342//1 344//1 286//1
f 343//1 286//1 345//1
f 344//1 346//1 286//1
f 345//1 286//1 288//1
f 346//1 318//1 286//1
f 347//1 348//1 349//1
f 349//1 350//1 351//1
f 348//1 352//1 349//1
f 349//1 353//1 350//1
f 352//1 354//1 349//1
f 349//1 355//1 353//1
f 354//1 356//1 349//1
f 349//1 357//1 355//1
f 356//1 358//1 349//1
f 349//1 359//1 357//1
f 358//1 360//1 349//1
f 349//1 361//1 359//1
f 360//1 362//1 349//1
f 349//1 363//1 361//1
f 362//1 364//1 349//1
f 349//1 365//1 363//1
f 364//1 366//1 349//1
f 349//1 367//1 365//1
f 366//1 368//1 349//1
f 349//1 369//1 367//1
f 368//1 370//1 349//1
f 349//1 371//1 369//1
f 370//1 372//1 349//1
f 349//1 373//1 371//1
f 372//1 374//1 349//1
f 349//1 375//1 373//1
f 374//1 376//1 349//1
f 349//1 377//1 375//1
f 376//1 378//1 349//1
f 349//1 379//1 377//1
f 378//1 380//1 349//1
f 349//1 381//1 379//1
f 380//1 273//1 349//1
f 349//1 382//1 381//1
f 347//1 349//1 383//1
f 273//1 274//1 349//1
f 383//1 349//1 384//1
f 274//1 275//1 349//1
f 384//1 349//1 385//1
f 275//1 276//1 349//1
f 385//1 349//1 386//1
f 276//1 277//1 349//1
f 386//1 349//1 387//1
f 277//1 278//1 349//1
f 387//1 349//1 388//1
f 278//1 279//1 349//1
f 388//1 349//1 389//1
f 279//1 280//1 349//1
f 389//1 349//1 390//1
f 280//1 281//1 349//1
f 390//1 349//1 391//1
f 281//1 282//1 349//1
f 391//1 349//1 392//1
f 282//1 283//1 349//1
f 392//1 349//1 393//1
f 283//1 284//1 349//1
f 393//1 349//1 394//1
f 284//1 209//1 349//1
f 394//1 349//1 395//1
f 209//1 396//1 349//1
f 395//1 349//1 397//1
f 396//1 398//1 349//1
f 397//1 349//1 399//1
f 398//1 400//1 349//1
f 399//1 349//1 401//1
f 400//1 402//1 349//1
f 401//1 349//1 403//1
f 402//1 404//1 349//1
f 403//1 349//1 405//1
f 404//1 406//1 349//1
f 405//1 349//1 407//1
f 406//1 408//1 349//1
f 407//1 349//1 409//1
f 408//1 410//1 349//1
f 409//1 349//1 411//1
f 410//1 412//1 349//1
f 411//1 349//1 413//1
f 412//1 414//1 349//1
f 413//1 349//1 415//1
f 414//1 416//1 349//1
f 415//1 349//1 351//1
f 416//1 382//1 349//1
f 335//1 417//1 418//1
f 418//1 419//1 420//1
f 417//1 421//1 418//1
f 418//1 422//1 419//1
f 421//1 423//1 418//1
f 418//1 424//1 422//1
f 423//1 425//1 418//1
f 418//1 426//1 424//1
f 425//1 427//1 418//1
f 418//1 428//1 426//1
f 427//1 429//1 418//1
f 418//1 430//1 428//1
f 429//1 431//1 418//1
f 418//1 432//1 430//1
f 431//1 433//1 418//1
f 418//1 434//1 432//1
f 433//1 435//1 418//1
f 418//1 436//1 434//1
f 435//1 437//1 418//1
f 418//1 438//1 436//1
f 437//1 439//1 418//1
f 418//1 440//1 438//1
f 439//1 441//1 418//1
f 418//1 442//1 440//1
f 441//1 443//1 418//1
f 418//1 444//1 442//1
f 443//1 445//1 418//1
f 418//1 446//1 444//1
f 445//1 447//1 418//1
f 418//1 448//1 446//1
f 447//1 449//1 418//1
f 418//1 450//1 448//1
f 335//1 418//1 336//1
f 449//1 451//1 418//1
f 336//1 418//1 337//1
f 451//1 452//1 418//1
f 337//1 418//1 338//1
f 452//1 453//1 418//1
f 338//1 418//1 340//1
f 453//1 454//1 418//1
f 340//1 418//1 342//1
f 454//1 455//1 418//1
f 342//1 418//1 344//1
f 455//1 456//1 418//1
f 344//1 418//1 346//1
f 456//1 457//1 418//1
f 346//1 418//1 318//1
f 457//1 458//1 418//1
f 318//1 418//1 459//1
f 458//1 460//1 418//1
f 459//1 418//1 461//1
f 460//1 462//1 418//1
f 461//1 418//1 463//1
f 462//1 464//1 418//1
f 463//1 418//1 465//1
f 464//1 466//1 418//1
f 465//1 418//1 467//1
f 466//1 468//1 418//1
f 467//1 418//1 469//1
f 468//1 470//1 418//1
f 469//1 418//1 471//1
f 470//1 472//1 418//1
f 471//1 418//1 473//1
f 472//1 474//1 418//1
f 473//1 418//1 475//1
f 474//1 476//1 418//1
f 475//1 418//1 477//1
f 476//1 478//1 418//1
f 477//1 418//1 479//1
f 478//1 480//1 418//1
f 479//1 418//1 481//1
f 480//1 482//1 418//1
f 481//1 418//1 483//1
f 482//1 484//1 418//1
f 483//1 418//1 485//1
f 484//1 486//1 418//1
f 485//1 418//1 487//1
f 486//1 488//1 418//1
f 487//1 418//1 489//1
f 488//1 490//1 418//1
f 489//1 418//1 491//1
f 490//1 492//1 418//1
f 491//1 418//1 420//1
f 492//1 450//1 418//1
f 493//1 494//1 495//1
f 495//1 496//1 497//1
f 494//1 498//1 495//1
f 495//1 499//1 496//1
f 498//1 500//1 495//1
f 495//1 501//1 499//1
f 500//1 502//1 495//1
f 495//1 503//1 501//1
f 502//1 504//1 495//1
f 495//1 505//1 503//1
f 504//1 506//1 495//1
f 495//1 507//1 505//1
f 506//1 508//1 495//1
f 495//1 509//1 507//1
f 508//1 510//1 495//1
f 495//1 511//1 509//1
f 510//1 512//1 495//1
f 495//1 513//1 511//1
f 512//1 514//1 495//1
f 495//1 515//1 513//1
f 514//1 516//1 495//1
f 495//1 517//1 515//1
f 516//1 518//1 495//1
f 495//1 519//1 517//1
f 518//1 520//1 495//1
f 495//1 521//1 519//1
f 520//1 522//1 495//1
f 495//1 523//1 521//1
f 522//1 351//1 495//1
f 495//1 524//1 523//1
f 351//1 350//1 495//1
f 495//1 525//1 524//1
f 493//1 495//1 526//1
f 350//1 527//1 495//1
f 526//1 495//1 528//1
f 527//1 529//1 495//1
f 528//1 495//1 530//1
f 529//1 531//1 495//1
f 530//1 495//1 532//1
f 531//1 533//1 495//1
f 532//1 495//1 534//1
f 533//1 535//1 495//1
f 534//1 495//1 536//1
f 535//1 537//1 495//1
f 536//1 495//1 538//1
f 537//1 539//1 495//1
f 538//1 495//1 540//1
f 539//1 541//1 495//1
f 540//1 495//1 542//1
f 541//1 543//1 495//1
f 542//1 495//1 544//1
f 543//1 545//1 495//1
f 544//1 495//1 546//1
f 545//1 547//1 495//1
f 546//1 495//1 548//1
f 547//1 549//1 495//1
f 548//1 495//1 550//1
f 549//1 551//1 495//1
f 550//1 495//1 552//1
f 551//1 553//1 495//1
f 552//1 495//1 554//1
f 553//1 555//1 495//1
f 554//1 495//1 556//1
f 555//1 557//1 495//1
f 556//1 495//1 558//1
f 557//1 559//1 495//1
f 558//1 495//1 560//1
f 559//1 561//1 495//1
f 560//1 495//1 562//1
f 561//1 563//1 495//1
f 562//1 495//1 564//1
f 563//1 565//1 495//1
f 564//1 495//1 566//1
f 565//1 567//1 495//1
f 566//1 495//1 568//1
f 567//1 569//1 495//1
f 568//1 495//1 570//1
f 569//1 571//1 495//1
f 570//1 495//1 572//1
f 571//1 573//1 495//1
f 572//1 495//1 574//1
f 573//1 575//1 495//1
f 574//1 495//1 576//1
f 575//1 577//1 495//1
f 576//1 495//1 578//1
f 577//1 579//1 495//1
f 578//1 495//1 580//1
f 579//1 581//1 495//1
f 580//1 495//1 582//1
f 581//1 583//1 495//1
f 582//1 495//1 584//1
f 583//1 585//1 495//1
f 584//1 495//1 586//1
f 585//1 587//1 495//1
f 586//1 495//1 497//1
f 587//1 525//1 495//1
f 424//1 426//1 588//1
f 588//1 589//1 590//1
f 426//1 428//1 588//1
f 588//1 591//1 589//1
f 428//1 430//1 588//1
f 588//1 592//1 591//1
f 430//1 432//1 588//1
f 588//1 593//1 592//1
f 432//1 434//1 588//1
f 588//1 594//1 593//1
f 434//1 436//1 588//1
f 588//1 595//1 594//1
f 436//1 438//1 588//1
f 588//1 596//1 595//1
f 438//1 440//1 588//1
f 588//1 597//1 596//1
f 440//1 442//1 588//1
f 588//1 598//1 597//1
f 442//1 444//1 588//1
f 588//1 599//1 598//1
f 444//1 446//1 588//1
f 588//1 600//1 599//1
f 446//1 448//1 588//1
f 588//1 601//1 600//1
f 448//1 450//1 588//1
f 588//1 602//1 601//1
f 450//1 603//1 588//1
f 588//1 604//1 602//1
f 603//1 605//1 588//1
f 588//1 606//1 604//1
f 605//1 607//1 588//1
f 588//1 608//1 606//1
f 607//1 609//1 588//1
f 588//1 610//1 608//1
f 609//1 611//1 588//1
f 588//1 612//1 610//1
f 611//1 613//1 588//1
f 588//1 614//1 612//1
f 613//1 615//1 588//1
f 588//1 616//1 614//1
f 615//1 617//1 588//1
f 588//1 618//1 616//1
f 617//1 619//1 588//1
f 588//1 620//1 618//1
f 619//1 621//1 588//1
f 588//1 622//1 620//1
f 621//1 623//1 588//1
f 588//1 624//1 622//1
f 623//1 625//1 588//1
f 588//1 626//1 624//1
f 424//1 588//1 627//1
f 625//1 628//1 588//1
f 627//1 588//1 629//1
f 628//1 630//1 588//1
f 629//1 588//1 631//1
f 630//1 632//1 588//1
f 631//1 588//1 633//1
f 632//1 634//1 588//1
f 633//1 588//1 635//1
f 634//1 636//1 588//1
f 635//1 588//1 637//1
f 636//1 638//1 588//1
f 637//1 588//1 639//1
f 638//1 640//1 588//1
f 639//1 588//1 641//1
f 640//1 642//1 588//1
f 641//1 588//1 643//1
f 642//1 644//1 588//1
f 643//1 588//1 645//1
f 644//1 646//1 588//1
f 645//1 588//1 647//1
f 646//1 648//1 588//1
f 647//1 588//1 649//1
f 648//1 650//1 588//1
f 649//1 588//1 651//1
f 650//1 652//1 588//1
f 651//1 588//1 653//1
f 652//1 654//1 588//1
f 653//1 588//1 655//1
f 654//1 656//1 588//1
f 655//1 588//1 657//1
f 656//1 658//1 588//1
f 657//1 588//1 659//1
f 658//1 660//1 588//1
f 659//1 588//1 661//1
f 660//1 662//1 588//1
f 661//1 588//1 663//1
f 662//1 664//1 588//1
f 663//1 588//1 665//1
f 664//1 666//1 588//1
f 665//1 588//1 667//1
f 666//1 668//1 588//1
f 667//1 588//1 669//1
f 668//1 670//1 588//1
f 669//1 588//1 671//1
f 670//1 672//1 588//1
f 671//1 588//1 673//1
f 672//1 674//1 588//1
f 673//1 588//1 675//1
f 674//1 676//1 588//1
f 675//1 588//1 677//1
f 676//1 678//1 588//1
f 677//1 588//1 679//1
f 678//1 680//1 588//1
f 679//1 588//1 681//1
f 680//1 682//1 588//1
f 681//1 588//1 590//1
f 682//1 626//1 588//1
f 683//1 497//1 684//1
f 684//1 685//1 686//1
f 497//1 496//1 684//1
f 684//1 687//1 685//1
f 496//1 499//1 684//1
f 684//1 688//1 687//1
f 499//1 501//1 684//1
f 684//1 689//1 688//1
f 501//1 503//1 684//1
f 684//1 690//1 689//1
f 503//1 505//1 684//1
f 684//1 691//1 690//1
f 505//1 507//1 684//1
f 684//1 692//1 691//1
f 507//1 509//1 684//1
f 684//1 693//1 692//1
f 509//1 511//1 684//1
f 684//1 694//1 693//1
f 511//1 513//1 684//1
f 684//1 695//1 694//1
f 513//1 515//1 684//1
f 684//1 696//1 695//1
f 515//1 517//1 684//1
f 684//1 697//1 696//1
f 517//1 519//1 684//1
f 684//1 698//1 697//1
f 519//1 521//1 684//1
f 684//1 699//1 698//1
f 521//1 523//1 684//1
f 684//1 700//1 699//1
f 523//1 524//1 684//1
f 684//1 701//1 700//1
f 524//1 525//1 684//1
f 684//1 702//1 701//1
f 525//1 703//1 684//1
f 684//1 704//1 702//1
f 703//1 705//1 684//1
f 684//1 706//1 704//1
f 705//1 707//1 684//1
f 684//1 708//1 706//1
f 707//1 709//1 684//1
f 684//1 710//1 708//1
f 709//1 711//1 684//1
f 684//1 712//1 710//1
f 683//1 684//1 713//1
f 711//1 714//1 684//1
f 713//1 684//1 715//1
f 714//1 716//1 684//1
f 715//1 684//1 717//1
f 716//1 718//1 684//1
f 717//1 684//1 719//1
f 718//1 720//1 684//1
f 719//1 684//1 721//1
f 720//1 722//1 684//1
f 721//1 684//1 723//1
f 722//1 724//1 684//1
f 723//1 684//1 725//1
f 724//1 726//1 684//1
f 725//1 684//1 727//1
f 726//1 728//1 684//1
f 727//1 684//1 729//1
f 728//1 730//1 684//1
f 729//1 684//1 731//1
f 730//1 732//1 684//1
f 731//1 684//1 733//1
f 732//1 734//1 684//1
f 733//1 684//1 735//1
f 734//1 736//1 684//1
f 735//1 684//1 737//1
f 736//1 738//1 684//1
f 737//1 684//1 739//1
f 738//1 740//1 684//1
f 739//1 684//1 741//1
f 740//1 742//1 684//1
f 741//1 684//1 743//1
f 742//1 744//1 684//1
f 743//1 684//1 686//1
f 744//1 712//1 684//1
f 745//1 746//1 747//1
f 747//1 748//1 749//1
f 746//1 750//1 747//1
f 747//1 751//1 748//1
f 750//1 590//1 747//1
f 747//1 752//1 751//1
f 590//1 589//1 747//1
f 747//1 753//1 752//1
f 589//1 591//1 747//1
f 747//1 754//1 753//1
f 591//1 592//1 747//1
f 747//1 755//1 754//1
f 592//1 593//1 747//1
f 747//1 756//1 755//1
f 593//1 594//1 747//1
f 747//1 757//1 756//1
f 594//1 595//1 747//1
f 747//1 758//1 757//1
f 595//1 596//1 747//1
f 747//1 759//1 758//1
f 596//1 597//1 747//1
f 747//1 760//1 759//1
f 597//1 598//1 747//1
f 747//1 761//1 760//1
f 598//1 599//1 747//1
f 747//1 762//1 761//1
f 599//1 600//1 747//1
f 747//1 763//1 762//1
f 600//1 601//1 747//1
f 747//1 764//1 763//1
f 601//1 602//1 747//1
f 747//1 765//1 764//1
f 745//1 747//1 766//1
f 602//1 767//1 747//1
f 766//1 747//1 768//1
f 767//1 769//1 747//1
f 768//1 747//1 770//1
f 769//1 771//1 747//1
f 770//1 747//1 772//1
f 771//1 773//1 747//1
f 772//1 747//1 774//1
f 773//1 775//1 747//1
f 774//1 747//1 776//1
f 775//1 777//1 747//1
f 776//1 747//1 778//1
f 777//1 779//1 747//1
f 778//1 747//1 780//1
f 779//1 781//1 747//1
f 780//1 747//1 782//1
f 781//1 783//1 747//1
f 782//1 747//1 784//1
f 783//1 785//1 747//1
f 784//1 747//1 786//1
f 785//1 787//1 747//1
f 786//1 747//1 788//1
f 787//1 789//1 747//1
f 788//1 747//1 790//1
f 789//1 791//1 747//1
f 790//1 747//1 792//1
f 791//1 793//1 747//1
f 792//1 747//1 794//1
f 793//1 795//1 747//1
f 794//1 747//1 796//1
f 795//1 797//1 747//1
f 796//1 747//1 798//1
f 797//1 799//1 747//1
f 798//1 747//1 800//1
f 799//1 801//1 747//1
f 800//1 747//1 802//1
f 801//1 803//1 747//1
f 802//1 747//1 804//1
f 803//1 805//1 747//1
f 804//1 747//1 806//1
f 805//1 807//1 747//1
f 806//1 747//1 808//1
f 807//1 809//1 747//1
f 808//1 747//1 810//1
f 809//1 811//1 747//1
f 810//1 747//1 812//1
f 811//1 813//1 747//1
f 812//1 747//1 749//1
f 813//1 765//1 747//1
f 694//1 695//1 814//1
f 814//1 815//1 816//1
f 695//1 696//1 814//1
f 814//1 817//1 815//1
f 696//1 697//1 814//1
f 814//1 818//1 817//1
f 697//1 698//1 814//1
f 814//1 819//1 818//1
f 698//1 699//1 814//1
f 814//1 820//1 819//1
f 699//1 700//1 814//1
f 814//1 821//1 820//1
f 700//1 701//1 814//1
f 814//1 822//1 821//1
f 701//1 702//1 814//1
f 814//1 823//1 822//1
f 702//1 704//1 814//1
f 814//1 824//1 823//1
f 704//1 706//1 814//1
f 814//1 825//1 824//1
f 706//1 708//1 814//1
f 814//1 826//1 825//1
f 708//1 710//1 814//1
f 814//1 827//1 826//1
f 710//1 712//1 814//1
f 814//1 828//1 827//1
f 712//1 829//1 814//1
f 814//1 830//1 828//1
f 829//1 831//1 814//1
f 814//1 832//1 830//1
f 831//1 833//1 814//1
f 814//1 834//1 832//1
f 833//1 835//1 814//1
f 814//1 836//1 834//1
f 835//1 837//1 814//1
f 814//1 838//1 836//1
f 837//1 839//1 814//1
f 814//1 840//1 838//1
f 839//1 841//1 814//1
f 814//1 842//1 840//1
f 841//1 843//1 814//1
f 814//1 844//1 842//1
f 843//1 845//1 814//1
f 814//1 846//1 844//1
f 694//1 814//1 847//1
f 845//1 848//1 814//1
f 847//1 814//1 849//1
f 848//1 850//1 814//1
f 849//1 814//1 851//1
f 850//1 852//1 814//1
f 851//1 814//1 853//1
f 852//1 854//1 814//1
f 853//1 814//1 855//1
f 854//1 856//1 814//1
f 855//1 814//1 857//1
f 856//1 858//1 814//1
f 857//1 814//1 859//1
f 858//1 860//1 814//1
f 859//1 814//1 861//1
f 860//1 862//1 814//1
f 861//1 814//1 863//1
f 862//1 864//1 814//1
f 863//1 814//1 865//1
f 864//1 866//1 814//1
f 865//1 814//1 867//1
f 866//1 868//1 814//1
f 867//1 814//1 869//1
f 868//1 870//1 814//1
f 869//1 814//1 871//1
f 870//1 872//1 814//1
f 871//1 814//1 873//1
f 872//1 874//1 814//1
f 873//1 814//1 875//1
f 874//1 876//1 814//1
f 875//1 814//1 816//1
f 876//1 846//1 814//1
f 877//1 878//1 879//1
f 879//1 880//1 881//1
f 878//1 882//1 879//1
f 879//1 883//1 880//1
f 882//1 884//1 879//1
f 879//1 885//1 883//1
f 884//1 886//1 879//1
f 879//1 887//1 885//1
f 886//1 888//1 879//1
f 879//1 889//1 887//1
f 888//1 890//1 879//1
f 879//1 891//1 889//1
f 890//1 892//1 879//1
f 879//1 893//1 891//1
f 892//1 894//1 879//1
f 879//1 895//1 893//1
f 894//1 896//1 879//1
f 879//1 897//1 895//1
f 896//1 898//1 879//1
f 879//1 899//1 897//1
f 898//1 900//1 879//1
f 879//1 901//1 899//1
f 900//1 902//1 879//1
f 879//1 903//1 901//1
f 902//1 904//1 879//1
f 879//1 905//1 903//1
f 904//1 906//1 879//1
f 879//1 907//1 905//1
f 906//1 908//1 879//1
f 879//1 909//1 907//1
f 908//1 910//1 879//1
f 879//1 911//1 909//1
f 910//1 800//1 879//1
f 879//1 912//1 911//1
f 877//1 879//1 913//1
f 800//1 802//1 879//1
f 913//1 879//1 914//1
f 802//1 804//1 879//1
f 914//1 879//1 915//1
f 804//1 806//1 879//1
f 915//1 879//1 916//1
f 806//1 808//1 879//1
f 916//1 879//1 917//1
f 808//1 810//1 879//1
f 917//1 879//1 918//1
f 810//1 812//1 879//1
f 918//1 879//1 919//1
f 812//1 749//1 879//1
f 919//1 879//1 920//1
f 749//1 921//1 879//1
f 920//1 879//1 922//1
f 921//1 923//1 879//1
f 922//1 879//1 924//1
f 923//1 925//1 879//1
f 924//1 879//1 926//1
f 925//1 927//1 879//1
f 926//1 879//1 928//1
f 927//1 929//1 879//1
f 928//1 879//1 930//1
f 929//1 931//1 879//1
f 930//1 879//1 932//1
f 931//1 933//1 879//1
f 932//1 879//1 934//1
f 933//1 935//1 879//1
f 934//1 879//1 936//1
f 935//1 937//1 879//1
f 936//1 879//1 938//1
f 937//1 939//1 879//1
f 938//1 879//1 940//1
f 939//1 941//1 879//1
f 940//1 879//1 942//1
f 941//1 943//1 879//1
f 942//1 879//1 944//1
f 943//1 945//1 879//1
f 944//1 879//1 881//1
f 945//1 912//1 879//1
f 870//1 946//1 947//1
f 947//1 948//1 949//1
f 946//1 950//1 947//1
f 947//1 951//1 948//1
f 950//1 952//1 947//1
f 947//1 953//1 951//1
f 952//1 954//1 947//1
f 947//1 955//1 953//1
f 954//1 956//1 947//1
f 947//1 957//1 955//1
f 956//1 958//1 947//1
f 947//1 959//1 957//1
f 958//1 960//1 947//1
f 947//1 961//1 959//1
f 960//1 962//1 947//1
f 947//1 963//1 961//1
f 962//1 964//1 947//1
f 947//1 965//1 963//1
f 964//1 966//1 947//1
f 947//1 967//1 965//1
f 966//1 968//1 947//1
f 947//1 969//1 967//1
f 968//1 970//1 947//1
f 947//1 971//1 969//1
f 970//1 972//1 947//1
f 947//1 973//1 971//1
f 972//1 974//1 947//1
f 947//1 975//1 973//1
f 974//1 976//1 947//1
f 947//1 977//1 975//1
f 976//1 978//1 947//1
f 947//1 979//1 977//1
f 978//1 980//1 947//1
f 947//1 981//1 979//1
f 980//1 982//1 947//1
f 947//1 983//1 981//1
f 870//1 947//1 872//1
f 982//1 984//1 947//1
f 872//1 947//1 874//1
f 984//1 985//1 947//1
f 874//1 947//1 876//1
f 985//1 986//1 947//1
f 876//1 947//1 846//1
f 986//1 987//1 947//1
f 846//1 947//1 988//1
f 987//1 989//1 947//1
f 988//1 947//1 990//1
f 989//1 991//1 947//1
f 990//1 947//1 992//1
f 991//1 993//1 947//1
f 992//1 947//1 994//1
f 993//1 995//1 947//1
f 994//1 947//1 996//1
f 995//1 997//1 947//1
f 996//1 947//1 998//1
f 997//1 999//1 947//1
f 998//1 947//1 1000//1
f 999//1 1001//1 947//1
f 1000//1 947//1 1002//1
f 1001//1 1003//1 947//1
f 1002//1 947//1 1004//1
f 1003//1 1005//1 947//1
f 1004//1 947//1 1006//1
f 1005//1 1007//1 947//1
f 1006//1 947//1 1008//1
f 1007//1 1009//1 947//1
f 1008//1 947//1 1010//1
f 1009//1 1011//1 947//1
f 1010//1 947//1 1012//1
f 1011//1 1013//1 947//1
f 1012//1 947//1 1014//1
f 1013//1 1015//1 947//1
f 1014//1 947//1 1016//1
f 1015//1 1017//1 947//1
f 1016//1 947//1 1018//1
f 1017//1 1019//1 947//1
f 1018//1 947//1 1020//1
f 1019//1 1021//1 947//1
f 1020//1 947//1 949//1
f 1021//1 983//1 947//1
f 985//1 1022//1 1023//1
f 1023//1 1024//1 1025//1
f 1022//1 1026//1 1023//1
f 1023//1 1027//1 1024//1
f 1026//1 1028//1 1023//1
f 1023//1 1029//1 1027//1
f 1028//1 1030//1 1023//1
f 1023//1 1031//1 1029//1
f 1030//1 1032//1 1023//1
f 1023//1 1033//1 1031//1
f 1032//1 1034//1 1023//1
f 1023//1 1035//1 1033//1
f 1034//1 1036//1 1023//1
f 1023//1 1037//1 1035//1
f 1036//1 1038//1 1023//1
f 1023//1 1039//1 1037//1
f 1038//1 1040//1 1023//1
f 1023//1 1041//1 1039//1
f 1040//1 1042//1 1023//1
f 1023//1 1043//1 1041//1
f 1042//1 1044//1 1023//1
f 1023//1 1045//1 1043//1
f 1044//1 1046//1 1023//1
f 1023//1 1047//1 1045//1
f 1046//1 1048//1 1023//1
f 1023//1 1049//1 1047//1
f 1048//1 1050//1 1023//1
f 1023//1 1051//1 1049//1
f 1050//1 1052//1 1023//1
f 1023//1 1053//1 1051//1
f 1052//1 1054//1 1023//1
f 1023//1 1055//1 1053//1
f 1054//1 1056//1 1023//1
f 1023//1 1057//1 1055//1
f 1056//1 1058//1 1023//1
f 1023//1 1059//1 1057//1
f 1058//1 1060//1 1023//1
f 1023//1 1061//1 1059//1
f 1060//1 1062//1 1023//1
f 1023//1 1063//1 1061//1
f 1062//1 1064//1 1023//1
f 1023//1 1065//1 1063//1
f 1064//1 1066//1 1023//1
f 1023//1 1067//1 1065//1
f 1066//1 1068//1 1023//1
f 1023//1 1069//1 1067//1
f 1068//1 1070//1 1023//1
f 1023//1 1071//1 1069//1
f 1070//1 1072//1 1023//1
f 1023//1 1073//1 1071//1
f 1072//1 1074//1 1023//1
f 1023//1 1075//1 1073//1
f 1074//1 1076//1 1023//1
f 1023//1 1077//1 1075//1
f 1076//1 1078//1 1023//1
f 1023//1 1079//1 1077//1
f 1078//1 917//1 1023//1
f 1023//1 1080//1 1079//1
f 985//1 1023//1 986//1
f 917//1 918//1 1023//1
f 986//1 1023//1 987//1
f 918//1 919//1 1023//1
f 987//1 1023//1 989//1
f 919//1 920//1 1023//1
f 989//1 1023//1 991//1
f 920//1 922//1 1023//1
f 991//1 1023//1 993//1
f 922//1 924//1 1023//1
f 993//1 1023//1 995//1
f 924//1 926//1 1023//1
f 995//1 1023//1 997//1
f 926//1 928//1 1023//1
f 997//1 1023//1 999//1
f 928//1 930//1 1023//1
f 999//1 1023//1 1001//1
f 930//1 932//1 1023//1
f 1001//1 1023//1 1003//1
f 932//1 934//1 1023//1
f 1003//1 1023//1 1005//1
f 934//1 936//1 1023//1
f 1005//1 1023//1 1007//1
f 936//1 938//1 1023//1
f 1007//1 1023//1 1009//1
f 938//1 940//1 1023//1
f 1009//1 1023//1 1011//1
f 940//1 942//1 1023//1
f 1011//1 1023//1 1013//1
f 942//1 944//1 1023//1
f 1013//1 1023//1 1015//1
f 944//1 881//1 1023//1
f 1015//1 1023//1 1017//1
f 881//1 1081//1 1023//1
f 1017//1 1023//1 1019//1
f 1081//1 1082//1 1023//1
f 1019//1 1023//1 1021//1
f 1082//1 1083//1 1023//1
f 1021//1 1023//1 983//1
f 1083//1 1084//1 1023//1
f 983//1 1023//1 1085//1
f 1084//1 1086//1 1023//1
f 1085//1 1023//1 1087//1
f 1086//1 1088//1 1023//1
f 1087//1 1023//1 1089//1
f 1088//1 1090//1 1023//1
f 1089//1 1023//1 1025//1
f 1090//1 1080//1 1023//1
f 73//1 1091//1 1092//1
f 1092//1 98//1 93//1
f 1091//1 1093//1 1092//1
f 1092//1 102//1 98//1
f 1093//1 1094//1 1092//1
f 1092//1 104//1 102//1
f 1094//1 1095//1 1092//1
f 1092//1 106//1 104//1
f 1095//1 1096//1 1092//1
f 1092//1 108//1 106//1
f 1096//1 1097//1 1092//1
f 1092//1 110//1 108//1
f 1097//1 1098//1 1092//1
f 1092//1 112//1 110//1
f 1098//1 1099//1 1092//1
f 1092//1 114//1 112//1
f 1099//1 1100//1 1092//1
f 1092//1 116//1 114//1
f 1100//1 1101//1 1092//1
f 1092//1 118//1 116//1
f 73//1 1092//1 75//1
f 1101//1 1102//1 1092//1
f 75//1 1092//1 77//1
f 1102//1 1103//1 1092//1
f 77//1 1092//1 79//1
f 1103//1 1104//1 1092//1
f 79//1 1092//1 81//1
f 1104//1 1105//1 1092//1
f 81//1 1092//1 83//1
f 1105//1 1106//1 1092//1
f 83//1 1092//1 85//1
f 1106//1 1107//1 1092//1
f 85//1 1092//1 87//1
f 1107//1 1108//1 1092//1
f 87//1 1092//1 89//1
f 1108//1 1109//1 1092//1
f 89//1 1092//1 91//1
f 1109//1 1110//1 1092//1
f 91//1 1092//1 93//1
f 1110//1 118//1 1092//1
f 825//1 826//1 1111//1
f 1111//1 1112//1 1113//1
f 826//1 827//1 1111//1
f 1111//1 1114//1 1112//1
f 827//1 828//1 1111//1
f 1111//1 1115//1 1114//1
f 828//1 830//1 1111//1
f 1111//1 1116//1 1115//1
f 830//1 832//1 1111//1
f 1111//1 1117//1 1116//1
f 832//1 834//1 1111//1
f 1111//1 1118//1 1117//1
f 834//1 836//1 1111//1
f 1111//1 1119//1 1118//1
f 836//1 838//1 1111//1
f 1111//1 1120//1 1119//1
f 838//1 840//1 1111//1
f 1111//1 1121//1 1120//1
f 840//1 842//1 1111//1
f 1111//1 1122//1 1121//1
f 842//1 844//1 1111//1
f 1111//1 1123//1 1122//1
f 844//1 846//1 1111//1
f 1111//1 1006//1 1123//1
f 825//1 1111//1 1124//1
f 846//1 988//1 1111//1
f 1124//1 1111//1 1125//1
f 988//1 990//1 1111//1
f 1125//1 1111//1 1126//1
f 990//1 992//1 1111//1
f 1126//1 1111//1 1127//1
f 992//1 994//1 1111//1
f 1127//1 1111//1 1128//1
f 994//1 996//1 1111//1
f 1128//1 1111//1 1129//1
f 996//1 998//1 1111//1
f 1129//1 1111//1 1130//1
f 998//1 1000//1 1111//1
f 1130//1 1111//1 1131//1
f 1000//1 1002//1 1111//1
f 1131//1 1111//1 1132//1
f 1002//1 1004//1 1111//1
f 1132//1 1111//1 1113//1
f 1004//1 1006//1 1111//1
f 1133//1 1134//1 1135//1
f 1135//1 10//1 8//1
f 1134//1 1136//1 1135//1
f 1135//1 12//1 10//1
f 1136//1 1137//1 1135//1
f 1135//1 14//1 12//1
f 1137//1 1138//1 1135//1
f 1135//1 16//1 14//1
f 1138//1 1139//1 1135//1
f 1135//1 18//1 16//1
f 1139//1 1140//1 1135//1
f 1135//1 20//1 18//1
f 1140//1 1141//1 1135//1
f 1135//1 22//1 20//1
f 1141//1 1142//1 1135//1
f 1135//1 24//1 22//1
f 1133//1 1135//1 1143//1
f 1142//1 1144//1 1135//1
f 1143//1 1135//1 1145//1
f 1144//1 1146//1 1135//1
f 1145//1 1135//1 1147//1
f 1146//1 1148//1 1135//1
f 1147//1 1135//1 1149//1
f 1148//1 1150//1 1135//1
f 1149//1 1135//1 1151//1
f 1150//1 1152//1 1135//1
f 1151//1 1135//1 1153//1
f 1152//1 1154//1 1135//1
f 1153//1 1135//1 1155//1
f 1154//1 1156//1 1135//1
f 1155//1 1135//1 1157//1
f 1156//1 1158//1 1135//1
f 1157//1 1135//1 1159//1
f 1158//1 1160//1 1135//1
f 1159//1 1135//1 8//1
f 1160//1 24//1 1135//1
f 1161//1 1162//1 1163//1
f 1163//1 220//1 218//1
f 1162//1 1164//1 1163//1
f 1163//1 222//1 220//1
f 1164//1 1165//1 1163//1
f 1163//1 224//1 222//1
f 1165//1 1166//1 1163//1
f 1163//1 226//1 224//1
f 1166//1 1167//1 1163//1
f 1163//1 228//1 226//1
f 1167//1 1168//1 1163//1
f 1163//1 230//1 228//1
f 1168//1 1169//1 1163//1
f 1163//1 232//1 230//1
f 1169//1 74//1 1163//1
f 1163//1 5//1 232//1
f 1161//1 1163//1 1170//1
f 74//1 76//1 1163//1
f 1170//1 1163//1 1171//1
f 76//1 78//1 1163//1
f 1171//1 1163//1 1172//1
f 78//1 80//1 1163//1
f 1172//1 1163//1 1173//1
f 80//1 82//1 1163//1
f 1173//1 1163//1 1174//1
f 82//1 84//1 1163//1
f 1174//1 1163//1 1175//1
f 84//1 86//1 1163//1
f 1175//1 1163//1 1176//1
f 86//1 88//1 1163//1
f 1176//1 1163//1 1177//1
f 88//1 90//1 1163//1
f 1177//1 1163//1 1178//1
f 90//1 92//1 1163//1
f 1178//1 1163//1 1179//1
f 92//1 94//1 1163//1
f 1179//1 1163//1 1180//1
f 94//1 96//1 1163//1
f 1180//1 1163//1 218//1
f 96//1 5//1 1163//1
f 148//1 1181//1 1182//1
f 1182//1 285//1 166//1
f 1181//1 1183//1 1182//1
f 1182//1 289//1 285//1
f 1183//1 1184//1 1182//1
f 1182//1 291//1 289//1
f 1184//1 1185//1 1182//1
f 1182//1 293//1 291//1
f 1185//1 1186//1 1182//1
f 1182//1 295//1 293//1
f 1186//1 1187//1 1182//1
f 1182//1 297//1 295//1
f 1187//1 1188//1 1182//1
f 1182//1 299//1 297//1
f 1188//1 1189//1 1182//1
f 1182//1 301//1 299//1
f 148//1 1182//1 150//1
f 1189//1 1190//1 1182//1
f 150//1 1182//1 152//1
f 1190//1 1191//1 1182//1
f 152//1 1182//1 154//1
f 1191//1 1192//1 1182//1
f 154//1 1182//1 156//1
f 1192//1 1193//1 1182//1
f 156//1 1182//1 158//1
f 1193//1 1194//1 1182//1
f 158//1 1182//1 160//1
f 1194//1 1195//1 1182//1
f 160//1 1182//1 162//1
f 1195//1 1196//1 1182//1
f 162//1 1182//1 164//1
f 1196//1 1197//1 1182//1
f 164//1 1182//1 166//1
f 1197//1 301//1 1182//1
f 1198//1 1199//1 1200//1
f 1200//1 368//1 366//1
f 1199//1 1201//1 1200//1
f 1200//1 370//1 368//1
f 1201//1 1202//1 1200//1
f 1200//1 372//1 370//1
f 1202//1 1203//1 1200//1
f 1200//1 374//1 372//1
f 1203//1 1204//1 1200//1
f 1200//1 376//1 374//1
f 1204//1 1205//1 1200//1
f 1200//1 378//1 376//1
f 1205//1 1206//1 1200//1
f 1200//1 380//1 378//1
f 1206//1 261//1 1200//1
f 1200//1 273//1 380//1
f 1198//1 1200//1 1207//1
f 261//1 262//1 1200//1
f 1207//1 1200//1 1208//1
f 262//1 263//1 1200//1
f 1208//1 1200//1 1209//1
f 263//1 264//1 1200//1
f 1209//1 1200//1 1210//1
f 264//1 265//1 1200//1
f 1210//1 1200//1 1211//1
f 265//1 266//1 1200//1
f 1211//1 1200//1 1212//1
f 266//1 267//1 1200//1
f 1212//1 1200//1 1213//1
f 267//1 268//1 1200//1
f 1213//1 1200//1 1214//1
f 268//1 269//1 1200//1
f 1214//1 1200//1 1215//1
f 269//1 270//1 1200//1
f 1215//1 1200//1 1216//1
f 270//1 271//1 1200//1
f 1216//1 1200//1 1217//1
f 271//1 272//1 1200//1
f 1217//1 1200//1 366//1
f 272//1 273//1 1200//1
f 327//1 1218//1 1219//1
f 1219//1 417//1 335//1
f 1218//1 1220//1 1219//1
f 1219//1 421//1 417//1
f 1220//1 1221//1 1219//1
f 1219//1 423//1 421//1
f 1221//1 1222//1 1219//1
f 1219//1 425//1 423//1
f 1222//1 1223//1 1219//1
f 1219//1 427//1 425//1
f 1223//1 1224//1 1219//1
f 1219//1 429//1 427//1
f 1224//1 1225//1 1219//1
f 1219//1 431//1 429//1
f 1225//1 1226//1 1219//1
f 1219//1 433//1 431//1
f 327//1 1219//1 328//1
f 1226//1 1227//1 1219//1
f 328//1 1219//1 329//1
f 1227//1 1228//1 1219//1
f 329//1 1219//1 330//1
f 1228//1 1229//1 1219//1
f 330//1 1219//1 331//1
f 1229//1 1230//1 1219//1
f 331//1 1219//1 332//1
f 1230//1 1231//1 1219//1
f 332//1 1219//1 333//1
f 1231//1 1232//1 1219//1
f 333//1 1219//1 334//1
f 1232//1 1233//1 1219//1
f 334//1 1219//1 335//1
f 1233//1 433//1 1219//1
f 1234//1 1235//1 1236//1
f 1236//1 508//1 506//1
f 1235//1 1237//1 1236//1
f 1236//1 510//1 508//1
f 1237//1 1238//1 1236//1
f 1236//1 512//1 510//1
f 1238//1 1239//1 1236//1
f 1236//1 514//1 512//1
f 1239//1 1240//1 1236//1
f 1236//1 516//1 514//1
f 1240//1 1241//1 1236//1
f 1236//1 518//1 516//1
f 1241//1 1242//1 1236//1
f 1236//1 520//1 518//1
f 1242//1 1243//1 1236//1
f 1236//1 522//1 520//1
f 1243//1 394//1 1236//1
f 1236//1 351//1 522//1
f 1234//1 1236//1 1244//1
f 394//1 395//1 1236//1
f 1244//1 1236//1 1245//1
f 395//1 397//1 1236//1
f 1245//1 1236//1 1246//1
f 397//1 399//1 1236//1
f 1246//1 1236//1 1247//1
f 399//1 401//1 1236//1
f 1247//1 1236//1 1248//1
f 401//1 403//1 1236//1
f 1248//1 1236//1 1249//1
f 403//1 405//1 1236//1
f 1249//1 1236//1 1250//1
f 405//1 407//1 1236//1
f 1250//1 1236//1 1251//1
f 407//1 409//1 1236//1
f 1251//1 1236//1 1252//1
f 409//1 411//1 1236//1
f 1252//1 1236//1 1253//1
f 411//1 413//1 1236//1
f 1253//1 1236//1 1254//1
f 413//1 415//1 1236//1
f 1254//1 1236//1 506//1
f 415//1 351//1 1236//1
f 468//1 1255//1 1256//1
f 1256//1 603//1 450//1
f 1255//1 1257//1 1256//1
f 1256//1 605//1 603//1
f 1257//1 1258//1 1256//1
f 1256//1 607//1 605//1
f 1258//1 1259//1 1256//1
f 1256//1 609//1 607//1
f 1259//1 1260//1 1256//1
f 1256//1 611//1 609//1
f 1260//1 1261//1 1256//1
f 1256//1 613//1 611//1
f 1261//1 1262//1 1256//1
f 1256//1 615//1 613//1
f 1262//1 1263//1 1256//1
f 1256//1 617//1 615//1
f 468//1 1256//1 470//1
f 1263//1 1264//1 1256//1
f 470//1 1256//1 472//1
f 1264//1 1265//1 1256//1
f 472//1 1256//1 474//1
f 1265//1 1266//1 1256//1
f 474//1 1256//1 476//1
f 1266//1 1267//1 1256//1
f 476//1 1256//1 478//1
f 1267//1 1268//1 1256//1
f 478//1 1256//1 480//1
f 1268//1 1269//1 1256//1
f 480//1 1256//1 482//1
f 1269//1 1270//1 1256//1
f 482//1 1256//1 484//1
f 1270//1 1271//1 1256//1
f 484//1 1256//1 486//1
f 1271//1 1272//1 1256//1
f 486//1 1256//1 488//1
f 1272//1 1273//1 1256//1
f 488//1 1256//1 490//1
f 1273//1 1274//1 1256//1
f 490//1 1256//1 492//1
f 1274//1 1275//1 1256//1
f 492//1 1256//1 450//1
f 1275//1 617//1 1256//1
f 350//1 353//1 1276//1
f 1276//1 1277//1 549//1
f 353//1 355//1 1276//1
f 1276//1 1278//1 1277//1
f 355//1 357//1 1276//1
f 1276//1 1279//1 1278//1
f 357//1 359//1 1276//1
f 1276//1 1280//1 1279//1
f 359//1 361//1 1276//1
f 1276//1 1281//1 1280//1
f 361//1 363//1 1276//1
f 1276//1 1282//1 1281//1
f 363//1 365//1 1276//1
f 1276//1 1283//1 1282//1
f 365//1 367//1 1276//1
f 1276//1 1284//1 1283//1
f 350//1 1276//1 527//1
f 367//1 1285//1 1276//1
f 527//1 1276//1 529//1
f 1285//1 1286//1 1276//1
f 529//1 1276//1 531//1
f 1286//1 1287//1 1276//1
f 531//1 1276//1 533//1
f 1287//1 1288//1 1276//1
f 533//1 1276//1 535//1
f 1288//1 1289//1 1276//1
f 535//1 1276//1 537//1
f 1289//1 1290//1 1276//1
f 537//1 1276//1 539//1
f 1290//1 1291//1 1276//1
f 539//1 1276//1 541//1
f 1291//1 1292//1 1276//1
f 541//1 1276//1 543//1
f 1292//1 1293//1 1276//1
f 543//1 1276//1 545//1
f 1293//1 1294//1 1276//1
f 545//1 1276//1 547//1
f 1294//1 1295//1 1276//1
f 547//1 1276//1 549//1
f 1295//1 1284//1 1276//1
f 602//1 604//1 1296//1
f 1296//1 1297//1 787//1
f 604//1 606//1 1296//1
f 1296//1 1298//1 1297//1
f 606//1 608//1 1296//1
f 1296//1 1299//1 1298//1
f 608//1 610//1 1296//1
f 1296//1 1300//1 1299//1
f 610//1 612//1 1296//1
f 1296//1 1301//1 1300//1
f 612//1 614//1 1296//1
f 1296//1 1302//1 1301//1
f 614//1 616//1 1296//1
f 1296//1 1303//1 1302//1
f 616//1 618//1 1296//1
f 1296//1 1304//1 1303//1
f 602//1 1296//1 767//1
f 618//1 1305//1 1296//1
f 767//1 1296//1 769//1
f 1305//1 1306//1 1296//1
f 769//1 1296//1 771//1
f 1306//1 1307//1 1296//1
f 771//1 1296//1 773//1
f 1307//1 1308//1 1296//1
f 773//1 1296//1 775//1
f 1308//1 1309//1 1296//1
f 775//1 1296//1 777//1
f 1309//1 1310//1 1296//1
f 777//1 1296//1 779//1
f 1310//1 1311//1 1296//1
f 779//1 1296//1 781//1
f 1311//1 1312//1 1296//1
f 781//1 1296//1 783//1
f 1312//1 1313//1 1296//1
f 783//1 1296//1 785//1
f 1313//1 1314//1 1296//1
f 785//1 1296//1 787//1
f 1314//1 1304//1 1296//1
f 749//1 748//1 1315//1
f 1315//1 1316//1 935//1
f 748//1 751//1 1315//1
f 1315//1 1317//1 1316//1
f 751//1 752//1 1315//1
f 1315//1 1318//1 1317//1
f 752//1 753//1 1315//1
f 1315//1 1319//1 1318//1
f 753//1 754//1 1315//1
f 1315//1 1320//1 1319//1
f 754//1 755//1 1315//1
f 1315//1 1321//1 1320//1
f 755//1 756//1 1315//1
f 1315//1 1322//1 1321//1
f 756//1 757//1 1315//1
f 1315//1 1323//1 1322//1
f 749//1 1315//1 921//1
f 757//1 1324//1 1315//1
f 921//1 1315//1 923//1
f 1324//1 1325//1 1315//1
f 923//1 1315//1 925//1
f 1325//1 1326//1 1315//1
f 925//1 1315//1 927//1
f 1326//1 1327//1 1315//1
f 927//1 1315//1 929//1
f 1327//1 1328//1 1315//1
f 929//1 1315//1 931//1
f 1328//1 1329//1 1315//1
f 931//1 1315//1 933//1
f 1329//1 1330//1 1315//1
f 933//1 1315//1 935//1
f 1330//1 1323//1 1315//1
f 57//1 1331//1 1332//1
f 1332//1 1091//1 73//1
f 1331//1 1333//1 1332//1
f 1332//1 1093//1 1091//1
f 1333//1 1334//1 1332//1
f 1332//1 1094//1 1093//1
f 1334//1 1335//1 1332//1
f 1332//1 1095//1 1094//1
f 1335//1 1336//1 1332//1
f 1332//1 1096//1 1095//1
f 1336//1 1337//1 1332//1
f 1332//1 1097//1 1096//1
f 57//1 1332//1 59//1
f 1337//1 1338//1 1332//1
f 59//1 1332//1 61//1
f 1338//1 1339//1 1332//1
f 61//1 1332//1 63//1
f 1339//1 1340//1 1332//1
f 63//1 1332//1 65//1
f 1340//1 1341//1 1332//1
f 65//1 1332//1 67//1
f 1341//1 1342//1 1332//1
f 67//1 1332//1 69//1
f 1342//1 1343//1 1332//1
f 69//1 1332//1 71//1
f 1343//1 1344//1 1332//1
f 71//1 1332//1 73//1
f 1344//1 1097//1 1332//1
f 209//1 208//1 1345//1
f 1345//1 1346//1 408//1
f 208//1 211//1 1345//1
f 1345//1 1347//1 1346//1
f 211//1 213//1 1345//1
f 1345//1 1348//1 1347//1
f 213//1 215//1 1345//1
f 1345//1 1349//1 1348//1
f 215//1 217//1 1345//1
f 1345//1 1350//1 1349//1
f 217//1 219//1 1345//1
f 1345//1 1351//1 1350//1
f 209//1 1345//1 396//1
f 219//1 1352//1 1345//1
f 396//1 1345//1 398//1
f 1352//1 1353//1 1345//1
f 398//1 1345//1 400//1
f 1353//1 1354//1 1345//1
f 400//1 1345//1 402//1
f 1354//1 1355//1 1345//1
f 402//1 1345//1 404//1
f 1355//1 1356//1 1345//1
f 404//1 1345//1 406//1
f 1356//1 1357//1 1345//1
f 406//1 1345//1 408//1
f 1357//1 1351//1 1345//1
f 302//1 304//1 1358//1
f 1358//1 1359//1 1360//1
f 304//1 306//1 1358//1
f 1358//1 1361//1 1359//1
f 306//1 308//1 1358//1
f 1358//1 1362//1 1361//1
f 308//1 310//1 1358//1
f 1358//1 1363//1 1362//1
f 310//1 312//1 1358//1
f 1358//1 1364//1 1363//1
f 312//1 314//1 1358//1
f 1358//1 1365//1 1364//1
f 314//1 316//1 1358//1
f 1358//1 1366//1 1365//1
f 316//1 318//1 1358//1
f 1358//1 471//1 1366//1
f 302//1 1358//1 1367//1
f 318//1 459//1 1358//1
f 1367//1 1358//1 1368//1
f 459//1 461//1 1358//1
f 1368//1 1358//1 1369//1
f 461//1 463//1 1358//1
f 1369//1 1358//1 1370//1
f 463//1 465//1 1358//1
f 1370//1 1358//1 1371//1
f 465//1 467//1 1358//1
f 1371//1 1358//1 1372//1
f 467//1 469//1 1358//1
f 1372//1 1358//1 1360//1
f 469//1 471//1 1358//1
f 549//1 1277//1 1373//1
f 1373//1 1374//1 561//1
f 1277//1 1278//1 1373//1
f 1373//1 1375//1 1374//1
f 1278//1 1279//1 1373//1
f 1373//1 1376//1 1375//1
f 1279//1 1280//1 1373//1
f 1373//1 1377//1 1376//1
f 1280//1 1281//1 1373//1
f 1373//1 1378//1 1377//1
f 1281//1 1282//1 1373//1
f 1373//1 1379//1 1378//1
f 549//1 1373//1 551//1
f 1282//1 1380//1 1373//1
f 551//1 1373//1 553//1
f 1380//1 1381//1 1373//1
f 553//1 1373//1 555//1
f 1381//1 1382//1 1373//1
f 555//1 1373//1 557//1
f 1382//1 1383//1 1373//1
f 557//1 1373//1 559//1
f 1383//1 1384//1 1373//1
f 559//1 1373//1 561//1
f 1384//1 1379//1 1373//1
f 688//1 689//1 1385//1
f 1385//1 1386//1 1387//1
f 689//1 690//1 1385//1
f 1385//1 1388//1 1386//1
f 690//1 691//1 1385//1
f 1385//1 1389//1 1388//1
f 691//1 692//1 1385//1
f 1385//1 1390//1 1389//1
f 692//1 693//1 1385//1
f 1385//1 1391//1 1390//1
f 693//1 694//1 1385//1
f 1385//1 857//1 1391//1
f 688//1 1385//1 1392//1
f 694//1 847//1 1385//1
f 1392//1 1385//1 1393//1
f 847//1 849//1 1385//1
f 1393//1 1385//1 1394//1
f 849//1 851//1 1385//1
f 1394//1 1385//1 1395//1
f 851//1 853//1 1385//1
f 1395//1 1385//1 1396//1
f 853//1 855//1 1385//1
f 1396//1 1385//1 1387//1
f 855//1 857//1 1385//1
f 1397//1 1398//1 1399//1
f 1399//1 902//1 900//1
f 1398//1 1400//1 1399//1
f 1399//1 904//1 902//1
f 1400//1 1401//1 1399//1
f 1399//1 906//1 904//1
f 1401//1 1402//1 1399//1
f 1399//1 908//1 906//1
f 1402//1 1403//1 1399//1
f 1399//1 910//1 908//1
f 1403//1 784//1 1399//1
f 1399//1 800//1 910//1
f 1397//1 1399//1 1404//1
f 784//1 786//1 1399//1
f 1404//1 1399//1 1405//1
f 786//1 788//1 1399//1
f 1405//1 1399//1 1406//1
f 788//1 790//1 1399//1
f 1406//1 1399//1 1407//1
f 790//1 792//1 1399//1
f 1407//1 1399//1 1408//1
f 792//1 794//1 1399//1
f 1408//1 1399//1 1409//1
f 794//1 796//1 1399//1
f 1409//1 1399//1 1410//1
f 796//1 798//1 1399//1
f 1410//1 1399//1 900//1
f 798//1 800//1 1399//1
f 858//1 1411//1 1412//1
f 1412//1 946//1 870//1
f 1411//1 1413//1 1412//1
f 1412//1 950//1 946//1
f 1413//1 1414//1 1412//1
f 1412//1 952//1 950//1
f 1414//1 1415//1 1412//1
f 1412//1 954//1 952//1
f 1415//1 1416//1 1412//1
f 1412//1 956//1 954//1
f 1416//1 1417//1 1412//1
f 1412//1 958//1 956//1
f 858//1 1412//1 860//1
f 1417//1 1418//1 1412//1
f 860//1 1412//1 862//1
f 1418//1 1419//1 1412//1
f 862//1 1412//1 864//1
f 1419//1 1420//1 1412//1
f 864//1 1412//1 866//1
f 1420//1 1421//1 1412//1
f 866//1 1412//1 868//1
f 1421//1 1422//1 1412//1
f 868//1 1412//1 870//1
f 1422//1 958//1 1412//1
f 881//1 880//1 1423//1
f 1423//1 1424//1 1088//1
f 880//1 883//1 1423//1
f 1423//1 1425//1 1424//1
f 883//1 885//1 1423//1
f 1423//1 1426//1 1425//1
f 885//1 887//1 1423//1
f 1423//1 1427//1 1426//1
f 887//1 889//1 1423//1
f 1423//1 1428//1 1427//1
f 889//1 891//1 1423//1
f 1423//1 1429//1 1428//1
f 881//1 1423//1 1081//1
f 891//1 1430//1 1423//1
f 1081//1 1423//1 1082//1
f 1430//1 1431//1 1423//1
f 1082//1 1423//1 1083//1
f 1431//1 1432//1 1423//1
f 1083//1 1423//1 1084//1
f 1432//1 1433//1 1423//1
f 1084//1 1423//1 1086//1
f 1433//1 1434//1 1423//1
f 1086//1 1423//1 1088//1
f 1434//1 1429//1 1423//1
f 1435//1 1436//1 1437//1
f 1437//1 1136//1 1134//1
f 1436//1 1438//1 1437//1
f 1437//1 1137//1 1136//1
f 1438//1 1439//1 1437//1
f 1437//1 1138//1 1137//1
f 1439//1 1440//1 1437//1
f 1437//1 1139//1 1138//1
f 1440//1 1441//1 1437//1
f 1437//1 1140//1 1139//1
f 1435//1 1437//1 1442//1
f 1441//1 1443//1 1437//1
f 1442//1 1437//1 1444//1
f 1443//1 1445//1 1437//1
f 1444//1 1437//1 1446//1
f 1445//1 1447//1 1437//1
f 1446//1 1437//1 1134//1
f 1447//1 1140//1 1437//1
f 1448//1 1449//1 1450//1
f 1450//1 1167//1 1166//1
f 1449//1 1451//1 1450//1
f 1450//1 1168//1 1167//1
f 1451//1 1452//1 1450//1
f 1450//1 1169//1 1168//1
f 1452//1 52//1 1450//1
f 1450//1 74//1 1169//1
f 1448//1 1450//1 1453//1
f 52//1 54//1 1450//1
f 1453//1 1450//1 1454//1
f 54//1 56//1 1450//1
f 1454//1 1450//1 1455//1
f 56//1 58//1 1450//1
f 1455//1 1450//1 1456//1
f 58//1 60//1 1450//1
f 1456//1 1450//1 1457//1
f 60//1 62//1 1450//1
f 1457//1 1450//1 1458//1
f 62//1 64//1 1450//1
f 1458//1 1450//1 1459//1
f 64//1 66//1 1450//1
f 1459//1 1450//1 1460//1
f 66//1 68//1 1450//1
f 1460//1 1450//1 1461//1
f 68//1 70//1 1450//1
f 1461//1 1450//1 1462//1
f 70//1 72//1 1450//1
f 1462//1 1450//1 1166//1
f 72//1 74//1 1450//1
f 1463//1 1464//1 1465//1
f 1465//1 212//1 210//1
f 1464//1 1466//1 1465//1
f 1465//1 214//1 212//1
f 1466//1 1467//1 1465//1
f 1465//1 216//1 214//1
f 1467//1 1177//1 1465//1
f 1465//1 218//1 216//1
f 1463//1 1465//1 1468//1
f 1177//1 1178//1 1465//1
f 1468//1 1465//1 1469//1
f 1178//1 1179//1 1465//1
f 1469//1 1465//1 1470//1
f 1179//1 1180//1 1465//1
f 1470//1 1465//1 210//1
f 1180//1 218//1 1465//1
f 140//1 1471//1 1472//1
f 1472//1 1181//1 148//1
f 1471//1 1473//1 1472//1
f 1472//1 1183//1 1181//1
f 1473//1 1474//1 1472//1
f 1472//1 1184//1 1183//1
f 1474//1 1475//1 1472//1
f 1472//1 1185//1 1184//1
f 1475//1 1476//1 1472//1
f 1472//1 1186//1 1185//1
f 140//1 1472//1 142//1
f 1476//1 1477//1 1472//1
f 142//1 1472//1 144//1
f 1477//1 1478//1 1472//1
f 144//1 1472//1 146//1
f 1478//1 1479//1 1472//1
f 146//1 1472//1 148//1
f 1479//1 1186//1 1472//1
f 1480//1 1481//1 1482//1
f 1482//1 1204//1 1203//1
f 1481//1 1483//1 1482//1
f 1482//1 1205//1 1204//1
f 1483//1 1484//1 1482//1
f 1482//1 1206//1 1205//1
f 1484//1 255//1 1482//1
f 1482//1 261//1 1206//1
f 1480//1 1482//1 1485//1
f 255//1 256//1 1482//1
f 1485//1 1482//1 1486//1
f 256//1 257//1 1482//1
f 1486//1 1482//1 1487//1
f 257//1 258//1 1482//1
f 1487//1 1482//1 1488//1
f 258//1 259//1 1482//1
f 1488//1 1482//1 1489//1
f 259//1 260//1 1482//1
f 1489//1 1482//1 1203//1
f 260//1 261//1 1482//1
f 1194//1 1490//1 1491//1
f 1491//1 303//1 301//1
f 1490//1 1492//1 1491//1
f 1491//1 305//1 303//1
f 1492//1 1493//1 1491//1
f 1491//1 307//1 305//1
f 1493//1 1494//1 1491//1
f 1491//1 309//1 307//1
f 1194//1 1491//1 1195//1
f 1494//1 1495//1 1491//1
f 1195//1 1491//1 1196//1
f 1495//1 1496//1 1491//1
f 1196//1 1491//1 1197//1
f 1496//1 1497//1 1491//1
f 1197//1 1491//1 301//1
f 1497//1 309//1 1491//1
f 1498//1 1499//1 1500//1
f 1500//1 360//1 358//1
f 1499//1 1501//1 1500//1
f 1500//1 362//1 360//1
f 1501//1 1502//1 1500//1
f 1500//1 364//1 362//1
f 1502//1 1212//1 1500//1
f 1500//1 366//1 364//1
f 1498//1 1500//1 1503//1
f 1212//1 1213//1 1500//1
f 1503//1 1500//1 1504//1
f 1213//1 1214//1 1500//1
f 1504//1 1500//1 1505//1
f 1214//1 1215//1 1500//1
f 1505//1 1500//1 1506//1
f 1215//1 1216//1 1500//1
f 1506//1 1500//1 1507//1
f 1216//1 1217//1 1500//1
f 1507//1 1500//1 358//1
f 1217//1 366//1 1500//1
f 323//1 1508//1 1509//1
f 1509//1 1218//1 327//1
f 1508//1 1510//1 1509//1
f 1509//1 1220//1 1218//1
f 1510//1 1511//1 1509//1
f 1509//1 1221//1 1220//1
f 1511//1 1512//1 1509//1
f 1509//1 1222//1 1221//1
f 1512//1 1513//1 1509//1
f 1509//1 1223//1 1222//1
f 323//1 1509//1 324//1
f 1513//1 1514//1 1509//1
f 324//1 1509//1 325//1
f 1514//1 1515//1 1509//1
f 325//1 1509//1 326//1
f 1515//1 1516//1 1509//1
f 326//1 1509//1 327//1
f 1516//1 1223//1 1509//1
f 1517//1 1518//1 1519//1
f 1519//1 1241//1 1240//1
f 1518//1 1520//1 1519//1
f 1519//1 1242//1 1241//1
f 1520//1 1521//1 1519//1
f 1519//1 1243//1 1242//1
f 1521//1 388//1 1519//1
f 1519//1 394//1 1243//1
f 1517//1 1519//1 1522//1
f 388//1 389//1 1519//1
f 1522//1 1519//1 1523//1
f 389//1 390//1 1519//1
f 1523//1 1519//1 1524//1
f 390//1 391//1 1519//1
f 1524//1 1519//1 1525//1
f 391//1 392//1 1519//1
f 1525//1 1519//1 1526//1
f 392//1 393//1 1519//1
f 1526//1 1519//1 1240//1
f 393//1 394//1 1519//1
f 219//1 221//1 1527//1
f 1527//1 1528//1 1355//1
f 221//1 223//1 1527//1
f 1527//1 1529//1 1528//1
f 223//1 225//1 1527//1
f 1527//1 1530//1 1529//1
f 225//1 227//1 1527//1
f 1527//1 1531//1 1530//1
f 219//1 1527//1 1352//1
f 227//1 1532//1 1527//1
f 1352//1 1527//1 1353//1
f 1532//1 1533//1 1527//1
f 1353//1 1527//1 1354//1
f 1533//1 1534//1 1527//1
f 1354//1 1527//1 1355//1
f 1534//1 1531//1 1527//1
f 456//1 1535//1 1536//1
f 1536//1 1255//1 468//1
f 1535//1 1537//1 1536//1
f 1536//1 1257//1 1255//1
f 1537//1 1538//1 1536//1
f 1536//1 1258//1 1257//1
f 1538//1 1539//1 1536//1
f 1536//1 1259//1 1258//1
f 456//1 1536//1 457//1
f 1539//1 1540//1 1536//1
f 457//1 1536//1 458//1
f 1540//1 1541//1 1536//1
f 458//1 1536//1 460//1
f 1541//1 1542//1 1536//1
f 460//1 1536//1 462//1
f 1542//1 1543//1 1536//1
f 462//1 1536//1 464//1
f 1543//1 1544//1 1536//1
f 464//1 1536//1 466//1
f 1544//1 1545//1 1536//1
f 466//1 1536//1 468//1
f 1545//1 1259//1 1536//1
f 1546//1 1547//1 1548//1
f 1548//1 500//1 498//1
f 1547//1 1549//1 1548//1
f 1548//1 502//1 500//1
f 1549//1 1550//1 1548//1
f 1548//1 504//1 502//1
f 1550//1 1250//1 1548//1
f 1548//1 506//1 504//1
f 1546//1 1548//1 1551//1
f 1250//1 1251//1 1548//1
f 1551//1 1548//1 1552//1
f 1251//1 1252//1 1548//1
f 1552//1 1548//1 1553//1
f 1252//1 1253//1 1548//1
f 1553//1 1548//1 1554//1
f 1253//1 1254//1 1548//1
f 1554//1 1548//1 498//1
f 1254//1 506//1 1548//1
f 367//1 369//1 1555//1
f 1555//1 1556//1 1288//1
f 369//1 371//1 1555//1
f 1555//1 1557//1 1556//1
f 371//1 373//1 1555//1
f 1555//1 1558//1 1557//1
f 373//1 375//1 1555//1
f 1555//1 1559//1 1558//1
f 367//1 1555//1 1285//1
f 375//1 1560//1 1555//1
f 1285//1 1555//1 1286//1
f 1560//1 1561//1 1555//1
f 1286//1 1555//1 1287//1
f 1561//1 1562//1 1555//1
f 1287//1 1555//1 1288//1
f 1562//1 1559//1 1555//1
f 1363//1 1364//1 1563//1
f 1563//1 1564//1 1565//1
f 1364//1 1365//1 1563//1
f 1563//1 1566//1 1564//1
f 1365//1 1366//1 1563//1
f 1563//1 1567//1 1566//1
f 1366//1 471//1 1563//1
f 1563//1 479//1 1567//1
f 1363//1 1563//1 1568//1
f 471//1 473//1 1563//1
f 1568//1 1563//1 1569//1
f 473//1 475//1 1563//1
f 1569//1 1563//1 1570//1
f 475//1 477//1 1563//1
f 1570//1 1563//1 1565//1
f 477//1 479//1 1563//1
f 1571//1 1572//1 1573//1
f 1573//1 1574//1 1575//1
f 1572//1 1576//1 1573//1
f 1573//1 1577//1 1574//1
f 1576//1 1578//1 1573//1
f 1573//1 1579//1 1577//1
f 1578//1 548//1 1573//1
f 1573//1 564//1 1579//1
f 1571//1 1573//1 1580//1
f 548//1 550//1 1573//1
f 1580//1 1573//1 1581//1
f 550//1 552//1 1573//1
f 1581//1 1573//1 1582//1
f 552//1 554//1 1573//1
f 1582//1 1573//1 1583//1
f 554//1 556//1 1573//1
f 1583//1 1573//1 1584//1
f 556//1 558//1 1573//1
f 1584//1 1573//1 1585//1
f 558//1 560//1 1573//1
f 1585//1 1573//1 1586//1
f 560//1 562//1 1573//1
f 1586//1 1573//1 1575//1
f 562//1 564//1 1573//1
f 561//1 1374//1 1587//1
f 1587//1 703//1 525//1
f 1374//1 1375//1 1587//1
f 1587//1 705//1 703//1
f 1375//1 1376//1 1587//1
f 1587//1 707//1 705//1
f 1376//1 1377//1 1587//1
f 1587//1 709//1 707//1
f 1377//1 1378//1 1587//1
f 1587//1 711//1 709//1
f 561//1 1587//1 563//1
f 1378//1 1588//1 1587//1
f 563//1 1587//1 565//1
f 1588//1 1589//1 1587//1
f 565//1 1587//1 567//1
f 1589//1 1590//1 1587//1
f 567//1 1587//1 569//1
f 1590//1 1591//1 1587//1
f 569//1 1587//1 571//1
f 1591//1 1592//1 1587//1
f 571//1 1587//1 573//1
f 1592//1 1593//1 1587//1
f 573//1 1587//1 575//1
f 1593//1 1594//1 1587//1
f 575//1 1587//1 577//1
f 1594//1 1595//1 1587//1
f 577//1 1587//1 579//1
f 1595//1 1596//1 1587//1
f 579//1 1587//1 581//1
f 1596//1 1597//1 1587//1
f 581//1 1587//1 583//1
f 1597//1 1598//1 1587//1
f 583//1 1587//1 585//1
f 1598//1 1599//1 1587//1
f 585//1 1587//1 587//1
f 1599//1 1600//1 1587//1
f 587//1 1587//1 525//1
f 1600//1 711//1 1587//1
f 1601//1 1575//1 1602//1
f 1602//1 1603//1 1604//1
f 1575//1 1574//1 1602//1
f 1602//1 1605//1 1603//1
f 1574//1 1577//1 1602//1
f 1602//1 1606//1 1605//1
f 1577//1 1579//1 1602//1
f 1602//1 683//1 1606//1
f 1579//1 564//1 1602//1
f 1602//1 497//1 683//1
f 1601//1 1602//1 1607//1
f 564//1 566//1 1602//1
f 1607//1 1602//1 1608//1
f 566//1 568//1 1602//1
f 1608//1 1602//1 1609//1
f 568//1 570//1 1602//1
f 1609//1 1602//1 1610//1
f 570//1 572//1 1602//1
f 1610//1 1602//1 1611//1
f 572//1 574//1 1602//1
f 1611//1 1602//1 1612//1
f 574//1 576//1 1602//1
f 1612//1 1602//1 1613//1
f 576//1 578//1 1602//1
f 1613//1 1602//1 1614//1
f 578//1 580//1 1602//1
f 1614//1 1602//1 1615//1
f 580//1 582//1 1602//1
f 1615//1 1602//1 1616//1
f 582//1 584//1 1602//1
f 1616//1 1602//1 1617//1
f 584//1 586//1 1602//1
f 1617//1 1602//1 1604//1
f 586//1 497//1 1602//1
f 732//1 1618//1 1619//1
f 1619//1 829//1 712//1
f 1618//1 1620//1 1619//1
f 1619//1 831//1 829//1
f 1620//1 1621//1 1619//1
f 1619//1 833//1 831//1
f 1621//1 1622//1 1619//1
f 1619//1 835//1 833//1
f 732//1 1619//1 734//1
f 1622//1 1623//1 1619//1
f 734//1 1619//1 736//1
f 1623//1 1624//1 1619//1
f 736//1 1619//1 738//1
f 1624//1 1625//1 1619//1
f 738//1 1619//1 740//1
f 1625//1 1626//1 1619//1
f 740//1 1619//1 742//1
f 1626//1 1627//1 1619//1
f 742//1 1619//1 744//1
f 1627//1 1628//1 1619//1
f 744//1 1619//1 712//1
f 1628//1 835//1 1619//1
f 1629//1 1630//1 1631//1
f 1631//1 1401//1 1400//1
f 1630//1 1632//1 1631//1
f 1631//1 1402//1 1401//1
f 1632//1 1633//1 1631//1
f 1631//1 1403//1 1402//1
f 1633//1 776//1 1631//1
f 1631//1 784//1 1403//1
f 1629//1 1631//1 1634//1
f 776//1 778//1 1631//1
f 1634//1 1631//1 1635//1
f 778//1 780//1 1631//1
f 1635//1 1631//1 1636//1
f 780//1 782//1 1631//1
f 1636//1 1631//1 1400//1
f 782//1 784//1 1631//1
f 787//1 1297//1 1637//1
f 1637//1 1638//1 805//1
f 1297//1 1298//1 1637//1
f 1637//1 1639//1 1638//1
f 1298//1 1299//1 1637//1
f 1637//1 1640//1 1639//1
f 1299//1 1300//1 1637//1
f 1637//1 1641//1 1640//1
f 787//1 1637//1 789//1
f 1300//1 1642//1 1637//1
f 789//1 1637//1 791//1
f 1642//1 1643//1 1637//1
f 791//1 1637//1 793//1
f 1643//1 1644//1 1637//1
f 793//1 1637//1 795//1
f 1644//1 1645//1 1637//1
f 795//1 1637//1 797//1
f 1645//1 1646//1 1637//1
f 797//1 1637//1 799//1
f 1646//1 1647//1 1637//1
f 799//1 1637//1 801//1
f 1647//1 1648//1 1637//1
f 801//1 1637//1 803//1
f 1648//1 1649//1 1637//1
f 803//1 1637//1 805//1
f 1649//1 1641//1 1637//1
f 1650//1 1651//1 1652//1
f 1652//1 894//1 892//1
f 1651//1 1653//1 1652//1
f 1652//1 896//1 894//1
f 1653//1 1654//1 1652//1
f 1652//1 898//1 896//1
f 1654//1 1406//1 1652//1
f 1652//1 900//1 898//1
f 1650//1 1652//1 1655//1
f 1406//1 1407//1 1652//1
f 1655//1 1652//1 1656//1
f 1407//1 1408//1 1652//1
f 1656//1 1652//1 1657//1
f 1408//1 1409//1 1652//1
f 1657//1 1652//1 1658//1
f 1409//1 1410//1 1652//1
f 1658//1 1652//1 892//1
f 1410//1 900//1 1652//1
f 1388//1 1389//1 1659//1
f 1659//1 1660//1 1661//1
f 1389//1 1390//1 1659//1
f 1659//1 1662//1 1660//1
f 1390//1 1391//1 1659//1
f 1659//1 1663//1 1662//1
f 1391//1 857//1 1659//1
f 1659//1 865//1 1663//1
f 1388//1 1659//1 1664//1
f 857//1 859//1 1659//1
f 1664//1 1659//1 1665//1
f 859//1 861//1 1659//1
f 1665//1 1659//1 1666//1
f 861//1 863//1 1659//1
f 1666//1 1659//1 1661//1
f 863//1 865//1 1659//1
f 819//1 820//1 1667//1
f 1667//1 1668//1 1669//1
f 820//1 821//1 1667//1
f 1667//1 1670//1 1668//1
f 821//1 822//1 1667//1
f 1667//1 1671//1 1670//1
f 822//1 823//1 1667//1
f 1667//1 1672//1 1671//1
f 823//1 824//1 1667//1
f 1667//1 1673//1 1672//1
f 824//1 825//1 1667//1
f 1667//1 1127//1 1673//1
f 819//1 1667//1 1674//1
f 825//1 1124//1 1667//1
f 1674//1 1667//1 1675//1
f 1124//1 1125//1 1667//1
f 1675//1 1667//1 1676//1
f 1125//1 1126//1 1667//1
f 1676//1 1667//1 1669//1
f 1126//1 1127//1 1667//1
f 757//1 758//1 1677//1
f 1677//1 1678//1 1327//1
f 758//1 759//1 1677//1
f 1677//1 1679//1 1678//1
f 759//1 760//1 1677//1
f 1677//1 1680//1 1679//1
f 760//1 761//1 1677//1
f 1677//1 1681//1 1680//1
f 757//1 1677//1 1324//1
f 761//1 1682//1 1677//1
f 1324//1 1677//1 1325//1
f 1682//1 1683//1 1677//1
f 1325//1 1677//1 1326//1
f 1683//1 1684//1 1677//1
f 1326//1 1677//1 1327//1
f 1684//1 1681//1 1677//1
f 935//1 1316//1 1685//1
f 1685//1 1686//1 943//1
f 1316//1 1317//1 1685//1
f 1685//1 1687//1 1686//1
f 1317//1 1318//1 1685//1
f 1685//1 1688//1 1687//1
f 1318//1 1319//1 1685//1
f 1685//1 1689//1 1688//1
f 935//1 1685//1 937//1
f 1319//1 1690//1 1685//1
f 937//1 1685//1 939//1
f 1690//1 1691//1 1685//1
f 939//1 1685//1 941//1
f 1691//1 1692//1 1685//1
f 941//1 1685//1 943//1
f 1692//1 1689//1 1685//1
f 1117//1 1118//1 1693//1
f 1693//1 1694//1 1695//1
f 1118//1 1119//1 1693//1
f 1693//1 1696//1 1694//1
f 1119//1 1120//1 1693//1
f 1693//1 1697//1 1696//1
f 1120//1 1121//1 1693//1
f 1693//1 1698//1 1697//1
f 1121//1 1122//1 1693//1
f 1693//1 1699//1 1698//1
f 1122//1 1123//1 1693//1
f 1693//1 1700//1 1699//1
f 1123//1 1006//1 1693//1
f 1693//1 1014//1 1700//1
f 1117//1 1693//1 1701//1
f 1006//1 1008//1 1693//1
f 1701//1 1693//1 1702//1
f 1008//1 1010//1 1693//1
f 1702//1 1693//1 1703//1
f 1010//1 1012//1 1693//1
f 1703//1 1693//1 1695//1
f 1012//1 1014//1 1693//1
f 891//1 893//1 1704//1
f 1704//1 1705//1 1433//1
f 893//1 895//1 1704//1
f 1704//1 1706//1 1705//1
f 895//1 897//1 1704//1
f 1704//1 1707//1 1706//1
f 897//1 899//1 1704//1
f 1704//1 1708//1 1707//1
f 891//1 1704//1 1430//1
f 899//1 1709//1 1704//1
f 1430//1 1704//1 1431//1
f 1709//1 1710//1 1704//1
f 1431//1 1704//1 1432//1
f 1710//1 1711//1 1704//1
f 1432//1 1704//1 1433//1
f 1711//1 1708//1 1704//1
f 965//1 967//1 1712//1
f 1712//1 1713//1 1714//1
f 967//1 969//1 1712//1
f 1712//1 1715//1 1713//1
f 969//1 971//1 1712//1
f 1712//1 1716//1 1715//1
f 971//1 973//1 1712//1
f 1712//1 1717//1 1716//1
f 973//1 975//1 1712//1
f 1712//1 1718//1 1717//1
f 975//1 977//1 1712//1
f 1712//1 1719//1 1718//1
f 977//1 979//1 1712//1
f 1712//1 1720//1 1719//1
f 979//1 981//1 1712//1
f 1712//1 1721//1 1720//1
f 981//1 983//1 1712//1
f 1712//1 1025//1 1721//1
f 965//1 1712//1 1722//1
f 983//1 1085//1 1712//1
f 1722//1 1712//1 1723//1
f 1085//1 1087//1 1712//1
f 1723//1 1712//1 1724//1
f 1087//1 1089//1 1712//1
f 1724//1 1712//1 1714//1
f 1089//1 1025//1 1712//1
f 1725//1 1726//1 1727//1
f 1727//1 1438//1 1436//1
f 1726//1 1728//1 1727//1
f 1727//1 1439//1 1438//1
f 1728//1 1729//1 1727//1
f 1727//1 1440//1 1439//1
f 1725//1 1727//1 1730//1
f 1729//1 1731//1 1727//1
f 1730//1 1727//1 1732//1
f 1731//1 1733//1 1727//1
f 1732//1 1727//1 1436//1
f 1733//1 1440//1 1727//1
f 1154//1 1734//1 1735//1
f 1735//1 26//1 24//1
f 1734//1 1736//1 1735//1
f 1735//1 28//1 26//1
f 1736//1 1737//1 1735//1
f 1735//1 30//1 28//1
f 1154//1 1735//1 1156//1
f 1737//1 1738//1 1735//1
f 1156//1 1735//1 1158//1
f 1738//1 1739//1 1735//1
f 1158//1 1735//1 1160//1
f 1739//1 1740//1 1735//1
f 1160//1 1735//1 24//1
f 1740//1 30//1 1735//1
f 47//1 1741//1 1742//1
f 1742//1 1331//1 57//1
f 1741//1 1743//1 1742//1
f 1742//1 1333//1 1331//1
f 1743//1 1744//1 1742//1
f 1742//1 1334//1 1333//1
f 47//1 1742//1 49//1
f 1744//1 1745//1 1742//1
f 49//1 1742//1 51//1
f 1745//1 1746//1 1742//1
f 51//1 1742//1 53//1
f 1746//1 1747//1 1742//1
f 53//1 1742//1 55//1
f 1747//1 1748//1 1742//1
f 55//1 1742//1 57//1
f 1748//1 1334//1 1742//1
f 1749//1 1750//1 1751//1
f 1751//1 1164//1 1162//1
f 1750//1 1752//1 1751//1
f 1751//1 1165//1 1164//1
f 1752//1 1460//1 1751//1
f 1751//1 1166//1 1165//1
f 1749//1 1751//1 1753//1
f 1460//1 1461//1 1751//1
f 1753//1 1751//1 1754//1
f 1461//1 1462//1 1751//1
f 1754//1 1751//1 1162//1
f 1462//1 1166//1 1751//1
f 1106//1 1755//1 1756//1
f 1756//1 120//1 118//1
f 1755//1 1757//1 1756//1
f 1756//1 122//1 120//1
f 1757//1 1758//1 1756//1
f 1756//1 124//1 122//1
f 1106//1 1756//1 1107//1
f 1758//1 1759//1 1756//1
f 1107//1 1756//1 1108//1
f 1759//1 1760//1 1756//1
f 1108//1 1756//1 1109//1
f 1760//1 1761//1 1756//1
f 1109//1 1756//1 1110//1
f 1761//1 1762//1 1756//1
f 1110//1 1756//1 118//1
f 1762//1 124//1 1756//1
f 134//1 1763//1 1764//1
f 1764//1 1471//1 140//1
f 1763//1 1765//1 1764//1
f 1764//1 1473//1 1471//1
f 1765//1 1766//1 1764//1
f 1764//1 1474//1 1473//1
f 134//1 1764//1 136//1
f 1766//1 1767//1 1764//1
f 136//1 1764//1 138//1
f 1767//1 1768//1 1764//1
f 138//1 1764//1 140//1
f 1768//1 1474//1 1764//1
f 1229//1 1769//1 1770//1
f 1770//1 435//1 433//1
f 1769//1 1771//1 1770//1
f 1770//1 437//1 435//1
f 1771//1 1772//1 1770//1
f 1770//1 439//1 437//1
f 1229//1 1770//1 1230//1
f 1772//1 1773//1 1770//1
f 1230//1 1770//1 1231//1
f 1773//1 1774//1 1770//1
f 1231//1 1770//1 1232//1
f 1774//1 1775//1 1770//1
f 1232//1 1770//1 1233//1
f 1775//1 1776//1 1770//1
f 1233//1 1770//1 433//1
f 1776//1 439//1 1770//1
f 227//1 229//1 1777//1
f 1777//1 1778//1 1534//1
f 229//1 231//1 1777//1
f 1777//1 1779//1 1778//1
f 231//1 233//1 1777//1
f 1777//1 1780//1 1779//1
f 227//1 1777//1 1532//1
f 233//1 1781//1 1777//1
f 1532//1 1777//1 1533//1
f 1781//1 1782//1 1777//1
f 1533//1 1777//1 1534//1
f 1782//1 1780//1 1777//1
f 123//1 125//1 1783//1
f 1783//1 1784//1 1785//1
f 125//1 127//1 1783//1
f 1783//1 1786//1 1784//1
f 127//1 129//1 1783//1
f 1783//1 1787//1 1786//1
f 129//1 131//1 1783//1
f 1783//1 343//1 1787//1
f 123//1 1783//1 1788//1
f 131//1 339//1 1783//1
f 1788//1 1783//1 1789//1
f 339//1 341//1 1783//1
f 1789//1 1783//1 1785//1
f 341//1 343//1 1783//1
f 296//1 298//1 1790//1
f 1790//1 1791//1 1792//1
f 298//1 300//1 1790//1
f 1790//1 1793//1 1791//1
f 300//1 302//1 1790//1
f 1790//1 1370//1 1793//1
f 296//1 1790//1 1794//1
f 302//1 1367//1 1790//1
f 1794//1 1790//1 1795//1
f 1367//1 1368//1 1790//1
f 1795//1 1790//1 1796//1
f 1368//1 1369//1 1790//1
f 1796//1 1790//1 1792//1
f 1369//1 1370//1 1790//1
f 1271//1 1797//1 1798//1
f 1798//1 619//1 617//1
f 1797//1 1799//1 1798//1
f 1798//1 621//1 619//1
f 1799//1 1800//1 1798//1
f 1798//1 623//1 621//1
f 1271//1 1798//1 1272//1
f 1800//1 1801//1 1798//1
f 1272//1 1798//1 1273//1
f 1801//1 1802//1 1798//1
f 1273//1 1798//1 1274//1
f 1802//1 1803//1 1798//1
f 1274//1 1798//1 1275//1
f 1803//1 1804//1 1798//1
f 1275//1 1798//1 617//1
f 1804//1 623//1 1798//1
f 1805//1 1806//1 1807//1
f 1807//1 1576//1 1572//1
f 1806//1 1808//1 1807//1
f 1807//1 1578//1 1576//1
f 1808//1 540//1 1807//1
f 1807//1 548//1 1578//1
f 1805//1 1807//1 1809//1
f 540//1 542//1 1807//1
f 1809//1 1807//1 1810//1
f 542//1 544//1 1807//1
f 1810//1 1807//1 1811//1
f 544//1 546//1 1807//1
f 1811//1 1807//1 1572//1
f 546//1 548//1 1807//1
f 1603//1 1605//1 1812//1
f 1812//1 1813//1 1814//1
f 1605//1 1606//1 1812//1
f 1812//1 1815//1 1813//1
f 1606//1 683//1 1812//1
f 1812//1 727//1 1815//1
f 1603//1 1812//1 1816//1
f 683//1 713//1 1812//1
f 1816//1 1812//1 1817//1
f 713//1 715//1 1812//1
f 1817//1 1812//1 1818//1
f 715//1 717//1 1812//1
f 1818//1 1812//1 1819//1
f 717//1 719//1 1812//1
f 1819//1 1812//1 1820//1
f 719//1 721//1 1812//1
f 1820//1 1812//1 1821//1
f 721//1 723//1 1812//1
f 1821//1 1812//1 1822//1
f 723//1 725//1 1812//1
f 1822//1 1812//1 1814//1
f 725//1 727//1 1812//1
f 726//1 1823//1 1824//1
f 1824//1 1618//1 732//1
f 1823//1 1825//1 1824//1
f 1824//1 1620//1 1618//1
f 1825//1 1826//1 1824//1
f 1824//1 1621//1 1620//1
f 726//1 1824//1 728//1
f 1826//1 1827//1 1824//1
f 728//1 1824//1 730//1
f 1827//1 1828//1 1824//1
f 730//1 1824//1 732//1
f 1828//1 1621//1 1824//1
f 618//1 620//1 1829//1
f 1829//1 1830//1 1307//1
f 620//1 622//1 1829//1
f 1829//1 1831//1 1830//1
f 622//1 624//1 1829//1
f 1829//1 1832//1 1831//1
f 618//1 1829//1 1305//1
f 624//1 1833//1 1829//1
f 1305//1 1829//1 1306//1
f 1833//1 1834//1 1829//1
f 1306//1 1829//1 1307//1
f 1834//1 1832//1 1829//1
f 1300//1 1301//1 1835//1
f 1835//1 1836//1 1644//1
f 1301//1 1302//1 1835//1
f 1835//1 1837//1 1836//1
f 1302//1 1303//1 1835//1
f 1835//1 1838//1 1837//1
f 1300//1 1835//1 1642//1
f 1303//1 1839//1 1835//1
f 1642//1 1835//1 1643//1
f 1839//1 1840//1 1835//1
f 1643//1 1835//1 1644//1
f 1840//1 1838//1 1835//1
f 852//1 1841//1 1842//1
f 1842//1 1411//1 858//1
f 1841//1 1843//1 1842//1
f 1842//1 1413//1 1411//1
f 1843//1 1844//1 1842//1
f 1842//1 1414//1 1413//1
f 852//1 1842//1 854//1
f 1844//1 1845//1 1842//1
f 854//1 1842//1 856//1
f 1845//1 1846//1 1842//1
f 856//1 1842//1 858//1
f 1846//1 1414//1 1842//1
f 1419//1 1847//1 1848//1
f 1848//1 960//1 958//1
f 1847//1 1849//1 1848//1
f 1848//1 962//1 960//1
f 1849//1 1850//1 1848//1
f 1848//1 964//1 962//1
f 1419//1 1848//1 1420//1
f 1850//1 1851//1 1848//1
f 1420//1 1848//1 1421//1
f 1851//1 1852//1 1848//1
f 1421//1 1848//1 1422//1
f 1852//1 1853//1 1848//1
f 1422//1 1848//1 958//1
f 1853//1 964//1 1848//1
f 1854//1 1855//1 1856//1
f 1856//1 1074//1 1072//1
f 1855//1 1857//1 1856//1
f 1856//1 1076//1 1074//1
f 1857//1 1858//1 1856//1
f 1856//1 1078//1 1076//1
f 1858//1 914//1 1856//1
f 1856//1 917//1 1078//1
f 1854//1 1856//1 1859//1
f 914//1 915//1 1856//1
f 1859//1 1856//1 1860//1
f 915//1 916//1 1856//1
f 1860//1 1856//1 1072//1
f 916//1 917//1 1856//1
f 1671//1 1672//1 1861//1
f 1861//1 1862//1 1863//1
f 1672//1 1673//1 1861//1
f 1861//1 1864//1 1862//1
f 1673//1 1127//1 1861//1
f 1861//1 1130//1 1864//1
f 1671//1 1861//1 1865//1
f 1127//1 1128//1 1861//1
f 1865//1 1861//1 1866//1
f 1128//1 1129//1 1861//1
f 1866//1 1861//1 1863//1
f 1129//1 1130//1 1861//1
f 899//1 901//1 1867//1
f 1867//1 1868//1 1711//1
f 901//1 903//1 1867//1
f 1867//1 1869//1 1868//1
f 903//1 905//1 1867//1
f 1867//1 1870//1 1869//1
f 899//1 1867//1 1709//1
f 905//1 1871//1 1867//1
f 1709//1 1867//1 1710//1
f 1871//1 1872//1 1867//1
f 1710//1 1867//1 1711//1
f 1872//1 1870//1 1867//1
f 959//1 961//1 1873//1
f 1873//1 1874//1 1875//1
f 961//1 963//1 1873//1
f 1873//1 1876//1 1874//1
f 963//1 965//1 1873//1
f 1873//1 1724//1 1876//1
f 959//1 1873//1 1877//1
f 965//1 1722//1 1873//1
f 1877//1 1873//1 1878//1
f 1722//1 1723//1 1873//1
f 1878//1 1873//1 1875//1
f 1723//1 1724//1 1873//1
f 1148//1 1879//1 1880//1
f 1880//1 1734//1 1154//1
f 1879//1 1881//1 1880//1
f 1880//1 1736//1 1734//1
f 1148//1 1880//1 1150//1
f 1881//1 1882//1 1880//1
f 1150//1 1880//1 1152//1
f 1882//1 1883//1 1880//1
f 1152//1 1880//1 1154//1
f 1883//1 1736//1 1880//1
f 1884//1 1885//1 1886//1
f 1886//1 6//1 2//1
f 1885//1 1153//1 1886//1
f 1886//1 8//1 6//1
f 1884//1 1886//1 1887//1
f 1153//1 1155//1 1886//1
f 1887//1 1886//1 1888//1
f 1155//1 1157//1 1886//1
f 1888//1 1886//1 1889//1
f 1157//1 1159//1 1886//1
f 1889//1 1886//1 2//1
f 1159//1 8//1 1886//1
f 1890//1 1891//1 1892//1
f 1892//1 1452//1 1451//1
f 1891//1 42//1 1892//1
f 1892//1 52//1 1452//1
f 1890//1 1892//1 1893//1
f 42//1 44//1 1892//1
f 1893//1 1892//1 1894//1
f 44//1 46//1 1892//1
f 1894//1 1892//1 1895//1
f 46//1 48//1 1892//1
f 1895//1 1892//1 1896//1
f 48//1 50//1 1892//1
f 1896//1 1892//1 1451//1
f 50//1 52//1 1892//1
f 1897//1 1898//1 1899//1
f 1899//1 1752//1 1750//1
f 1898//1 1458//1 1899//1
f 1899//1 1460//1 1752//1
f 1897//1 1899//1 1900//1
f 1458//1 1459//1 1899//1
f 1900//1 1899//1 1750//1
f 1459//1 1460//1 1899//1
f 1343//1 1901//1 1902//1
f 1902//1 1098//1 1097//1
f 1901//1 1903//1 1902//1
f 1902//1 1099//1 1098//1
f 1903//1 1904//1 1902//1
f 1902//1 1100//1 1099//1
f 1343//1 1902//1 1344//1
f 1904//1 1905//1 1902//1
f 1344//1 1902//1 1097//1
f 1905//1 1100//1 1902//1
f 1104//1 1906//1 1907//1
f 1907//1 1755//1 1106//1
f 1906//1 1908//1 1907//1
f 1907//1 1757//1 1755//1
f 1104//1 1907//1 1105//1
f 1908//1 1909//1 1907//1
f 1105//1 1907//1 1106//1
f 1909//1 1757//1 1907//1
f 1910//1 1911//1 1912//1
f 1912//1 1467//1 1466//1
f 1911//1 1172//1 1912//1
f 1912//1 1177//1 1467//1
f 1910//1 1912//1 1913//1
f 1172//1 1173//1 1912//1
f 1913//1 1912//1 1914//1
f 1173//1 1174//1 1912//1
f 1914//1 1912//1 1915//1
f 1174//1 1175//1 1912//1
f 1915//1 1912//1 1916//1
f 1175//1 1176//1 1912//1
f 1916//1 1912//1 1466//1
f 1176//1 1177//1 1912//1
f 1761//1 1917//1 1918//1
f 1918//1 126//1 124//1
f 1917//1 1919//1 1918//1
f 1918//1 128//1 126//1
f 1761//1 1918//1 1762//1
f 1919//1 1920//1 1918//1
f 1762//1 1918//1 124//1
f 1920//1 128//1 1918//1
f 1921//1 1922//1 1923//1
f 1923//1 1484//1 1483//1
f 1922//1 252//1 1923//1
f 1923//1 255//1 1484//1
f 1921//1 1923//1 1924//1
f 252//1 253//1 1923//1
f 1924//1 1923//1 1925//1
f 253//1 254//1 1923//1
f 1925//1 1923//1 1483//1
f 254//1 255//1 1923//1
f 1926//1 1927//1 1928//1
f 1928//1 1202//1 1201//1
f 1927//1 1487//1 1928//1
f 1928//1 1203//1 1202//1
f 1926//1 1928//1 1929//1
f 1487//1 1488//1 1928//1
f 1929//1 1928//1 1930//1
f 1488//1 1489//1 1928//1
f 1930//1 1928//1 1201//1
f 1489//1 1203//1 1928//1
f 1192//1 1931//1 1932//1
f 1932//1 1490//1 1194//1
f 1931//1 1933//1 1932//1
f 1932//1 1492//1 1490//1
f 1933//1 1934//1 1932//1
f 1932//1 1493//1 1492//1
f 1192//1 1932//1 1193//1
f 1934//1 1935//1 1932//1
f 1193//1 1932//1 1194//1
f 1935//1 1493//1 1932//1
f 1496//1 1936//1 1937//1
f 1937//1 311//1 309//1
f 1936//1 1938//1 1937//1
f 1937//1 313//1 311//1
f 1496//1 1937//1 1497//1
f 1938//1 1939//1 1937//1
f 1497//1 1937//1 309//1
f 1939//1 313//1 1937//1
f 1940//1 1941//1 1942//1
f 1942//1 1502//1 1501//1
f 1941//1 1209//1 1942//1
f 1942//1 1212//1 1502//1
f 1940//1 1942//1 1943//1
f 1209//1 1210//1 1942//1
f 1943//1 1942//1 1944//1
f 1210//1 1211//1 1942//1
f 1944//1 1942//1 1501//1
f 1211//1 1212//1 1942//1
f 320//1 1945//1 1946//1
f 1946//1 1508//1 323//1
f 1945//1 1947//1 1946//1
f 1946//1 1510//1 1508//1
f 320//1 1946//1 321//1
f 1947//1 1948//1 1946//1
f 321//1 1946//1 322//1
f 1948//1 1949//1 1946//1
f 322//1 1946//1 323//1
f 1949//1 1510//1 1946//1
f 1950//1 1951//1 1952//1
f 1952//1 356//1 354//1
f 1951//1 1505//1 1952//1
f 1952//1 358//1 356//1
f 1950//1 1952//1 1953//1
f 1505//1 1506//1 1952//1
f 1953//1 1952//1 1954//1
f 1506//1 1507//1 1952//1
f 1954//1 1952//1 354//1
f 1507//1 358//1 1952//1
f 1955//1 1956//1 1957//1
f 1957//1 1521//1 1520//1
f 1956//1 385//1 1957//1
f 1957//1 388//1 1521//1
f 1955//1 1957//1 1958//1
f 385//1 386//1 1957//1
f 1958//1 1957//1 1959//1
f 386//1 387//1 1957//1
f 1959//1 1957//1 1520//1
f 387//1 388//1 1957//1
f 1774//1 1960//1 1961//1
f 1961//1 441//1 439//1
f 1960//1 1962//1 1961//1
f 1961//1 443//1 441//1
f 1774//1 1961//1 1775//1
f 1962//1 1963//1 1961//1
f 1775//1 1961//1 1776//1
f 1963//1 1964//1 1961//1
f 1776//1 1961//1 439//1
f 1964//1 443//1 1961//1
f 1965//1 1966//1 1967//1
f 1967//1 1239//1 1238//1
f 1966//1 1524//1 1967//1
f 1967//1 1240//1 1239//1
f 1965//1 1967//1 1968//1
f 1524//1 1525//1 1967//1
f 1968//1 1967//1 1969//1
f 1525//1 1526//1 1967//1
f 1969//1 1967//1 1238//1
f 1526//1 1240//1 1967//1
f 453//1 1970//1 1971//1
f 1971//1 1535//1 456//1
f 1970//1 1972//1 1971//1
f 1971//1 1537//1 1535//1
f 453//1 1971//1 454//1
f 1972//1 1973//1 1971//1
f 454//1 1971//1 455//1
f 1973//1 1974//1 1971//1
f 455//1 1971//1 456//1
f 1974//1 1537//1 1971//1
f 1975//1 1976//1 1977//1
f 1977//1 1550//1 1549//1
f 1976//1 1247//1 1977//1
f 1977//1 1250//1 1550//1
f 1975//1 1977//1 1978//1
f 1247//1 1248//1 1977//1
f 1978//1 1977//1 1979//1
f 1248//1 1249//1 1977//1
f 1979//1 1977//1 1549//1
f 1249//1 1250//1 1977//1
f 290//1 292//1 1980//1
f 1980//1 1981//1 1982//1
f 292//1 294//1 1980//1
f 1980//1 1983//1 1981//1
f 294//1 296//1 1980//1
f 1980//1 1795//1 1983//1
f 290//1 1980//1 1984//1
f 296//1 1794//1 1980//1
f 1984//1 1980//1 1982//1
f 1794//1 1795//1 1980//1
f 1542//1 1985//1 1986//1
f 1986//1 1260//1 1259//1
f 1985//1 1987//1 1986//1
f 1986//1 1261//1 1260//1
f 1542//1 1986//1 1543//1
f 1987//1 1988//1 1986//1
f 1543//1 1986//1 1544//1
f 1988//1 1989//1 1986//1
f 1544//1 1986//1 1545//1
f 1989//1 1990//1 1986//1
f 1545//1 1986//1 1259//1
f 1990//1 1261//1 1986//1
f 408//1 1346//1 1991//1
f 1991//1 1992//1 412//1
f 1346//1 1347//1 1991//1
f 1991//1 1993//1 1992//1
f 1347//1 1348//1 1991//1
f 1991//1 1994//1 1993//1
f 408//1 1991//1 410//1
f 1348//1 1995//1 1991//1
f 410//1 1991//1 412//1
f 1995//1 1994//1 1991//1
f 1268//1 1996//1 1997//1
f 1997//1 1797//1 1271//1
f 1996//1 1998//1 1997//1
f 1997//1 1799//1 1797//1
f 1268//1 1997//1 1269//1
f 1998//1 1999//1 1997//1
f 1269//1 1997//1 1270//1
f 1999//1 2000//1 1997//1
f 1270//1 1997//1 1271//1
f 2000//1 1799//1 1997//1
f 2001//1 2002//1 2003//1
f 2003//1 1808//1 1806//1
f 2002//1 532//1 2003//1
f 2003//1 540//1 1808//1
f 2001//1 2003//1 2004//1
f 532//1 534//1 2003//1
f 2004//1 2003//1 2005//1
f 534//1 536//1 2003//1
f 2005//1 2003//1 2006//1
f 536//1 538//1 2003//1
f 2006//1 2003//1 1806//1
f 538//1 540//1 2003//1
f 1288//1 1556//1 2007//1
f 2007//1 2008//1 1290//1
f 1556//1 1557//1 2007//1
f 2007//1 2009//1 2008//1
f 1557//1 1558//1 2007//1
f 2007//1 2010//1 2009//1
f 1288//1 2007//1 1289//1
f 1558//1 2011//1 2007//1
f 1289//1 2007//1 1290//1
f 2011//1 2010//1 2007//1
f 1564//1 1566//1 2012//1
f 2012//1 2013//1 2014//1
f 1566//1 1567//1 2012//1
f 2012//1 2015//1 2013//1
f 1567//1 479//1 2012//1
f 2012//1 483//1 2015//1
f 1564//1 2012//1 2016//1
f 479//1 481//1 2012//1
f 2016//1 2012//1 2014//1
f 481//1 483//1 2012//1
f 419//1 422//1 2017//1
f 2017//1 2018//1 2019//1
f 422//1 424//1 2017//1
f 2017//1 633//1 2018//1
f 419//1 2017//1 2020//1
f 424//1 627//1 2017//1
f 2020//1 2017//1 2021//1
f 627//1 629//1 2017//1
f 2021//1 2017//1 2022//1
f 629//1 631//1 2017//1
f 2022//1 2017//1 2019//1
f 631//1 633//1 2017//1
f 2023//1 2024//1 2025//1
f 2025//1 750//1 746//1
f 2024//1 675//1 2025//1
f 2025//1 590//1 750//1
f 2023//1 2025//1 2026//1
f 675//1 677//1 2025//1
f 2026//1 2025//1 2027//1
f 677//1 679//1 2025//1
f 2027//1 2025//1 2028//1
f 679//1 681//1 2025//1
f 2028//1 2025//1 746//1
f 681//1 590//1 2025//1
f 722//1 2029//1 2030//1
f 2030//1 1823//1 726//1
f 2029//1 2031//1 2030//1
f 2030//1 1825//1 1823//1
f 722//1 2030//1 724//1
f 2031//1 2032//1 2030//1
f 724//1 2030//1 726//1
f 2032//1 1825//1 2030//1
f 1813//1 1815//1 2033//1
f 2033//1 2034//1 2035//1
f 1815//1 727//1 2033//1
f 2033//1 733//1 2034//1
f 1813//1 2033//1 2036//1
f 727//1 729//1 2033//1
f 2036//1 2033//1 2037//1
f 729//1 731//1 2033//1
f 2037//1 2033//1 2035//1
f 731//1 733//1 2033//1
f 2038//1 2039//1 2040//1
f 2040//1 1633//1 1632//1
f 2039//1 770//1 2040//1
f 2040//1 776//1 1633//1
f 2038//1 2040//1 2041//1
f 770//1 772//1 2040//1
f 2041//1 2040//1 2042//1
f 772//1 774//1 2040//1
f 2042//1 2040//1 1632//1
f 774//1 776//1 2040//1
f 1307//1 1830//1 2043//1
f 2043//1 2044//1 1310//1
f 1830//1 1831//1 2043//1
f 2043//1 2045//1 2044//1
f 1307//1 2043//1 1308//1
f 1831//1 2046//1 2043//1
f 1308//1 2043//1 1309//1
f 2046//1 2047//1 2043//1
f 1309//1 2043//1 1310//1
f 2047//1 2045//1 2043//1
f 1625//1 2048//1 2049//1
f 2049//1 837//1 835//1
f 2048//1 2050//1 2049//1
f 2049//1 839//1 837//1
f 1625//1 2049//1 1626//1
f 2050//1 2051//1 2049//1
f 1626//1 2049//1 1627//1
f 2051//1 2052//1 2049//1
f 1627//1 2049//1 1628//1
f 2052//1 2053//1 2049//1
f 1628//1 2049//1 835//1
f 2053//1 839//1 2049//1
f 685//1 687//1 2054//1
f 2054//1 2055//1 2056//1
f 687//1 688//1 2054//1
f 2054//1 1394//1 2055//1
f 685//1 2054//1 2057//1
f 688//1 1392//1 2054//1
f 2057//1 2054//1 2058//1
f 1392//1 1393//1 2054//1
f 2058//1 2054//1 2056//1
f 1393//1 1394//1 2054//1
f 2059//1 2060//1 2061//1
f 2061//1 1654//1 1653//1
f 2060//1 1404//1 2061//1
f 2061//1 1406//1 1654//1
f 2059//1 2061//1 2062//1
f 1404//1 1405//1 2061//1
f 2062//1 2061//1 1653//1
f 1405//1 1406//1 2061//1
f 1644//1 1836//1 2063//1
f 2063//1 2064//1 1646//1
f 1836//1 1837//1 2063//1
f 2063//1 2065//1 2064//1
f 1644//1 2063//1 1645//1
f 1837//1 2066//1 2063//1
f 1645//1 2063//1 1646//1
f 2066//1 2065//1 2063//1
f 2067//1 2068//1 2069//1
f 2069//1 886//1 884//1
f 2068//1 2070//1 2069//1
f 2069//1 888//1 886//1
f 2070//1 2071//1 2069//1
f 2069//1 890//1 888//1
f 2071//1 1657//1 2069//1
f 2069//1 892//1 890//1
f 2067//1 2069//1 2072//1
f 1657//1 1658//1 2069//1
f 2072//1 2069//1 884//1
f 1658//1 892//1 2069//1
f 1851//1 2073//1 2074//1
f 2074//1 966//1 964//1
f 2073//1 2075//1 2074//1
f 2074//1 968//1 966//1
f 1851//1 2074//1 1852//1
f 2075//1 2076//1 2074//1
f 1852//1 2074//1 1853//1
f 2076//1 2077//1 2074//1
f 1853//1 2074//1 964//1
f 2077//1 968//1 2074//1
f 1660//1 1662//1 2078//1
f 2078//1 2079//1 2080//1
f 1662//1 1663//1 2078//1
f 2078//1 2081//1 2079//1
f 1663//1 865//1 2078//1
f 2078//1 869//1 2081//1
f 1660//1 2078//1 2082//1
f 865//1 867//1 2078//1
f 2082//1 2078//1 2080//1
f 867//1 869//1 2078//1
f 805//1 1638//1 2083//1
f 2083//1 2084//1 811//1
f 1638//1 1639//1 2083//1
f 2083//1 2085//1 2084//1
f 805//1 2083//1 807//1
f 1639//1 2086//1 2083//1
f 807//1 2083//1 809//1
f 2086//1 2087//1 2083//1
f 809//1 2083//1 811//1
f 2087//1 2085//1 2083//1
f 2088//1 2089//1 2090//1
f 2090//1 1070//1 1068//1
f 2089//1 1859//1 2090//1
f 2090//1 1072//1 1070//1
f 2088//1 2090//1 2091//1
f 1859//1 1860//1 2090//1
f 2091//1 2090//1 1068//1
f 1860//1 1072//1 2090//1
f 817//1 818//1 2092//1
f 2092//1 2093//1 2094//1
f 818//1 819//1 2092//1
f 2092//1 1675//1 2093//1
f 817//1 2092//1 2095//1
f 819//1 1674//1 2092//1
f 2095//1 2092//1 2094//1
f 1674//1 1675//1 2092//1
f 761//1 762//1 2096//1
f 2096//1 2097//1 1683//1
f 762//1 763//1 2096//1
f 2096//1 2098//1 2097//1
f 761//1 2096//1 1682//1
f 763//1 2099//1 2096//1
f 1682//1 2096//1 1683//1
f 2099//1 2098//1 2096//1
f 1327//1 1678//1 2100//1
f 2100//1 2101//1 1329//1
f 1678//1 1679//1 2100//1
f 2100//1 2102//1 2101//1
f 1327//1 2100//1 1328//1
f 1679//1 2103//1 2100//1
f 1328//1 2100//1 1329//1
f 2103//1 2102//1 2100//1
f 1319//1 1320//1 2104//1
f 2104//1 2105//1 1691//1
f 1320//1 1321//1 2104//1
f 2104//1 2106//1 2105//1
f 1319//1 2104//1 1690//1
f 1321//1 2107//1 2104//1
f 1690//1 2104//1 1691//1
f 2107//1 2106//1 2104//1
f 1114//1 1115//1 2108//1
f 2108//1 2109//1 2110//1
f 1115//1 1116//1 2108//1
f 2108//1 2111//1 2109//1
f 1116//1 1117//1 2108//1
f 2108//1 1702//1 2111//1
f 1114//1 2108//1 2112//1
f 1117//1 1701//1 2108//1
f 2112//1 2108//1 2110//1
f 1701//1 1702//1 2108//1
f 1697//1 1698//1 2113//1
f 2113//1 2114//1 2115//1
f 1698//1 1699//1 2113//1
f 2113//1 2116//1 2114//1
f 1699//1 1700//1 2113//1
f 2113//1 2117//1 2116//1
f 1700//1 1014//1 2113//1
f 2113//1 1018//1 2117//1
f 1697//1 2113//1 2118//1
f 1014//1 1016//1 2113//1
f 2118//1 2113//1 2115//1
f 1016//1 1018//1 2113//1
f 905//1 907//1 2119//1
f 2119//1 2120//1 1872//1
f 907//1 909//1 2119//1
f 2119//1 2121//1 2120//1
f 905//1 2119//1 1871//1
f 909//1 2122//1 2119//1
f 1871//1 2119//1 1872//1
f 2122//1 2121//1 2119//1
f 955//1 957//1 2123//1
f 2123//1 2124//1 2125//1
f 957//1 959//1 2123//1
f 2123//1 1878//1 2124//1
f 955//1 2123//1 2126//1
f 959//1 1877//1 2123//1
f 2126//1 2123//1 2125//1
f 1877//1 1878//1 2123//1
f 2127//2 1725//2 2128//2
f 2127//3 2129//3 1725//3
f 2129//3 1726//3 1725//3
f 2129//3 2130//3 1726//3
f 2130//3 1728//3 1726//3
f 2130//3 2131//3 1728//3
f 2131//3 1729//3 1728//3
f 2131//3 2132//3 1729//3
f 2132//4 2133//4 1729//4
f 2128//2 1730//2 2134//2
f 2128//2 1725//2 1730//2
f 1729//5 2135//5 1731//5
f 1729//5 2133//5 2135//5
f 2134//2 1732//2 2136//2
f 2134//2 1730//2 1732//2
f 1731//5 2137//5 1733//5
f 1731//5 2135//5 2137//5
f 2138//2 1435//2 2139//2
f 2138//3 2136//3 1435//3
f 2136//3 1436//3 1435//3
f 2136//2 1732//2 1436//2
f 1733//1 1441//1 1440//1
f 1733//4 2137//4 1441//4
f 2137//4 2140//4 1441//4
f 2139//2 1442//2 2141//2
f 2139//2 1435//2 1442//2
f 1441//1 2142//1 1443//1
f 1441//4 2140//4 2142//4
f 2140//4 2143//4 2142//4
f 2141//2 1444//2 2144//2
f 2141//2 1442//2 1444//2
f 1443//1 2145//1 1445//1
f 1443//1 2142//1 2145//1
f 2142//5 2146//5 2145//5
f 2142//5 2143//5 2146//5
f 2144//2 1446//2 2147//2
f 2144//2 1444//2 1446//2
f 1445//1 2148//1 1447//1
f 1445//1 2145//1 2148//1
f 2145//1 2149//1 2148//1
f 2145//4 2146//4 2149//4
f 2146//4 2150//4 2149//4
f 2151//2 1133//2 2152//2
f 2151//3 2147//3 1133//3
f 2147//3 1134//3 1133//3
f 2147//2 1446//2 1134//2
f 1447//1 1141//1 1140//1
f 1447//1 2148//1 1141//1
f 2148//1 1142//1 1141//1
f 2148//1 2149//1 1142//1
f 2149//5 2153//5 1142//5
f 2149//5 2150//5 2153//5
f 2152//2 1143//2 2154//2
f 2152//2 1133//2 1143//2
f 1142//5 2155//5 1144//5
f 1142//5 2153//5 2155//5
f 2156//2 2157//2 2158//2
f 2156//3 2154//3 2157//3
f 2154//3 1145//3 2157//3
f 2154//2 1143//2 1145//2
f 1144//1 2159//1 1146//1
f 1144//4 2155//4 2159//4
f 2155//4 2160//4 2159//4
f 2158//2 2161//2 2162//2
f 2158//2 2157//2 2161//2
f 2157//1 1147//1 2161//1
f 2157//1 1145//1 1147//1
f 1146//1 1879//1 1148//1
f 1146//1 2159//1 1879//1
f 2159//1 1881//1 1879//1
f 2159//4 2160//4 1881//4
f 2160//4 2163//4 1881//4
f 2162//2 2164//2 2165//2
f 2162//2 2161//2 2164//2
f 2161//1 1149//1 2164//1
f 2161//1 1147//1 1149//1
f 1881//5 2166//5 1882//5
f 1881//5 2163//5 2166//5
f 2165//2 2167//2 2168//2
f 2165//2 2164//2 2167//2
f 2164//1 1151//1 2167//1
f 2164//1 1149//1 1151//1
f 1882//5 2169//5 1883//5
f 1882//5 2166//5 2169//5
f 2170//2 1884//2 2171//2
f 2170//3 2168//3 1884//3
f 2168//3 1885//3 1884//3
f 2168//2 2167//2 1885//2
f 2167//1 1153//1 1885//1
f 2167//1 1151//1 1153//1
f 1883//1 1737//1 1736//1
f 1883//4 2169//4 1737//4
f 2169//4 2172//4 1737//4
f 2171//2 1887//2 2173//2
f 2171//2 1884//2 1887//2
f 1737//5 2174//5 1738//5
f 1737//5 2172//5 2174//5
f 2173//2 1888//2 2175//2
f 2173//2 1887//2 1888//2
f 1738//5 2176//5 1739//5
f 1738//5 2174//5 2176//5
f 2177//2 2178//2 2179//2
f 2177//3 2175//3 2178//3
f 2175//3 1889//3 2178//3
f 2175//2 1888//2 1889//2
f 1739//1 2180//1 1740//1
f 1739//4 2176//4 2180//4
f 2176//4 2181//4 2180//4
f 2179//2 1//2 2182//2
f 2179//2 2178//2 1//2
f 2178//1 2//1 1//1
f 2178//1 1889//1 2//1
f 1740//1 32//1 30//1
f 1740//1 2180//1 32//1
f 2180//1 34//1 32//1
f 2180//4 2181//4 34//4
f 2181//4 2183//4 34//4
f 2184//2 2185//2 2186//2
f 2184//3 2182//3 2185//3
f 2182//3 36//3 2185//3
f 2182//2 1//2 36//2
f 34//5 2187//5 37//5
f 34//5 2183//5 2187//5
f 2186//2 2188//2 2189//2
f 2186//2 2185//2 2188//2
f 2185//1 38//1 2188//1
f 2185//1 36//1 38//1
f 37//1 2190//1 39//1
f 37//4 2187//4 2190//4
f 2187//4 2191//4 2190//4
f 2189//2 2192//2 2193//2
f 2189//2 2188//2 2192//2
f 2188//1 40//1 2192//1
f 2188//1 38//1 40//1
f 39//1 2194//1 41//1
f 39//1 2190//1 2194//1
f 2190//5 2195//5 2194//5
f 2190//5 2191//5 2195//5
f 2196//2 1890//2 2197//2
f 2196//3 2193//3 1890//3
f 2193//3 1891//3 1890//3
f 2193//2 2192//2 1891//2
f 2192//1 42//1 1891//1
f 2192//1 40//1 42//1
f 41//1 2198//1 43//1
f 41//1 2194//1 2198//1
f 2194//5 2199//5 2198//5
f 2194//5 2195//5 2199//5
f 2197//2 1893//2 2200//2
f 2197//2 1890//2 1893//2
f 43//1 2201//1 45//1
f 43//1 2198//1 2201//1
f 2198//5 2202//5 2201//5
f 2198//5 2199//5 2202//5
f 2200//2 1894//2 2203//2
f 2200//2 1893//2 1894//2
f 45//1 1741//1 47//1
f 45//1 2201//1 1741//1
f 2201//1 1743//1 1741//1
f 2201//4 2202//4 1743//4
f 2202//3 1744//3 1743//3
f 2202//3 2204//3 1744//3
f 2204//4 2205//4 1744//4
f 2203//2 1895//2 2206//2
f 2203//2 1894//2 1895//2
f 1744//5 2207//5 1745//5
f 1744//5 2205//5 2207//5
f 2208//2 2209//2 2210//2
f 2208//3 2206//3 2209//3
f 2206//3 1896//3 2209//3
f 2206//2 1895//2 1896//2
f 1745//1 2211//1 1746//1
f 1745//4 2207//4 2211//4
f 2207//4 2212//4 2211//4
f 2213//2 1448//2 2214//2
f 2213//3 2210//3 1448//3
f 2210//3 1449//3 1448//3
f 2210//2 2209//2 1449//2
f 2209//1 1451//1 1449//1
f 2209//1 1896//1 1451//1
f 1746//1 2215//1 1747//1
f 1746//1 2211//1 2215//1
f 2211//5 2216//5 2215//5
f 2211//5 2212//5 2216//5
f 2214//2 1453//2 2217//2
f 2214//2 1448//2 1453//2
f 1747//1 2218//1 1748//1
f 1747//1 2215//1 2218//1
f 2215//5 2219//5 2218//5
f 2215//5 2216//5 2219//5
f 2217//2 1454//2 2220//2
f 2217//2 1453//2 1454//2
f 1748//1 1335//1 1334//1
f 1748//1 2218//1 1335//1
f 2218//1 1336//1 1335//1
f 2218//4 2219//4 1336//4
f 2219//3 1337//3 1336//3
f 2219//3 2221//3 1337//3
f 2221//4 2222//4 1337//4
f 2223//2 2224//2 2225//2
f 2223//3 2220//3 2224//3
f 2220//3 1455//3 2224//3
f 2220//2 1454//2 1455//2
f 1337//5 2226//5 1338//5
f 1337//5 2222//5 2226//5
f 2225//2 2227//2 2228//2
f 2225//2 2224//2 2227//2
f 2224//1 1456//1 2227//1
f 2224//1 1455//1 1456//1
f 1338//5 2229//5 1339//5
f 1338//5 2226//5 2229//5
f 2228//2 2230//2 2231//2
f 2228//2 2227//2 2230//2
f 2227//1 1457//1 2230//1
f 2227//1 1456//1 1457//1
f 1339//1 2232//1 1340//1
f 1339//4 2229//4 2232//4
f 2229//4 2233//4 2232//4
f 2234//2 1897//2 2235//2
f 2234//3 2231//3 1897//3
f 2231//3 1898//3 1897//3
f 2231//2 2230//2 1898//2
f 2230//1 1458//1 1898//1
f 2230//1 1457//1 1458//1
f 1340//1 2236//1 1341//1
f 1340//1 2232//1 2236//1
f 2232//5 2237//5 2236//5
f 2232//5 2233//5 2237//5
f 2235//2 1900//2 2238//2
f 2235//2 1897//2 1900//2
f 1341//1 2239//1 1342//1
f 1341//1 2236//1 2239//1
f 2236//5 2240//5 2239//5
f 2236//5 2237//5 2240//5
f 2241//2 1749//2 2242//2
f 2241//3 2238//3 1749//3
f 2238//3 1750//3 1749//3
f 2238//2 1900//2 1750//2
f 1342//1 1901//1 1343//1
f 1342//1 2239//1 1901//1
f 2239//1 1903//1 1901//1
f 2239//4 2240//4 1903//4
f 2240//3 1904//3 1903//3
f 2240//3 2243//3 1904//3
f 2243//4 2244//4 1904//4
f 2242//2 1753//2 2245//2
f 2242//2 1749//2 1753//2
f 1904//5 2246//5 1905//5
f 1904//5 2244//5 2246//5
f 2245//2 1754//2 2247//2
f 2245//2 1753//2 1754//2
f 1905//1 1101//1 1100//1
f 1905//4 2246//4 1101//4
f 2246//4 2248//4 1101//4
f 2249//2 1161//2 2250//2
f 2249//3 2247//3 1161//3
f 2247//3 1162//3 1161//3
f 2247//2 1754//2 1162//2
f 1101//5 2251//5 1102//5
f 1101//5 2248//5 2251//5
f 2252//2 2253//2 2254//2
f 2252//3 2250//3 2253//3
f 2250//3 1170//3 2253//3
f 2250//2 1161//2 1170//2
f 1102//5 2255//5 1103//5
f 1102//5 2251//5 2255//5
f 2254//2 2256//2 2257//2
f 2254//2 2253//2 2256//2
f 2253//1 1171//1 2256//1
f 2253//1 1170//1 1171//1
f 1103//1 1906//1 1104//1
f 1103//4 2255//4 1906//4
f 2255//3 1908//3 1906//3
f 2255//3 2258//3 1908//3
f 2258//4 2259//4 1908//4
f 2260//2 1910//2 2261//2
f 2260//3 2257//3 1910//3
f 2257//3 1911//3 1910//3
f 2257//2 2256//2 1911//2
f 2256//1 1172//1 1911//1
f 2256//1 1171//1 1172//1
f 1908//5 2262//5 1909//5
f 1908//5 2259//5 2262//5
f 2261//2 1913//2 2263//2
f 2261//2 1910//2 1913//2
f 1909//1 1758//1 1757//1
f 1909//4 2262//4 1758//4
f 2262//4 2264//4 1758//4
f 2263//2 1914//2 2265//2
f 2263//2 1913//2 1914//2
f 1758//5 2266//5 1759//5
f 1758//5 2264//5 2266//5
f 2267//2 2268//2 2269//2
f 2267//3 2265//3 2268//3
f 2265//3 1915//3 2268//3
f 2265//2 1914//2 1915//2
f 1759//5 2270//5 1760//5
f 1759//5 2266//5 2270//5
f 2269//2 2271//2 2272//2
f 2269//2 2268//2 2271//2
f 2268//1 1916//1 2271//1
f 2268//1 1915//1 1916//1
f 1760//1 1917//1 1761//1
f 1760//4 2270//4 1917//4
f 2270//3 1919//3 1917//3
f 2270//3 2273//3 1919//3
f 2273//4 2274//4 1919//4
f 2275//2 1463//2 2276//2
f 2275//3 2272//3 1463//3
f 2272//3 1464//3 1463//3
f 2272//2 2271//2 1464//2
f 2271//1 1466//1 1464//1
f 2271//1 1916//1 1466//1
f 1919//5 2277//5 1920//5
f 1919//5 2274//5 2277//5
f 2276//2 1468//2 2278//2
f 2276//2 1463//2 1468//2
f 1920//1 130//1 128//1
f 1920//4 2277//4 130//4
f 2277//4 2279//4 130//4
f 2280//2 2281//2 2282//2
f 2280//3 2278//3 2281//3
f 2278//3 1469//3 2281//3
f 2278//2 1468//2 1469//2
f 130//1 2283//1 132//1
f 130//4 2279//4 2283//4
f 2279//4 2284//4 2283//4
f 2282//2 2285//2 2286//2
f 2282//2 2281//2 2285//2
f 2281//1 1470//1 2285//1
f 2281//1 1469//1 1470//1
f 132//1 2287//1 133//1
f 132//1 2283//1 2287//1
f 2283//1 2288//1 2287//1
f 2283//4 2284//4 2288//4
f 2284//4 2289//4 2288//4
f 2290//2 205//2 2291//2
f 2290//3 2286//3 205//3
f 2286//3 206//3 205//3
f 2286//2 2285//2 206//2
f 2285//1 210//1 206//1
f 2285//1 1470//1 210//1
f 133//1 1763//1 134//1
f 133//1 2287//1 1763//1
f 2287//1 1765//1 1763//1
f 2287//1 2288//1 1765//1
f 2288//1 1766//1 1765//1
f 2288//4 2289//4 1766//4
f 2289//4 2292//4 1766//4
f 2293//2 2294//2 2295//2
f 2293//3 2291//3 2294//3
f 2291//3 250//3 2294//3
f 2291//2 205//2 250//2
f 1766//5 2296//5 1767//5
f 1766//5 2292//5 2296//5
f 2295//2 2297//2 2298//2
f 2295//2 2294//2 2297//2
f 2294//1 251//1 2297//1
f 2294//1 250//1 251//1
f 1767//5 2299//5 1768//5
f 1767//5 2296//5 2299//5
f 2300//2 1921//2 2301//2
f 2300//3 2298//3 1921//3
f 2298//3 1922//3 1921//3
f 2298//2 2297//2 1922//2
f 2297//1 252//1 1922//1
f 2297//1 251//1 252//1
f 1768//1 1475//1 1474//1
f 1768//4 2299//4 1475//4
f 2299//3 1476//3 1475//3
f 2299//3 2302//3 1476//3
f 2302//4 2303//4 1476//4
f 2304//2 2305//2 2306//2
f 2304//3 2301//3 2305//3
f 2301//3 1924//3 2305//3
f 2301//2 1921//2 1924//2
f 1476//1 2307//1 1477//1
f 1476//4 2303//4 2307//4
f 2303//4 2308//4 2307//4
f 2306//2 2309//2 2310//2
f 2306//2 2305//2 2309//2
f 2305//1 1925//1 2309//1
f 2305//1 1924//1 1925//1
f 1477//1 2311//1 1478//1
f 1477//1 2307//1 2311//1
f 2307//5 2312//5 2311//5
f 2307//5 2308//5 2312//5
f 2313//2 1480//2 2314//2
f 2313//3 2310//3 1480//3
f 2310//3 1481//3 1480//3
f 2310//2 2309//2 1481//2
f 2309//1 1483//1 1481//1
f 2309//1 1925//1 1483//1
f 1478//1 2315//1 1479//1
f 1478//1 2311//1 2315//1
f 2311//1 2316//1 2315//1
f 2311//4 2312//4 2316//4
f 2312//4 2317//4 2316//4
f 2318//2 2319//2 2320//2
f 2318//3 2314//3 2319//3
f 2314//3 1485//3 2319//3
f 2314//2 1480//2 1485//2
f 1479//1 1187//1 1186//1
f 1479//1 2315//1 1187//1
f 2315//1 1188//1 1187//1
f 2315//1 2316//1 1188//1
f 2316//1 1189//1 1188//1
f 2316//4 2317//4 1189//4
f 2317//4 2321//4 1189//4
f 2320//2 2322//2 2323//2
f 2320//2 2319//2 2322//2
f 2319//1 1486//1 2322//1
f 2319//1 1485//1 1486//1
f 1189//5 2324//5 1190//5
f 1189//5 2321//5 2324//5
f 2325//2 1926//2 2326//2
f 2325//3 2323//3 1926//3
f 2323//3 1927//3 1926//3
f 2323//2 2322//2 1927//2
f 2322//1 1487//1 1927//1
f 2322//1 1486//1 1487//1
f 1190//1 2327//1 1191//1
f 1190//4 2324//4 2327//4
f 2324//4 2328//4 2327//4
f 2326//2 1929//2 2329//2
f 2326//2 1926//2 1929//2
f 1191//1 1931//1 1192//1
f 1191//1 2327//1 1931//1
f 2327//1 1933//1 1931//1
f 2327//4 2328//4 1933//4
f 2328//3 1934//3 1933//3
f 2328//3 2330//3 1934//3
f 2330//4 2331//4 1934//4
f 2332//2 2333//2 2334//2
f 2332//3 2329//3 2333//3
f 2329//3 1930//3 2333//3
f 2329//2 1929//2 1930//2
f 1934//5 2335//5 1935//5
f 1934//5 2331//5 2335//5
f 2336//2 1198//2 2337//2
f 2336//3 2334//3 1198//3
f 2334//3 1199//3 1198//3
f 2334//2 2333//2 1199//2
f 2333//1 1201//1 1199//1
f 2333//1 1930//1 1201//1
f 1935//1 1494//1 1493//1
f 1935//4 2335//4 1494//4
f 2335//4 2338//4 1494//4
f 2337//2 1207//2 2339//2
f 2337//2 1198//2 1207//2
f 1494//1 2340//1 1495//1
f 1494//4 2338//4 2340//4
f 2338//4 2341//4 2340//4
f 2339//2 1208//2 2342//2
f 2339//2 1207//2 1208//2
f 1495//1 1936//1 1496//1
f 1495//1 2340//1 1936//1
f 2340//1 1938//1 1936//1
f 2340//4 2341//4 1938//4
f 2341//4 2343//4 1938//4
f 2344//2 1940//2 2345//2
f 2344//3 2346//3 1940//3
f 2346//3 1941//3 1940//3
f 2346//3 2342//3 1941//3
f 2342//3 1209//3 1941//3
f 2342//2 1208//2 1209//2
f 1938//1 2347//1 1939//1
f 1938//4 2343//4 2347//4
f 2343//4 2348//4 2347//4
f 2349//2 2350//2 2351//2
f 2349//3 2345//3 2350//3
f 2345//3 1943//3 2350//3
f 2345//2 1940//2 1943//2
f 1939//1 315//1 313//1
f 1939//1 2347//1 315//1
f 2347//1 317//1 315//1
f 2347//4 2348//4 317//4
f 2348//4 2352//4 317//4
f 2351//2 2353//2 2354//2
f 2351//2 2350//2 2353//2
f 2350//1 1944//1 2353//1
f 2350//1 1943//1 1944//1
f 317//1 2355//1 319//1
f 317//4 2352//4 2355//4
f 2352//4 2356//4 2355//4
f 2357//2 1498//2 2358//2
f 2357//3 2354//3 1498//3
f 2354//3 1499//3 1498//3
f 2354//2 2353//2 1499//2
f 2353//1 1501//1 1499//1
f 2353//1 1944//1 1501//1
f 319//1 1945//1 320//1
f 319//1 2355//1 1945//1
f 2355//1 1947//1 1945//1
f 2355//4 2356//4 1947//4
f 2356//4 2359//4 1947//4
f 2360//2 2361//2 2362//2
f 2360//3 2358//3 2361//3
f 2358//3 1503//3 2361//3
f 2358//2 1498//2 1503//2
f 1947//1 2363//1 1948//1
f 1947//4 2359//4 2363//4
f 2359//4 2364//4 2363//4
f 2362//2 2365//2 2366//2
f 2362//2 2361//2 2365//2
f 2361//1 1504//1 2365//1
f 2361//1 1503//1 1504//1
f 1948//1 2367//1 1949//1
f 1948//1 2363//1 2367//1
f 2363//5 2368//5 2367//5
f 2363//5 2364//5 2368//5
f 2369//2 1950//2 2370//2
f 2369//3 2366//3 1950//3
f 2366//3 1951//3 1950//3
f 2366//2 2365//2 1951//2
f 2365//1 1505//1 1951//1
f 2365//1 1504//1 1505//1
f 1949//1 1511//1 1510//1
f 1949//1 2367//1 1511//1
f 2367//1 1512//1 1511//1
f 2367//4 2368//4 1512//4
f 2368//3 1513//3 1512//3
f 2368//3 2371//3 1513//3
f 2371//4 2372//4 1513//4
f 2373//2 2374//2 2375//2
f 2373//3 2370//3 2374//3
f 2370//3 1953//3 2374//3
f 2370//2 1950//2 1953//2
f 1513//1 2376//1 1514//1
f 1513//4 2372//4 2376//4
f 2372//4 2377//4 2376//4
f 2375//2 2378//2 2379//2
f 2375//2 2374//2 2378//2
f 2374//1 1954//1 2378//1
f 2374//1 1953//1 1954//1
f 1514//1 2380//1 1515//1
f 1514//1 2376//1 2380//1
f 2376//5 2381//5 2380//5
f 2376//5 2377//5 2381//5
f 2382//2 347//2 2383//2
f 2382//3 2384//3 347//3
f 2384//3 348//3 347//3
f 2384//3 2379//3 348//3
f 2379//3 352//3 348//3
f 2379//2 2378//2 352//2
f 2378//1 354//1 352//1
f 2378//1 1954//1 354//1
f 1515//1 2385//1 1516//1
f 1515//1 2380//1 2385//1
f 2380//1 2386//1 2385//1
f 2380//4 2381//4 2386//4
f 2381//4 2387//4 2386//4
f 2388//2 2389//2 2390//2
f 2388//3 2383//3 2389//3
f 2383//3 383//3 2389//3
f 2383//2 347//2 383//2
f 1516//1 1224//1 1223//1
f 1516//1 2385//1 1224//1
f 2385//1 1225//1 1224//1
f 2385//1 2386//1 1225//1
f 2386//1 1226//1 1225//1
f 2386//4 2387//4 1226//4
f 2387//4 2391//4 1226//4
f 2390//2 2392//2 2393//2
f 2390//2 2389//2 2392//2
f 2389//1 384//1 2392//1
f 2389//1 383//1 384//1
f 1226//5 2394//5 1227//5
f 1226//5 2391//5 2394//5
f 2395//2 1955//2 2396//2
f 2395//3 2393//3 1955//3
f 2393//3 1956//3 1955//3
f 2393//2 2392//2 1956//2
f 2392//1 385//1 1956//1
f 2392//1 384//1 385//1
f 1227//1 2397//1 1228//1
f 1227//4 2394//4 2397//4
f 2394//3 2398//3 2397//3
f 2394//3 2399//3 2398//3
f 2399//4 2400//4 2398//4
f 2401//2 2402//2 2403//2
f 2401//3 2396//3 2402//3
f 2396//3 1958//3 2402//3
f 2396//2 1955//2 1958//2
f 1228//1 1769//1 1229//1
f 1228//1 2397//1 1769//1
f 2397//1 1771//1 1769//1
f 2397//1 2398//1 1771//1
f 2398//1 1772//1 1771//1
f 2398//4 2400//4 1772//4
f 2400//4 2404//4 1772//4
f 2403//2 2405//2 2406//2
f 2403//2 2402//2 2405//2
f 2402//1 1959//1 2405//1
f 2402//1 1958//1 1959//1
f 1772//5 2407//5 1773//5
f 1772//5 2404//5 2407//5
f 2408//2 1517//2 2409//2
f 2408//3 2406//3 1517//3
f 2406//3 1518//3 1517//3
f 2406//2 2405//2 1518//2
f 2405//1 1520//1 1518//1
f 2405//1 1959//1 1520//1
f 1773//1 1960//1 1774//1
f 1773//4 2407//4 1960//4
f 2407//3 1962//3 1960//3
f 2407//3 2410//3 1962//3
f 2410//4 2411//4 1962//4
f 2412//2 2413//2 2414//2
f 2412//3 2409//3 2413//3
f 2409//3 1522//3 2413//3
f 2409//2 1517//2 1522//2
f 1962//1 2415//1 1963//1
f 1962//4 2411//4 2415//4
f 2411//4 2416//4 2415//4
f 2414//2 2417//2 2418//2
f 2414//2 2413//2 2417//2
f 2413//1 1523//1 2417//1
f 2413//1 1522//1 1523//1
f 1963//1 2419//1 1964//1
f 1963//1 2415//1 2419//1
f 2415//5 2420//5 2419//5
f 2415//5 2416//5 2420//5
f 2421//2 1965//2 2422//2
f 2421//3 2418//3 1965//3
f 2418//3 1966//3 1965//3
f 2418//2 2417//2 1966//2
f 2417//1 1524//1 1966//1
f 2417//1 1523//1 1524//1
f 1964//1 445//1 443//1
f 1964//1 2419//1 445//1
f 2419//1 447//1 445//1
f 2419//4 2420//4 447//4
f 2420//3 449//3 447//3
f 2420//3 2423//3 449//3
f 2423//4 2424//4 449//4
f 2425//2 2426//2 2427//2
f 2425//3 2422//3 2426//3
f 2422//3 1968//3 2426//3
f 2422//2 1965//2 1968//2
f 449//5 2428//5 451//5
f 449//5 2424//5 2428//5
f 2427//2 2429//2 2430//2
f 2427//2 2426//2 2429//2
f 2426//1 1969//1 2429//1
f 2426//1 1968//1 1969//1
f 451//5 2431//5 452//5
f 451//5 2428//5 2431//5
f 2432//2 1234//2 2433//2
f 2432//3 2434//3 1234//3
f 2434//3 1235//3 1234//3
f 2434//3 2430//3 1235//3
f 2430//3 1237//3 1235//3
f 2430//2 2429//2 1237//2
f 2429//1 1238//1 1237//1
f 2429//1 1969//1 1238//1
f 452//1 1970//1 453//1
f 452//4 2431//4 1970//4
f 2431//3 1972//3 1970//3
f 2431//3 2435//3 1972//3
f 2435//4 2436//4 1972//4
f 2433//2 1244//2 2437//2
f 2433//2 1234//2 1244//2
f 233//1 2438//1 1781//1
f 233//1 234//1 2438//1
f 234//1 2439//1 2438//1
f 234//1 235//1 2439//1
f 235//1 2440//1 2439//1
f 235//1 236//1 2440//1
f 236//1 2441//1 2440//1
f 236//1 237//1 2441//1
f 237//1 2442//1 2441//1
f 237//1 238//1 2442//1
f 238//1 2443//1 2442//1
f 238//1 239//1 2443//1
f 239//5 2444//5 2443//5
f 239//6 240//6 2444//6
f 240//6 2445//6 2444//6
f 240//6 241//6 2445//6
f 241//6 2446//6 2445//6
f 241//6 242//6 2446//6
f 242//6 2447//6 2446//6
f 242//6 243//6 2447//6
f 243//6 2448//6 2447//6
f 243//6 244//6 2448//6
f 244//6 2449//6 2448//6
f 244//6 245//6 2449//6
f 245//6 2450//6 2449//6
f 245//6 246//6 2450//6
f 246//6 2451//6 2450//6
f 246//6 247//6 2451//6
f 247//6 2452//6 2451//6
f 247//6 248//6 2452//6
f 248//6 2453//6 2452//6
f 248//6 249//6 2453//6
f 249//6 2454//6 2453//6
f 249//6 101//6 2454//6
f 101//6 2455//6 2454//6
f 101//6 100//6 2455//6
f 100//6 2456//6 2455//6
f 100//6 103//6 2456//6
f 103//6 2457//6 2456//6
f 103//6 105//6 2457//6
f 105//6 2458//6 2457//6
f 105//6 107//6 2458//6
f 107//7 2459//7 2458//7
f 107//1 109//1 2459//1
f 109//1 2460//1 2459//1
f 109//1 111//1 2460//1
f 111//1 2461//1 2460//1
f 111//1 113//1 2461//1
f 113//1 2462//1 2461//1
f 113//1 115//1 2462//1
f 115//1 2463//1 2462//1
f 115//1 117//1 2463//1
f 117//1 2464//1 2463//1
f 117//1 119//1 2464//1
f 119//1 2465//1 2464//1
f 119//1 121//1 2465//1
f 121//1 1788//1 2465//1
f 121//1 123//1 1788//1
f 1972//1 2466//1 1973//1
f 1972//4 2436//4 2466//4
f 2436//4 2467//4 2466//4
f 2437//2 1245//2 2468//2
f 2437//2 1244//2 1245//2
f 1781//5 2469//5 1782//5
f 1781//6 2438//6 2469//6
f 2438//6 2470//6 2469//6
f 2438//6 2439//6 2470//6
f 2439//6 2471//6 2470//6
f 2439//6 2440//6 2471//6
f 2440//6 2472//6 2471//6
f 2440//6 2441//6 2472//6
f 2441//6 2473//6 2472//6
f 2441//6 2442//6 2473//6
f 2442//6 2474//6 2473//6
f 2442//6 2443//6 2474//6
f 2443//6 2475//6 2474//6
f 2443//5 2444//5 2475//5
f 2458//7 2459//7 2476//7
f 2459//6 2477//6 2476//6
f 2459//6 2460//6 2477//6
f 2460//6 2478//6 2477//6
f 2460//6 2461//6 2478//6
f 2461//6 2479//6 2478//6
f 2461//6 2462//6 2479//6
f 2462//6 2480//6 2479//6
f 2462//6 2463//6 2480//6
f 2463//6 2481//6 2480//6
f 2463//6 2464//6 2481//6
f 2464//7 2482//7 2481//7
f 2464//1 2465//1 2482//1
f 2465//1 1789//1 2482//1
f 2465//1 1788//1 1789//1
f 1973//1 2483//1 1974//1
f 1973//1 2466//1 2483//1
f 2466//5 2484//5 2483//5
f 2466//5 2467//5 2484//5
f 2485//2 2486//2 2487//2
f 2485//3 2468//3 2486//3
f 2468//3 1246//3 2486//3
f 2468//2 1245//2 1246//2
f 1782//5 2488//5 1780//5
f 1782//5 2469//5 2488//5
f 2481//7 2482//7 2489//7
f 2482//7 1785//7 2489//7
f 2482//1 1789//1 1785//1
f 1974//1 1538//1 1537//1
f 1974//1 2483//1 1538//1
f 2483//1 1539//1 1538//1
f 2483//4 2484//4 1539//4
f 2484//4 2490//4 1539//4
f 2491//2 1975//2 2492//2
f 2491//3 2487//3 1975//3
f 2487//3 1976//3 1975//3
f 2487//2 2486//2 1976//2
f 2486//1 1247//1 1976//1
f 2486//1 1246//1 1247//1
f 1534//5 2493//5 1531//5
f 1534//6 1778//6 2493//6
f 1778//6 2494//6 2493//6
f 1778//6 1779//6 2494//6
f 1779//6 2495//6 2494//6
f 1779//6 1780//6 2495//6
f 1780//6 2496//6 2495//6
f 1780//5 2488//5 2496//5
f 2489//7 1785//7 2497//7
f 1785//7 2498//7 2497//7
f 1785//1 1784//1 2498//1
f 1784//1 2499//1 2498//1
f 1784//1 1786//1 2499//1
f 1786//1 2500//1 2499//1
f 1786//1 1787//1 2500//1
f 1787//1 345//1 2500//1
f 1787//1 343//1 345//1
f 1539//5 2501//5 1540//5
f 1539//5 2490//5 2501//5
f 2492//2 1978//2 2502//2
f 2492//2 1975//2 1978//2
f 1355//1 2503//1 1356//1
f 1355//1 1528//1 2503//1
f 1528//5 2504//5 2503//5
f 1528//6 1529//6 2504//6
f 1529//6 2505//6 2504//6
f 1529//6 1530//6 2505//6
f 1530//6 2506//6 2505//6
f 1530//6 1531//6 2506//6
f 1531//6 2507//6 2506//6
f 1531//5 2493//5 2507//5
f 2497//7 2498//7 2508//7
f 2498//6 2509//6 2508//6
f 2498//6 2499//6 2509//6
f 2499//6 2510//6 2509//6
f 2499//6 2500//6 2510//6
f 2500//7 288//7 2510//7
f 2500//1 345//1 288//1
f 1540//1 2511//1 1541//1
f 1540//4 2501//4 2511//4
f 2501//4 2512//4 2511//4
f 2513//2 2514//2 2515//2
f 2513//3 2502//3 2514//3
f 2502//3 1979//3 2514//3
f 2502//2 1978//2 1979//2
f 1356//1 2516//1 1357//1
f 1356//1 2503//1 2516//1
f 2503//5 2517//5 2516//5
f 2503//5 2504//5 2517//5
f 2510//7 288//7 2518//7
f 288//6 2519//6 2518//6
f 288//6 287//6 2519//6
f 287//7 1984//7 2519//7
f 287//1 290//1 1984//1
f 1541//1 1985//1 1542//1
f 1541//1 2511//1 1985//1
f 2511//1 1987//1 1985//1
f 2511//4 2512//4 1987//4
f 2512//4 2520//4 1987//4
f 2521//2 1546//2 2522//2
f 2521//3 2515//3 1546//3
f 2515//3 1547//3 1546//3
f 2515//2 2514//2 1547//2
f 2514//1 1549//1 1547//1
f 2514//1 1979//1 1549//1
f 1357//5 2523//5 1351//5
f 1357//6 2516//6 2523//6
f 2516//6 2524//6 2523//6
f 2516//5 2517//5 2524//5
f 2519//2 1982//2 2525//2
f 2519//2 1984//2 1982//2
f 1987//5 2526//5 1988//5
f 1987//5 2520//5 2526//5
f 2522//2 1551//2 2527//2
f 2522//2 1546//2 1551//2
f 1348//5 2528//5 1995//5
f 1348//6 1349//6 2528//6
f 1349//6 2529//6 2528//6
f 1349//6 1350//6 2529//6
f 1350//6 2530//6 2529//6
f 1350//6 1351//6 2530//6
f 1351//6 2531//6 2530//6
f 1351//5 2523//5 2531//5
f 2525//7 1982//7 2532//7
f 1982//6 2533//6 2532//6
f 1982//6 1981//6 2533//6
f 1981//6 2534//6 2533//6
f 1981//6 1983//6 2534//6
f 1983//7 1796//7 2534//7
f 1983//1 1795//1 1796//1
f 1988//5 2535//5 1989//5
f 1988//5 2526//5 2535//5
f 2536//2 2537//2 2538//2
f 2536//3 2527//3 2537//3
f 2527//3 1552//3 2537//3
f 2527//2 1551//2 1552//2
f 1995//5 2539//5 1994//5
f 1995//5 2528//5 2539//5
f 2534//2 1792//2 2540//2
f 2534//2 1796//2 1792//2
f 1989//1 2541//1 1990//1
f 1989//4 2535//4 2541//4
f 2535//4 2542//4 2541//4
f 2538//2 2543//2 2544//2
f 2538//2 2537//2 2543//2
f 2537//1 1553//1 2543//1
f 2537//1 1552//1 1553//1
f 412//1 2545//1 414//1
f 412//1 1992//1 2545//1
f 1992//1 2546//1 2545//1
f 1992//1 1993//1 2546//1
f 1993//5 2547//5 2546//5
f 1993//6 1994//6 2547//6
f 1994//6 2548//6 2547//6
f 1994//5 2539//5 2548//5
f 2540//7 1792//7 2549//7
f 1792//6 2550//6 2549//6
f 1792//6 1791//6 2550//6
f 1791//7 2551//7 2550//7
f 1791//1 1793//1 2551//1
f 1793//1 1371//1 2551//1
f 1793//1 1370//1 1371//1
f 1990//1 1262//1 1261//1
f 1990//1 2541//1 1262//1
f 2541//1 1263//1 1262//1
f 2541//4 2542//4 1263//4
f 2542//4 2552//4 1263//4
f 2544//2 2553//2 2554//2
f 2544//2 2543//2 2553//2
f 2543//1 1554//1 2553//1
f 2543//1 1553//1 1554//1
f 414//5 2555//5 416//5
f 414//6 2545//6 2555//6
f 2545//6 2556//6 2555//6
f 2545//6 2546//6 2556//6
f 2546//6 2557//6 2556//6
f 2546//5 2547//5 2557//5
f 2550//7 2551//7 2558//7
f 2551//7 1372//7 2558//7
f 2551//1 1371//1 1372//1
f 1263//5 2559//5 1264//5
f 1263//5 2552//5 2559//5
f 2560//2 493//2 2561//2
f 2560//3 2554//3 493//3
f 2554//3 494//3 493//3
f 2554//2 2553//2 494//2
f 2553//1 498//1 494//1
f 2553//1 1554//1 498//1
f 416//5 2562//5 382//5
f 416//5 2555//5 2562//5
f 2558//2 1360//2 2563//2
f 2558//2 1372//2 1360//2
f 1264//1 2564//1 1265//1
f 1264//4 2559//4 2564//4
f 2559//4 2565//4 2564//4
f 2561//2 526//2 2566//2
f 2561//2 493//2 526//2
f 375//1 2567//1 1560//1
f 375//1 377//1 2567//1
f 377//1 2568//1 2567//1
f 377//1 379//1 2568//1
f 379//1 2569//1 2568//1
f 379//1 381//1 2569//1
f 381//5 2570//5 2569//5
f 381//6 382//6 2570//6
f 382//6 2571//6 2570//6
f 382//5 2562//5 2571//5
f 2563//7 1360//7 2572//7
f 1360//7 2573//7 2572//7
f 1360//1 1359//1 2573//1
f 1359//1 2574//1 2573//1
f 1359//1 1361//1 2574//1
f 1361//1 2575//1 2574//1
f 1361//1 1362//1 2575//1
f 1362//1 1568//1 2575//1
f 1362//1 1363//1 1568//1
f 1265//1 2576//1 1266//1
f 1265//1 2564//1 2576//1
f 2564//5 2577//5 2576//5
f 2564//5 2565//5 2577//5
f 2578//2 2579//2 2580//2
f 2578//3 2566//3 2579//3
f 2566//3 528//3 2579//3
f 2566//2 526//2 528//2
f 1560//1 2581//1 1561//1
f 1560//1 2567//1 2581//1
f 2567//5 2582//5 2581//5
f 2567//6 2568//6 2582//6
f 2568//6 2583//6 2582//6
f 2568//6 2569//6 2583//6
f 2569//6 2584//6 2583//6
f 2569//5 2570//5 2584//5
f 2572//7 2573//7 2585//7
f 2573//6 2586//6 2585//6
f 2573//6 2574//6 2586//6
f 2574//7 2587//7 2586//7
f 2574//1 2575//1 2587//1
f 2575//1 1569//1 2587//1
f 2575//1 1568//1 1569//1
f 1266//1 2588//1 1267//1
f 1266//1 2576//1 2588//1
f 2576//5 2589//5 2588//5
f 2576//5 2577//5 2589//5
f 2580//2 2590//2 2591//2
f 2580//2 2579//2 2590//2
f 2579//1 530//1 2590//1
f 2579//1 528//1 530//1
f 1561//1 2592//1 1562//1
f 1561//1 2581//1 2592//1
f 2581//5 2593//5 2592//5
f 2581//5 2582//5 2593//5
f 2586//2 2594//2 2595//2
f 2586//2 2587//2 2594//2
f 2587//1 1570//1 2594//1
f 2587//1 1569//1 1570//1
f 1267//1 1996//1 1268//1
f 1267//1 2588//1 1996//1
f 2588//1 1998//1 1996//1
f 2588//4 2589//4 1998//4
f 2589//4 2596//4 1998//4
f 2597//2 2001//2 2598//2
f 2597//3 2591//3 2001//3
f 2591//3 2002//3 2001//3
f 2591//2 2590//2 2002//2
f 2590//1 532//1 2002//1
f 2590//1 530//1 532//1
f 1562//5 2599//5 1559//5
f 1562//6 2592//6 2599//6
f 2592//6 2600//6 2599//6
f 2592//5 2593//5 2600//5
f 2595//7 2594//7 2601//7
f 2594//7 1565//7 2601//7
f 2594//1 1570//1 1565//1
f 1998//5 2602//5 1999//5
f 1998//5 2596//5 2602//5
f 2598//2 2004//2 2603//2
f 2598//2 2001//2 2004//2
f 1558//5 2604//5 2011//5
f 1558//6 1559//6 2604//6
f 1559//6 2605//6 2604//6
f 1559//5 2599//5 2605//5
f 2601//7 1565//7 2606//7
f 1565//7 2016//7 2606//7
f 1565//1 1564//1 2016//1
f 1999//5 2607//5 2000//5
f 1999//5 2602//5 2607//5
f 2603//2 2005//2 2608//2
f 2603//2 2004//2 2005//2
f 2011//5 2609//5 2010//5
f 2011//5 2604//5 2609//5
f 2606//2 2014//2 2610//2
f 2606//2 2016//2 2014//2
f 2000//1 1800//1 1799//1
f 2000//4 2607//4 1800//4
f 2607//4 2611//4 1800//4
f 2608//2 2006//2 2612//2
f 2608//2 2005//2 2006//2
f 1290//1 2613//1 1291//1
f 1290//1 2008//1 2613//1
f 2008//1 2614//1 2613//1
f 2008//1 2009//1 2614//1
f 2009//5 2615//5 2614//5
f 2009//6 2010//6 2615//6
f 2010//6 2616//6 2615//6
f 2010//5 2609//5 2616//5
f 2610//7 2014//7 2617//7
f 2014//7 2618//7 2617//7
f 2014//1 2013//1 2618//1
f 2013//1 2619//1 2618//1
f 2013//1 2015//1 2619//1
f 2015//1 485//1 2619//1
f 2015//1 483//1 485//1
f 1800//5 2620//5 1801//5
f 1800//5 2611//5 2620//5
f 2621//2 1805//2 2622//2
f 2621//3 2612//3 1805//3
f 2612//3 1806//3 1805//3
f 2612//2 2006//2 1806//2
f 1291//1 2623//1 1292//1
f 1291//1 2613//1 2623//1
f 2613//5 2624//5 2623//5
f 2613//6 2614//6 2624//6
f 2614//6 2625//6 2624//6
f 2614//5 2615//5 2625//5
f 2617//7 2618//7 2626//7
f 2618//7 2627//7 2626//7
f 2618//1 2619//1 2627//1
f 2619//1 487//1 2627//1
f 2619//1 485//1 487//1
f 1801//5 2628//5 1802//5
f 1801//5 2620//5 2628//5
f 2622//2 1809//2 2629//2
f 2622//2 1805//2 1809//2
f 1292//1 2630//1 1293//1
f 1292//1 2623//1 2630//1
f 2623//5 2631//5 2630//5
f 2623//5 2624//5 2631//5
f 2626//2 2632//2 2633//2
f 2626//2 2627//2 2632//2
f 2627//1 489//1 2632//1
f 2627//1 487//1 489//1
f 1802//1 2634//1 1803//1
f 1802//4 2628//4 2634//4
f 2628//4 2635//4 2634//4
f 2629//2 1810//2 2636//2
f 2629//2 1809//2 1810//2
f 1293//5 2637//5 1294//5
f 1293//6 2630//6 2637//6
f 2630//6 2638//6 2637//6
f 2630//5 2631//5 2638//5
f 2633//2 2639//2 2640//2
f 2633//2 2632//2 2639//2
f 2632//1 491//1 2639//1
f 2632//1 489//1 491//1
f 1803//1 2641//1 1804//1
f 1803//1 2634//1 2641//1
f 2634//5 2642//5 2641//5
f 2634//5 2635//5 2642//5
f 2636//2 1811//2 2643//2
f 2636//2 1810//2 1811//2
f 1294//5 2644//5 1295//5
f 1294//5 2637//5 2644//5
f 2640//7 2639//7 2645//7
f 2639//7 420//7 2645//7
f 2639//1 491//1 420//1
f 1804//1 625//1 623//1
f 1804//1 2641//1 625//1
f 2641//5 2646//5 625//5
f 2641//5 2642//5 2646//5
f 2647//2 1571//2 2648//2
f 2647//3 2643//3 1571//3
f 2643//3 1572//3 1571//3
f 2643//2 1811//2 1572//2
f 1295//5 2649//5 1284//5
f 1295//5 2644//5 2649//5
f 2645//7 420//7 2650//7
f 420//7 2020//7 2650//7
f 420//1 419//1 2020//1
f 625//5 2651//5 628//5
f 625//5 2646//5 2651//5
f 2648//2 1580//2 2652//2
f 2648//2 1571//2 1580//2
f 1282//1 2653//1 1380//1
f 1282//1 1283//1 2653//1
f 1283//5 2654//5 2653//5
f 1283//6 1284//6 2654//6
f 1284//6 2655//6 2654//6
f 1284//5 2649//5 2655//5
f 2650//2 2021//2 2656//2
f 2650//2 2020//2 2021//2
f 628//5 2657//5 630//5
f 628//5 2651//5 2657//5
f 2652//2 1581//2 2658//2
f 2652//2 1580//2 1581//2
f 1380//1 2659//1 1381//1
f 1380//1 2653//1 2659//1
f 2653//5 2660//5 2659//5
f 2653//5 2654//5 2660//5
f 2656//2 2022//2 2661//2
f 2656//2 2021//2 2022//2
f 630//5 2662//5 632//5
f 630//5 2657//5 2662//5
f 2658//2 1582//2 2663//2
f 2658//2 1581//2 1582//2
f 1381//1 2664//1 1382//1
f 1381//1 2659//1 2664//1
f 2659//5 2665//5 2664//5
f 2659//5 2660//5 2665//5
f 2661//2 2019//2 2666//2
f 2661//2 2022//2 2019//2
f 632//1 2667//1 634//1
f 632//4 2662//4 2667//4
f 2662//4 2668//4 2667//4
f 2663//2 1583//2 2669//2
f 2663//2 1582//2 1583//2
f 1382//5 2670//5 1383//5
f 1382//6 2664//6 2670//6
f 2664//6 2671//6 2670//6
f 2664//5 2665//5 2671//5
f 2666//7 2019//7 2672//7
f 2019//7 2673//7 2672//7
f 2019//1 2018//1 2673//1
f 2018//1 635//1 2673//1
f 2018//1 633//1 635//1
f 634//1 2674//1 636//1
f 634//1 2667//1 2674//1
f 2667//5 2675//5 2674//5
f 2667//5 2668//5 2675//5
f 2676//2 2677//2 2678//2
f 2676//3 2669//3 2677//3
f 2669//3 1584//3 2677//3
f 2669//2 1583//2 1584//2
f 1383//5 2679//5 1384//5
f 1383//5 2670//5 2679//5
f 2672//2 2680//2 2681//2
f 2672//2 2673//2 2680//2
f 2673//1 637//1 2680//1
f 2673//1 635//1 637//1
f 636//1 2682//1 638//1
f 636//1 2674//1 2682//1
f 2674//5 2683//5 2682//5
f 2674//5 2675//5 2683//5
f 2678//2 2684//2 2685//2
f 2678//2 2677//2 2684//2
f 2677//1 1585//1 2684//1
f 2677//1 1584//1 1585//1
f 1384//5 2686//5 1379//5
f 1384//5 2679//5 2686//5
f 2681//2 2687//2 2688//2
f 2681//2 2680//2 2687//2
f 2680//1 639//1 2687//1
f 2680//1 637//1 639//1
f 638//1 2689//1 640//1
f 638//1 2682//1 2689//1
f 2682//5 2690//5 2689//5
f 2682//5 2683//5 2690//5
f 2685//2 2691//2 2692//2
f 2685//2 2684//2 2691//2
f 2684//1 1586//1 2691//1
f 2684//1 1585//1 1586//1
f 1378//5 2693//5 1588//5
f 1378//6 1379//6 2693//6
f 1379//6 2694//6 2693//6
f 1379//5 2686//5 2694//5
f 2688//2 2695//2 2696//2
f 2688//2 2687//2 2695//2
f 2687//1 641//1 2695//1
f 2687//1 639//1 641//1
f 640//1 2697//1 642//1
f 640//1 2689//1 2697//1
f 2689//5 2698//5 2697//5
f 2689//5 2690//5 2698//5
f 2692//2 1601//2 2699//2
f 2692//2 2691//2 1601//2
f 2691//1 1575//1 1601//1
f 2691//1 1586//1 1575//1
f 1588//5 2700//5 1589//5
f 1588//5 2693//5 2700//5
f 2696//7 2695//7 2701//7
f 2695//7 643//7 2701//7
f 2695//1 641//1 643//1
f 642//1 2702//1 644//1
f 642//1 2697//1 2702//1
f 2697//5 2703//5 2702//5
f 2697//5 2698//5 2703//5
f 2699//2 1607//2 2704//2
f 2699//2 1601//2 1607//2
f 1589//5 2705//5 1590//5
f 1589//5 2700//5 2705//5
f 2701//2 645//2 2706//2
f 2701//2 643//2 645//2
f 644//1 2707//1 646//1
f 644//1 2702//1 2707//1
f 2702//5 2708//5 2707//5
f 2702//5 2703//5 2708//5
f 2704//2 1608//2 2709//2
f 2704//2 1607//2 1608//2
f 1590//5 2710//5 1591//5
f 1590//5 2705//5 2710//5
f 2706//2 647//2 2711//2
f 2706//2 645//2 647//2
f 646//1 2712//1 648//1
f 646//1 2707//1 2712//1
f 2707//5 2713//5 2712//5
f 2707//5 2708//5 2713//5
f 2709//2 1609//2 2714//2
f 2709//2 1608//2 1609//2
f 1591//5 2715//5 1592//5
f 1591//5 2710//5 2715//5
f 2711//2 649//2 2716//2
f 2711//2 647//2 649//2
f 648//1 2717//1 650//1
f 648//1 2712//1 2717//1
f 2712//5 2718//5 2717//5
f 2712//5 2713//5 2718//5
f 2714//2 1610//2 2719//2
f 2714//2 1609//2 1610//2
f 1592//5 2720//5 1593//5
f 1592//5 2715//5 2720//5
f 2716//2 651//2 2721//2
f 2716//2 649//2 651//2
f 650//1 2722//1 652//1
f 650//1 2717//1 2722//1
f 2717//5 2723//5 2722//5
f 2717//5 2718//5 2723//5
f 2719//2 1611//2 2724//2
f 2719//2 1610//2 1611//2
f 1593//5 2725//5 1594//5
f 1593//5 2720//5 2725//5
f 2721//2 653//2 2726//2
f 2721//2 651//2 653//2
f 652//1 2727//1 654//1
f 652//1 2722//1 2727//1
f 2722//5 2728//5 2727//5
f 2722//5 2723//5 2728//5
f 2724//2 1612//2 2729//2
f 2724//2 1611//2 1612//2
f 1594//5 2730//5 1595//5
f 1594//5 2725//5 2730//5
f 2726//2 655//2 2731//2
f 2726//2 653//2 655//2
f 654//1 2732//1 656//1
f 654//1 2727//1 2732//1
f 2727//5 2733//5 2732//5
f 2727//5 2728//5 2733//5
f 2729//2 1613//2 2734//2
f 2729//2 1612//2 1613//2
f 1595//5 2735//5 1596//5
f 1595//5 2730//5 2735//5
f 2731//2 657//2 2736//2
f 2731//2 655//2 657//2
f 656//1 2737//1 658//1
f 656//1 2732//1 2737//1
f 2732//5 2738//5 2737//5
f 2732//5 2733//5 2738//5
f 2734//2 1614//2 2739//2
f 2734//2 1613//2 1614//2
f 1596//5 2740//5 1597//5
f 1596//5 2735//5 2740//5
f 2736//2 659//2 2741//2
f 2736//2 657//2 659//2
f 658//1 2742//1 660//1
f 658//1 2737//1 2742//1
f 2737//5 2743//5 2742//5
f 2737//5 2738//5 2743//5
f 2739//2 1615//2 2744//2
f 2739//2 1614//2 1615//2
f 1597//5 2745//5 1598//5
f 1597//5 2740//5 2745//5
f 2741//2 661//2 2746//2
f 2741//2 659//2 661//2
f 660//1 2747//1 662//1
f 660//1 2742//1 2747//1
f 2742//5 2748//5 2747//5
f 2742//5 2743//5 2748//5
f 2744//2 1616//2 2749//2
f 2744//2 1615//2 1616//2
f 1598//5 2750//5 1599//5
f 1598//5 2745//5 2750//5
f 2746//2 663//2 2751//2
f 2746//2 661//2 663//2
f 662//1 2752//1 664//1
f 662//1 2747//1 2752//1
f 2747//5 2753//5 2752//5
f 2747//5 2748//5 2753//5
f 2749//2 1617//2 2754//2
f 2749//2 1616//2 1617//2
f 1599//5 2755//5 1600//5
f 1599//5 2750//5 2755//5
f 2751//2 665//2 2756//2
f 2751//2 663//2 665//2
f 664//1 2757//1 666//1
f 664//1 2752//1 2757//1
f 2752//5 2758//5 2757//5
f 2752//5 2753//5 2758//5
f 2754//2 1604//2 2759//2
f 2754//2 1617//2 1604//2
f 1600//5 2760//5 711//5
f 1600//5 2755//5 2760//5
f 2756//2 667//2 2761//2
f 2756//2 665//2 667//2
f 666//1 2762//1 668//1
f 666//1 2757//1 2762//1
f 2757//5 2763//5 2762//5
f 2757//5 2758//5 2763//5
f 2759//2 2764//2 2765//2
f 2759//2 1604//2 2764//2
f 1604//1 1816//1 2764//1
f 1604//1 1603//1 1816//1
f 711//1 2766//1 714//1
f 711//4 2760//4 2766//4
f 2760//4 2767//4 2766//4
f 2768//2 2769//2 2770//2
f 2768//3 2761//3 2769//3
f 2761//3 669//3 2769//3
f 2761//2 667//2 669//2
f 668//1 2771//1 670//1
f 668//1 2762//1 2771//1
f 2762//5 2772//5 2771//5
f 2762//5 2763//5 2772//5
f 2765//2 2773//2 2774//2
f 2765//2 2764//2 2773//2
f 2764//1 1817//1 2773//1
f 2764//1 1816//1 1817//1
f 714//1 2775//1 716//1
f 714//1 2766//1 2775//1
f 2766//5 2776//5 2775//5
f 2766//5 2767//5 2776//5
f 2770//2 2777//2 2778//2
f 2770//2 2769//2 2777//2
f 2769//1 671//1 2777//1
f 2769//1 669//1 671//1
f 670//1 2779//1 672//1
f 670//1 2771//1 2779//1
f 2771//5 2780//5 2779//5
f 2771//5 2772//5 2780//5
f 2774//7 2773//7 2781//7
f 2773//7 1818//7 2781//7
f 2773//1 1817//1 1818//1
f 716//1 2782//1 718//1
f 716//1 2775//1 2782//1
f 2775//5 2783//5 2782//5
f 2775//5 2776//5 2783//5
f 2778//2 2784//2 2785//2
f 2778//2 2777//2 2784//2
f 2777//1 673//1 2784//1
f 2777//1 671//1 673//1
f 672//5 2786//5 674//5
f 672//6 2779//6 2786//6
f 2779//6 2787//6 2786//6
f 2779//5 2780//5 2787//5
f 2781//2 1819//2 2788//2
f 2781//2 1818//2 1819//2
f 718//1 2789//1 720//1
f 718//1 2782//1 2789//1
f 2782//5 2790//5 2789//5
f 2782//5 2783//5 2790//5
f 2791//2 2023//2 2792//2
f 2791//3 2785//3 2023//3
f 2785//3 2024//3 2023//3
f 2785//2 2784//2 2024//2
f 2784//1 675//1 2024//1
f 2784//1 673//1 675//1
f 674//5 2793//5 676//5
f 674//5 2786//5 2793//5
f 2788//2 1820//2 2794//2
f 2788//2 1819//2 1820//2
f 720//1 2029//1 722//1
f 720//1 2789//1 2029//1
f 2789//1 2031//1 2029//1
f 2789//4 2790//4 2031//4
f 2790//4 2795//4 2031//4
f 2792//2 2026//2 2796//2
f 2792//2 2023//2 2026//2
f 676//5 2797//5 678//5
f 676//5 2793//5 2797//5
f 2794//2 1821//2 2798//2
f 2794//2 1820//2 1821//2
f 2031//5 2799//5 2032//5
f 2031//5 2795//5 2799//5
f 2796//2 2027//2 2800//2
f 2796//2 2026//2 2027//2
f 678//5 2801//5 680//5
f 678//5 2797//5 2801//5
f 2798//2 1822//2 2802//2
f 2798//2 1821//2 1822//2
f 2032//1 1826//1 1825//1
f 2032//4 2799//4 1826//4
f 2799//4 2803//4 1826//4
f 2804//2 2805//2 2806//2
f 2804//3 2800//3 2805//3
f 2800//3 2028//3 2805//3
f 2800//2 2027//2 2028//2
f 680//5 2807//5 682//5
f 680//5 2801//5 2807//5
f 2802//2 1814//2 2808//2
f 2802//2 1822//2 1814//2
f 1826//5 2809//5 1827//5
f 1826//5 2803//5 2809//5
f 2806//2 745//2 2810//2
f 2806//2 2805//2 745//2
f 2805//1 746//1 745//1
f 2805//1 2028//1 746//1
f 682//5 2811//5 626//5
f 682//5 2807//5 2811//5
f 2808//7 1814//7 2812//7
f 1814//7 2036//7 2812//7
f 1814//1 1813//1 2036//1
f 1827//5 2813//5 1828//5
f 1827//5 2809//5 2813//5
f 2810//2 766//2 2814//2
f 2810//2 745//2 766//2
f 624//5 2815//5 1833//5
f 624//6 626//6 2815//6
f 626//6 2816//6 2815//6
f 626//5 2811//5 2816//5
f 2812//2 2037//2 2817//2
f 2812//2 2036//2 2037//2
f 1828//1 1622//1 1621//1
f 1828//4 2813//4 1622//4
f 2813//4 2818//4 1622//4
f 2819//2 2820//2 2821//2
f 2819//3 2814//3 2820//3
f 2814//3 768//3 2820//3
f 2814//2 766//2 768//2
f 1833//5 2822//5 1834//5
f 1833//5 2815//5 2822//5
f 2817//2 2035//2 2823//2
f 2817//2 2037//2 2035//2
f 1622//1 2824//1 1623//1
f 1622//4 2818//4 2824//4
f 2818//4 2825//4 2824//4
f 2826//2 2038//2 2827//2
f 2826//3 2821//3 2038//3
f 2821//3 2039//3 2038//3
f 2821//2 2820//2 2039//2
f 2820//1 770//1 2039//1
f 2820//1 768//1 770//1
f 1834//5 2828//5 1832//5
f 1834//5 2822//5 2828//5
f 2823//7 2035//7 2829//7
f 2035//7 2830//7 2829//7
f 2035//1 2034//1 2830//1
f 2034//1 735//1 2830//1
f 2034//1 733//1 735//1
f 1623//1 2831//1 1624//1
f 1623//1 2824//1 2831//1
f 2824//5 2832//5 2831//5
f 2824//5 2825//5 2832//5
f 2827//2 2041//2 2833//2
f 2827//2 2038//2 2041//2
f 1831//5 2834//5 2046//5
f 1831//6 1832//6 2834//6
f 1832//6 2835//6 2834//6
f 1832//5 2828//5 2835//5
f 2829//2 2836//2 2837//2
f 2829//2 2830//2 2836//2
f 2830//1 737//1 2836//1
f 2830//1 735//1 737//1
f 1624//1 2048//1 1625//1
f 1624//1 2831//1 2048//1
f 2831//1 2050//1 2048//1
f 2831//4 2832//4 2050//4
f 2832//4 2838//4 2050//4
f 2839//2 2840//2 2841//2
f 2839//3 2833//3 2840//3
f 2833//3 2042//3 2840//3
f 2833//2 2041//2 2042//2
f 2046//5 2842//5 2047//5
f 2046//5 2834//5 2842//5
f 2837//2 2843//2 2844//2
f 2837//2 2836//2 2843//2
f 2836//1 739//1 2843//1
f 2836//1 737//1 739//1
f 2050//5 2845//5 2051//5
f 2050//5 2838//5 2845//5
f 2846//2 1629//2 2847//2
f 2846//3 2841//3 1629//3
f 2841//3 1630//3 1629//3
f 2841//2 2840//2 1630//2
f 2840//1 1632//1 1630//1
f 2840//1 2042//1 1632//1
f 2047//5 2848//5 2045//5
f 2047//5 2842//5 2848//5
f 2844//7 2843//7 2849//7
f 2843//7 741//7 2849//7
f 2843//1 739//1 741//1
f 2051//1 2850//1 2052//1
f 2051//4 2845//4 2850//4
f 2845//4 2851//4 2850//4
f 2847//2 1634//2 2852//2
f 2847//2 1629//2 1634//2
f 1310//1 2853//1 1311//1
f 1310//1 2044//1 2853//1
f 2044//5 2854//5 2853//5
f 2044//6 2045//6 2854//6
f 2045//6 2855//6 2854//6
f 2045//5 2848//5 2855//5
f 2849//2 743//2 2856//2
f 2849//2 741//2 743//2
f 2052//1 2857//1 2053//1
f 2052//1 2850//1 2857//1
f 2850//1 2858//1 2857//1
f 2850//4 2851//4 2858//4
f 2851//4 2859//4 2858//4
f 2860//2 2861//2 2862//2
f 2860//3 2852//3 2861//3
f 2852//3 1635//3 2861//3
f 2852//2 1634//2 1635//2
f 1311//1 2863//1 1312//1
f 1311//1 2853//1 2863//1
f 2853//5 2864//5 2863//5
f 2853//5 2854//5 2864//5
f 2856//2 686//2 2865//2
f 2856//2 743//2 686//2
f 2053//1 841//1 839//1
f 2053//1 2857//1 841//1
f 2857//1 843//1 841//1
f 2857//1 2858//1 843//1
f 2858//1 845//1 843//1
f 2858//4 2859//4 845//4
f 2859//4 2866//4 845//4
f 2862//2 2867//2 2868//2
f 2862//2 2861//2 2867//2
f 2861//1 1636//1 2867//1
f 2861//1 1635//1 1636//1
f 1312//1 2869//1 1313//1
f 1312//1 2863//1 2869//1
f 2863//5 2870//5 2869//5
f 2863//5 2864//5 2870//5
f 2865//7 686//7 2871//7
f 686//7 2057//7 2871//7
f 686//1 685//1 2057//1
f 845//5 2872//5 848//5
f 845//5 2866//5 2872//5
f 2873//2 1397//2 2874//2
f 2873//3 2868//3 1397//3
f 2868//3 1398//3 1397//3
f 2868//2 2867//2 1398//2
f 2867//1 1400//1 1398//1
f 2867//1 1636//1 1400//1
f 1313//5 2875//5 1314//5
f 1313//6 2869//6 2875//6
f 2869//6 2876//6 2875//6
f 2869//5 2870//5 2876//5
f 2871//2 2058//2 2877//2
f 2871//2 2057//2 2058//2
f 848//1 2878//1 850//1
f 848//4 2872//4 2878//4
f 2872//3 2879//3 2878//3
f 2872//3 2880//3 2879//3
f 2880//4 2881//4 2879//4
f 2882//2 2059//2 2883//2
f 2882//3 2884//3 2059//3
f 2884//3 2060//3 2059//3
f 2884//3 2874//3 2060//3
f 2874//3 1404//3 2060//3
f 2874//2 1397//2 1404//2
f 1314//5 2885//5 1304//5
f 1314//5 2875//5 2885//5
f 2877//2 2056//2 2886//2
f 2877//2 2058//2 2056//2
f 850//1 1841//1 852//1
f 850//1 2878//1 1841//1
f 2878//1 1843//1 1841//1
f 2878//1 2879//1 1843//1
f 2879//1 1844//1 1843//1
f 2879//4 2881//4 1844//4
f 2881//4 2887//4 1844//4
f 2883//2 2062//2 2888//2
f 2883//2 2059//2 2062//2
f 1303//5 2889//5 1839//5
f 1303//6 1304//6 2889//6
f 1304//6 2890//6 2889//6
f 1304//5 2885//5 2890//5
f 2886//7 2056//7 2891//7
f 2056//7 2892//7 2891//7
f 2056//1 2055//1 2892//1
f 2055//1 1395//1 2892//1
f 2055//1 1394//1 1395//1
f 1844//5 2893//5 1845//5
f 1844//5 2887//5 2893//5
f 2894//2 1650//2 2895//2
f 2894//3 2896//3 1650//3
f 2896//3 1651//3 1650//3
f 2896//3 2888//3 1651//3
f 2888//3 1653//3 1651//3
f 2888//2 2062//2 1653//2
f 1839//5 2897//5 1840//5
f 1839//5 2889//5 2897//5
f 2891//2 2898//2 2899//2
f 2891//2 2892//2 2898//2
f 2892//1 1396//1 2898//1
f 2892//1 1395//1 1396//1
f 1845//1 2900//1 1846//1
f 1845//4 2893//4 2900//4
f 2893//3 2901//3 2900//3
f 2893//3 2902//3 2901//3
f 2902//4 2903//4 2901//4
f 2904//2 2905//2 2906//2
f 2904//3 2895//3 2905//3
f 2895//3 1655//3 2905//3
f 2895//2 1650//2 1655//2
f 1840//5 2907//5 1838//5
f 1840//5 2897//5 2907//5
f 2899//7 2898//7 2908//7
f 2898//7 1387//7 2908//7
f 2898//1 1396//1 1387//1
f 1846//1 1415//1 1414//1
f 1846//1 2900//1 1415//1
f 2900//1 1416//1 1415//1
f 2900//1 2901//1 1416//1
f 2901//1 1417//1 1416//1
f 2901//4 2903//4 1417//4
f 2903//4 2909//4 1417//4
f 2906//2 2910//2 2911//2
f 2906//2 2905//2 2910//2
f 2905//1 1656//1 2910//1
f 2905//1 1655//1 1656//1
f 1837//5 2912//5 2066//5
f 1837//6 1838//6 2912//6
f 1838//6 2913//6 2912//6
f 1838//5 2907//5 2913//5
f 2908//7 1387//7 2914//7
f 1387//7 2915//7 2914//7
f 1387//1 1386//1 2915//1
f 1386//1 1664//1 2915//1
f 1386//1 1388//1 1664//1
f 1417//1 2916//1 1418//1
f 1417//4 2909//4 2916//4
f 2909//3 2917//3 2916//3
f 2909//3 2918//3 2917//3
f 2918//4 2919//4 2917//4
f 2920//2 2067//2 2921//2
f 2920//3 2922//3 2067//3
f 2922//3 2068//3 2067//3
f 2922//3 2923//3 2068//3
f 2923//3 2070//3 2068//3
f 2923//3 2911//3 2070//3
f 2911//3 2071//3 2070//3
f 2911//2 2910//2 2071//2
f 2910//1 1657//1 2071//1
f 2910//1 1656//1 1657//1
f 2066//5 2924//5 2065//5
f 2066//5 2912//5 2924//5
f 2914//2 2925//2 2926//2
f 2914//2 2915//2 2925//2
f 2915//1 1665//1 2925//1
f 2915//1 1664//1 1665//1
f 1418//1 1847//1 1419//1
f 1418//1 2916//1 1847//1
f 2916//1 1849//1 1847//1
f 2916//1 2917//1 1849//1
f 2917//1 1850//1 1849//1
f 2917//4 2919//4 1850//4
f 2919//4 2927//4 1850//4
f 2921//2 2072//2 2928//2
f 2921//2 2067//2 2072//2
f 1646//1 2929//1 1647//1
f 1646//1 2064//1 2929//1
f 2064//5 2930//5 2929//5
f 2064//6 2065//6 2930//6
f 2065//6 2931//6 2930//6
f 2065//5 2924//5 2931//5
f 2926//2 2932//2 2933//2
f 2926//2 2925//2 2932//2
f 2925//1 1666//1 2932//1
f 2925//1 1665//1 1666//1
f 1850//1 2073//1 1851//1
f 1850//4 2927//4 2073//4
f 2927//3 2075//3 2073//3
f 2927//3 2934//3 2075//3
f 2934//4 2935//4 2075//4
f 2936//2 877//2 2937//2
f 2936//3 2938//3 877//3
f 2938//3 878//3 877//3
f 2938//3 2939//3 878//3
f 2939//3 882//3 878//3
f 2939//3 2928//3 882//3
f 2928//3 884//3 882//3
f 2928//2 2072//2 884//2
f 1647//1 2940//1 1648//1
f 1647//1 2929//1 2940//1
f 2929//5 2941//5 2940//5
f 2929//5 2930//5 2941//5
f 2933//7 2932//7 2942//7
f 2932//7 1661//7 2942//7
f 2932//1 1666//1 1661//1
f 2075//1 2943//1 2076//1
f 2075//4 2935//4 2943//4
f 2935//4 2944//4 2943//4
f 2945//2 2946//2 2947//2
f 2945//3 2937//3 2946//3
f 2937//3 913//3 2946//3
f 2937//2 877//2 913//2
f 1648//5 2948//5 1649//5
f 1648//6 2940//6 2948//6
f 2940//6 2949//6 2948//6
f 2940//5 2941//5 2949//5
f 2942//7 1661//7 2950//7
f 1661//7 2082//7 2950//7
f 1661//1 1660//1 2082//1
f 2076//1 2951//1 2077//1
f 2076//1 2943//1 2951//1
f 2943//1 2952//1 2951//1
f 2943//4 2944//4 2952//4
f 2944//3 2953//3 2952//3
f 2944//3 2954//3 2953//3
f 2954//3 2955//3 2953//3
f 2954//3 2956//3 2955//3
f 2956//4 2957//4 2955//4
f 2958//2 1854//2 2959//2
f 2958//3 2960//3 1854//3
f 2960//3 1855//3 1854//3
f 2960//3 2961//3 1855//3
f 2961//3 1857//3 1855//3
f 2961//3 2947//3 1857//3
f 2947//3 1858//3 1857//3
f 2947//2 2946//2 1858//2
f 2946//1 914//1 1858//1
f 2946//1 913//1 914//1
f 1649//5 2962//5 1641//5
f 1649//5 2948//5 2962//5
f 2950//2 2080//2 2963//2
f 2950//2 2082//2 2080//2
f 2077//1 970//1 968//1
f 2077//1 2951//1 970//1
f 2951//1 972//1 970//1
f 2951//1 2952//1 972//1
f 2952//1 974//1 972//1
f 2952//1 2953//1 974//1
f 2953//1 976//1 974//1
f 2953//1 2955//1 976//1
f 2955//1 978//1 976//1
f 2955//4 2957//4 978//4
f 2957//3 980//3 978//3
f 2957//3 2964//3 980//3
f 2964//3 982//3 980//3
f 2964//3 2965//3 982//3
f 2965//4 2966//4 982//4
f 2967//2 2088//2 2968//2
f 2967//3 2969//3 2088//3
f 2969//3 2089//3 2088//3
f 2969//3 2959//3 2089//3
f 2959//3 1859//3 2089//3
f 2959//2 1854//2 1859//2
f 1639//1 2970//1 2086//1
f 1639//1 1640//1 2970//1
f 1640//5 2971//5 2970//5
f 1640//6 1641//6 2971//6
f 1641//6 2972//6 2971//6
f 1641//5 2962//5 2972//5
f 2963//7 2080//7 2973//7
f 2080//7 2974//7 2973//7
f 2080//1 2079//1 2974//1
f 2079//1 2975//1 2974//1
f 2079//1 2081//1 2975//1
f 2081//1 871//1 2975//1
f 2081//1 869//1 871//1
f 982//1 2976//1 984//1
f 982//4 2966//4 2976//4
f 2966//3 2977//3 2976//3
f 2966//3 2978//3 2977//3
f 2978//3 2979//3 2977//3
f 2978//3 2980//3 2979//3
f 2980//4 2981//4 2979//4
f 2982//2 2983//2 2984//2
f 2982//3 2985//3 2983//3
f 2985//3 2986//3 2983//3
f 2985//3 2987//3 2986//3
f 2987//3 2988//3 2986//3
f 2987//3 2989//3 2988//3
f 2989//3 2990//3 2988//3
f 2989//3 2991//3 2990//3
f 2991//3 2992//3 2990//3
f 2991//3 2968//3 2992//3
f 2968//3 2091//3 2992//3
f 2968//2 2088//2 2091//2
f 2086//5 2993//5 2087//5
f 2086//6 2970//6 2993//6
f 2970//6 2994//6 2993//6
f 2970//5 2971//5 2994//5
f 2973//7 2974//7 2995//7
f 2974//7 2996//7 2995//7
f 2974//1 2975//1 2996//1
f 2975//1 873//1 2996//1
f 2975//1 871//1 873//1
f 984//1 1022//1 985//1
f 984//1 2976//1 1022//1
f 2976//1 1026//1 1022//1
f 2976//1 2977//1 1026//1
f 2977//1 1028//1 1026//1
f 2977//1 2979//1 1028//1
f 2979//1 1030//1 1028//1
f 2979//4 2981//4 1030//4
f 2981//3 1032//3 1030//3
f 2981//3 2997//3 1032//3
f 2997//3 1034//3 1032//3
f 2997//3 2998//3 1034//3
f 2998//3 1036//3 1034//3
f 2998//3 2999//3 1036//3
f 2999//3 1038//3 1036//3
f 2999//3 3000//3 1038//3
f 3000//3 1040//3 1038//3
f 3000//3 3001//3 1040//3
f 3001//3 1042//3 1040//3
f 3001//3 3002//3 1042//3
f 3002//3 1044//3 1042//3
f 3002//3 3003//3 1044//3
f 3003//3 1046//3 1044//3
f 3003//3 3004//3 1046//3
f 3004//3 1048//3 1046//3
f 3004//3 3005//3 1048//3
f 3005//3 1050//3 1048//3
f 3005//3 3006//3 1050//3
f 3006//3 1052//3 1050//3
f 3006//3 3007//3 1052//3
f 3007//3 1054//3 1052//3
f 3007//3 3008//3 1054//3
f 3008//3 1056//3 1054//3
f 3008//3 2984//3 1056//3
f 2984//3 1058//3 1056//3
f 2984//2 2983//2 1058//2
f 2983//1 1060//1 1058//1
f 2983//1 2986//1 1060//1
f 2986//1 1062//1 1060//1
f 2986//1 2988//1 1062//1
f 2988//1 1064//1 1062//1
f 2988//1 2990//1 1064//1
f 2990//1 1066//1 1064//1
f 2990//1 2992//1 1066//1
f 2992//1 1068//1 1066//1
f 2992//1 2091//1 1068//1
f 2087//5 3009//5 2085//5
f 2087//5 2993//5 3009//5
f 2995//2 3010//2 3011//2
f 2995//2 2996//2 3010//2
f 2996//1 875//1 3010//1
f 2996//1 873//1 875//1
f 811//1 3012//1 813//1
f 811//1 2084//1 3012//1
f 2084//5 3013//5 3012//5
f 2084//6 2085//6 3013//6
f 2085//6 3014//6 3013//6
f 2085//5 3009//5 3014//5
f 3011//7 3010//7 3015//7
f 3010//7 816//7 3015//7
f 3010//1 875//1 816//1
f 813//5 3016//5 765//5
f 813//6 3012//6 3016//6
f 3012//6 3017//6 3016//6
f 3012//5 3013//5 3017//5
f 3015//7 816//7 3018//7
f 816//7 3019//7 3018//7
f 816//1 815//1 3019//1
f 815//1 2095//1 3019//1
f 815//1 817//1 2095//1
f 763//1 3020//1 2099//1
f 763//1 764//1 3020//1
f 764//5 3021//5 3020//5
f 764//6 765//6 3021//6
f 765//6 3022//6 3021//6
f 765//5 3016//5 3022//5
f 3018//7 3019//7 3023//7
f 3019//7 2094//7 3023//7
f 3019//1 2095//1 2094//1
f 2099//5 3024//5 2098//5
f 2099//6 3020//6 3024//6
f 3020//6 3025//6 3024//6
f 3020//5 3021//5 3025//5
f 3023//7 2094//7 3026//7
f 2094//7 3027//7 3026//7
f 2094//1 2093//1 3027//1
f 2093//1 1676//1 3027//1
f 2093//1 1675//1 1676//1
f 1683//1 3028//1 1684//1
f 1683//1 2097//1 3028//1
f 2097//5 3029//5 3028//5
f 2097//6 2098//6 3029//6
f 2098//6 3030//6 3029//6
f 2098//5 3024//5 3030//5
f 3026//7 3027//7 3031//7
f 3027//7 1669//7 3031//7
f 3027//1 1676//1 1669//1
f 1684//5 3032//5 1681//5
f 1684//6 3028//6 3032//6
f 3028//6 3033//6 3032//6
f 3028//5 3029//5 3033//5
f 3031//7 1669//7 3034//7
f 1669//7 3035//7 3034//7
f 1669//1 1668//1 3035//1
f 1668//1 3036//1 3035//1
f 1668//1 1670//1 3036//1
f 1670//1 1865//1 3036//1
f 1670//1 1671//1 1865//1
f 1679//1 3037//1 2103//1
f 1679//1 1680//1 3037//1
f 1680//5 3038//5 3037//5
f 1680//6 1681//6 3038//6
f 1681//6 3039//6 3038//6
f 1681//5 3032//5 3039//5
f 3034//7 3035//7 3040//7
f 3035//7 3041//7 3040//7
f 3035//1 3036//1 3041//1
f 3036//1 1866//1 3041//1
f 3036//1 1865//1 1866//1
f 2103//5 3042//5 2102//5
f 2103//6 3037//6 3042//6
f 3037//6 3043//6 3042//6
f 3037//5 3038//5 3043//5
f 3040//7 3041//7 3044//7
f 3041//7 1863//7 3044//7
f 3041//1 1866//1 1863//1
f 1329//1 3045//1 1330//1
f 1329//1 2101//1 3045//1
f 2101//5 3046//5 3045//5
f 2101//6 2102//6 3046//6
f 2102//6 3047//6 3046//6
f 2102//5 3042//5 3047//5
f 3044//7 1863//7 3048//7
f 1863//7 3049//7 3048//7
f 1863//1 1862//1 3049//1
f 1862//1 3050//1 3049//1
f 1862//1 1864//1 3050//1
f 1864//1 1131//1 3050//1
f 1864//1 1130//1 1131//1
f 1330//5 3051//5 1323//5
f 1330//6 3045//6 3051//6
f 3045//6 3052//6 3051//6
f 3045//5 3046//5 3052//5
f 3048//7 3049//7 3053//7
f 3049//7 3054//7 3053//7
f 3049//1 3050//1 3054//1
f 3050//1 1132//1 3054//1
f 3050//1 1131//1 1132//1
f 1321//1 3055//1 2107//1
f 1321//1 1322//1 3055//1
f 1322//5 3056//5 3055//5
f 1322//6 1323//6 3056//6
f 1323//6 3057//6 3056//6
f 1323//5 3051//5 3057//5
f 3053//7 3054//7 3058//7
f 3054//7 1113//7 3058//7
f 3054//1 1132//1 1113//1
f 2107//5 3059//5 2106//5
f 2107//6 3055//6 3059//6
f 3055//6 3060//6 3059//6
f 3055//5 3056//5 3060//5
f 3058//7 1113//7 3061//7
f 1113//7 3062//7 3061//7
f 1113//1 1112//1 3062//1
f 1112//1 2112//1 3062//1
f 1112//1 1114//1 2112//1
f 1691//1 3063//1 1692//1
f 1691//1 2105//1 3063//1
f 2105//5 3064//5 3063//5
f 2105//6 2106//6 3064//6
f 2106//6 3065//6 3064//6
f 2106//5 3059//5 3065//5
f 3061//7 3062//7 3066//7
f 3062//7 2110//7 3066//7
f 3062//1 2112//1 2110//1
f 1692//5 3067//5 1689//5
f 1692//6 3063//6 3067//6
f 3063//6 3068//6 3067//6
f 3063//5 3064//5 3068//5
f 3066//7 2110//7 3069//7
f 2110//6 3070//6 3069//6
f 2110//6 2109//6 3070//6
f 2109//7 3071//7 3070//7
f 2109//1 2111//1 3071//1
f 2111//1 1703//1 3071//1
f 2111//1 1702//1 1703//1
f 943//1 3072//1 945//1
f 943//1 1686//1 3072//1
f 1686//1 3073//1 3072//1
f 1686//1 1687//1 3073//1
f 1687//5 3074//5 3073//5
f 1687//6 1688//6 3074//6
f 1688//6 3075//6 3074//6
f 1688//6 1689//6 3075//6
f 1689//6 3076//6 3075//6
f 1689//5 3067//5 3076//5
f 3070//7 3071//7 3077//7
f 3071//7 1695//7 3077//7
f 3071//1 1703//1 1695//1
f 945//1 3078//1 912//1
f 945//1 3072//1 3078//1
f 3072//5 3079//5 3078//5
f 3072//6 3073//6 3079//6
f 3073//6 3080//6 3079//6
f 3073//5 3074//5 3080//5
f 3077//7 1695//7 3081//7
f 1695//6 3082//6 3081//6
f 1695//6 1694//6 3082//6
f 1694//7 3083//7 3082//7
f 1694//1 1696//1 3083//1
f 1696//1 2118//1 3083//1
f 1696//1 1697//1 2118//1
f 909//1 3084//1 2122//1
f 909//1 911//1 3084//1
f 911//5 3085//5 3084//5
f 911//6 912//6 3085//6
f 912//6 3086//6 3085//6
f 912//6 3078//6 3086//6
f 3078//6 3087//6 3086//6
f 3078//5 3079//5 3087//5
f 3082//7 3083//7 3088//7
f 3083//7 2115//7 3088//7
f 3083//1 2118//1 2115//1
f 2122//5 3089//5 2121//5
f 2122//6 3084//6 3089//6
f 3084//6 3090//6 3089//6
f 3084//5 3085//5 3090//5
f 3088//7 2115//7 3091//7
f 2115//6 3092//6 3091//6
f 2115//6 2114//6 3092//6
f 2114//7 3093//7 3092//7
f 2114//1 2116//1 3093//1
f 2116//1 3094//1 3093//1
f 2116//1 2117//1 3094//1
f 2117//1 1020//1 3094//1
f 2117//1 1018//1 1020//1
f 1872//5 3095//5 1870//5
f 1872//6 2120//6 3095//6
f 2120//6 3096//6 3095//6
f 2120//6 2121//6 3096//6
f 2121//6 3097//6 3096//6
f 2121//5 3089//5 3097//5
f 3092//7 3093//7 3098//7
f 3093//6 3099//6 3098//6
f 3093//6 3094//6 3099//6
f 3094//7 949//7 3099//7
f 3094//1 1020//1 949//1
f 1711//5 3100//5 1708//5
f 1711//6 1868//6 3100//6
f 1868//6 3101//6 3100//6
f 1868//6 1869//6 3101//6
f 1869//6 3102//6 3101//6
f 1869//6 1870//6 3102//6
f 1870//6 3103//6 3102//6
f 1870//5 3095//5 3103//5
f 3099//7 949//7 3104//7
f 949//6 3105//6 3104//6
f 949//6 948//6 3105//6
f 948//7 3106//7 3105//7
f 948//1 951//1 3106//1
f 951//1 3107//1 3106//1
f 951//1 953//1 3107//1
f 953//1 2126//1 3107//1
f 953//1 955//1 2126//1
f 1433//1 3108//1 1434//1
f 1433//1 1705//1 3108//1
f 1705//1 3109//1 3108//1
f 1705//1 1706//1 3109//1
f 1706//1 3110//1 3109//1
f 1706//1 1707//1 3110//1
f 1707//5 3111//5 3110//5
f 1707//6 1708//6 3111//6
f 1708//6 3112//6 3111//6
f 1708//5 3100//5 3112//5
f 3105//7 3106//7 3113//7
f 3106//6 3114//6 3113//6
f 3106//6 3107//6 3114//6
f 3107//7 2125//7 3114//7
f 3107//1 2126//1 2125//1
f 1434//5 3115//5 1429//5
f 1434//6 3108//6 3115//6
f 3108//6 3116//6 3115//6
f 3108//6 3109//6 3116//6
f 3109//6 3117//6 3116//6
f 3109//6 3110//6 3117//6
f 3110//6 3118//6 3117//6
f 3110//5 3111//5 3118//5
f 3114//7 2125//7 3119//7
f 2125//6 3120//6 3119//6
f 2125//6 2124//6 3120//6
f 2124//7 1875//7 3120//7
f 2124//1 1878//1 1875//1
f 1088//1 3121//1 1090//1
f 1088//1 1424//1 3121//1
f 1424//1 3122//1 3121//1
f 1424//1 1425//1 3122//1
f 1425//1 3123//1 3122//1
f 1425//1 1426//1 3123//1
f 1426//1 3124//1 3123//1
f 1426//1 1427//1 3124//1
f 1427//5 3125//5 3124//5
f 1427//6 1428//6 3125//6
f 1428//6 3126//6 3125//6
f 1428//6 1429//6 3126//6
f 1429//6 3127//6 3126//6
f 1429//5 3115//5 3127//5
f 3120//7 1875//7 3128//7
f 1875//6 3129//6 3128//6
f 1875//6 1874//6 3129//6
f 1874//6 3130//6 3129//6
f 1874//6 1876//6 3130//6
f 1876//7 1714//7 3130//7
f 1876//1 1724//1 1714//1
f 1090//1 3131//1 1080//1
f 1090//1 3121//1 3131//1
f 3121//5 3132//5 3131//5
f 3121//6 3122//6 3132//6
f 3122//6 3133//6 3132//6
f 3122//6 3123//6 3133//6
f 3123//6 3134//6 3133//6
f 3123//6 3124//6 3134//6
f 3124//6 3135//6 3134//6
f 3124//5 3125//5 3135//5
f 3130//7 1714//7 3136//7
f 1714//6 3137//6 3136//6
f 1714//6 1713//6 3137//6
f 1713//6 3138//6 3137//6
f 1713//6 1715//6 3138//6
f 1715//6 3139//6 3138//6
f 1715//6 1716//6 3139//6
f 1716//6 3140//6 3139//6
f 1716//6 1717//6 3140//6
f 1717//7 3141//7 3140//7
f 1717//1 1718//1 3141//1
f 1718//1 3142//1 3141//1
f 1718//1 1719//1 3142//1
f 1719//1 3143//1 3142//1
f 1719//1 1720//1 3143//1
f 1720//1 3144//1 3143//1
f 1720//1 1721//1 3144//1
f 1721//1 3145//1 3144//1
f 1721//1 1025//1 3145//1
f 1025//1 3146//1 3145//1
f 1025//1 1024//1 3146//1
f 1024//1 3147//1 3146//1
f 1024//1 1027//1 3147//1
f 1027//1 3148//1 3147//1
f 1027//1 1029//1 3148//1
f 1029//1 3149//1 3148//1
f 1029//1 1031//1 3149//1
f 1031//1 3150//1 3149//1
f 1031//1 1033//1 3150//1
f 1033//1 3151//1 3150//1
f 1033//1 1035//1 3151//1
f 1035//1 3152//1 3151//1
f 1035//1 1037//1 3152//1
f 1037//1 3153//1 3152//1
f 1037//1 1039//1 3153//1
f 1039//1 3154//1 3153//1
f 1039//1 1041//1 3154//1
f 1041//1 3155//1 3154//1
f 1041//1 1043//1 3155//1
f 1043//1 3156//1 3155//1
f 1043//1 1045//1 3156//1
f 1045//1 3157//1 3156//1
f 1045//1 1047//1 3157//1
f 1047//1 3158//1 3157//1
f 1047//1 1049//1 3158//1
f 1049//1 3159//1 3158//1
f 1049//1 1051//1 3159//1
f 1051//1 3160//1 3159//1
f 1051//1 1053//1 3160//1
f 1053//1 3161//1 3160//1
f 1053//1 1055//1 3161//1
f 1055//1 3162//1 3161//1
f 1055//1 1057//1 3162//1
f 1057//1 3163//1 3162//1
f 1057//1 1059//1 3163//1
f 1059//1 3164//1 3163//1
f 1059//1 1061//1 3164//1
f 1061//1 3165//1 3164//1
f 1061//1 1063//1 3165//1
f 1063//1 3166//1 3165//1
f 1063//1 1065//1 3166//1
f 1065//1 3167//1 3166//1
f 1065//1 1067//1 3167//1
f 1067//1 3168//1 3167//1
f 1067//1 1069//1 3168//1
f 1069//1 3169//1 3168//1
f 1069//1 1071//1 3169//1
f 1071//1 3170//1 3169//1
f 1071//1 1073//1 3170//1
f 1073//1 3171//1 3170//1
f 1073//1 1075//1 3171//1
f 1075//5 3172//5 3171//5
f 1075//6 1077//6 3172//6
f 1077//6 3173//6 3172//6
f 1077//6 1079//6 3173//6
f 1079//6 3174//6 3173//6
f 1079//6 1080//6 3174//6
f 1080//6 3175//6 3174//6
f 1080//6 3131//6 3175//6
f 3131//6 3176//6 3175//6
f 3131//5 3132//5 3176//5
f 3140//7 3141//7 3177//7
f 3141//6 3178//6 3177//6
f 3141//6 3142//6 3178//6
f 3142//6 3179//6 3178//6
f 3142//6 3143//6 3179//6
f 3143//6 3180//6 3179//6
f 3143//6 3144//6 3180//6
f 3144//7 3181//7 3180//7
f 3144//1 3145//1 3181//1
f 3145//1 3182//1 3181//1
f 3145//1 3146//1 3182//1
f 3146//1 3183//1 3182//1
f 3146//1 3147//1 3183//1
f 3147//1 3184//1 3183//1
f 3147//1 3148//1 3184//1
f 3148//1 3185//1 3184//1
f 3148//1 3149//1 3185//1
f 3149//1 3186//1 3185//1
f 3149//1 3150//1 3186//1
f 3150//1 3187//1 3186//1
f 3150//1 3151//1 3187//1
f 3151//1 3188//1 3187//1
f 3151//1 3152//1 3188//1
f 3152//1 3189//1 3188//1
f 3152//1 3153//1 3189//1
f 3153//1 3190//1 3189//1
f 3153//1 3154//1 3190//1
f 3154//1 3191//1 3190//1
f 3154//1 3155//1 3191//1
f 3155//1 3192//1 3191//1
f 3155//1 3156//1 3192//1
f 3156//1 3193//1 3192//1
f 3156//1 3157//1 3193//1
f 3157//1 3194//1 3193//1
f 3157//1 3158//1 3194//1
f 3158//1 3195//1 3194//1
f 3158//1 3159//1 3195//1
f 3159//1 3196//1 3195//1
f 3159//1 3160//1 3196//1
f 3160//1 3197//1 3196//1
f 3160//1 3161//1 3197//1
f 3161//1 3198//1 3197//1
f 3161//1 3162//1 3198//1
f 3162//1 3199//1 3198//1
f 3162//1 3163//1 3199//1
f 3163//1 3200//1 3199//1
f 3163//1 3164//1 3200//1
f 3164//1 3201//1 3200//1
f 3164//1 3165//1 3201//1
f 3165//1 3202//1 3201//1
f 3165//1 3166//1 3202//1
f 3166//5 3203//5 3202//5
f 3166//6 3167//6 3203//6
f 3167//6 3204//6 3203//6
f 3167//6 3168//6 3204//6
f 3168//6 3205//6 3204//6
f 3168//6 3169//6 3205//6
f 3169//6 3206//6 3205//6
f 3169//6 3170//6 3206//6
f 3170//6 3207//6 3206//6
f 3170//6 3171//6 3207//6
f 3171//6 3208//6 3207//6
f 3171//5 3172//5 3208//5
f 3180//7 3181//7 3209//7
f 3181//6 3210//6 3209//6
f 3181//6 3182//6 3210//6
f 3182//6 3211//6 3210//6
f 3182//6 3183//6 3211//6
f 3183//6 3212//6 3211//6
f 3183//6 3184//6 3212//6
f 3184//6 3213//6 3212//6
f 3184//6 3185//6 3213//6
f 3185//6 3214//6 3213//6
f 3185//6 3186//6 3214//6
f 3186//6 3215//6 3214//6
f 3186//6 3187//6 3215//6
f 3187//6 3216//6 3215//6
f 3187//6 3188//6 3216//6
f 3188//6 3217//6 3216//6
f 3188//6 3189//6 3217//6
f 3189//6 3218//6 3217//6
f 3189//6 3190//6 3218//6
f 3190//6 3219//6 3218//6
f 3190//6 3191//6 3219//6
f 3191//6 3220//6 3219//6
f 3191//6 3192//6 3220//6
f 3192//6 3221//6 3220//6
f 3192//6 3193//6 3221//6
f 3193//6 3222//6 3221//6
f 3193//6 3194//6 3222//6
f 3194//6 3223//6 3222//6
f 3194//6 3195//6 3223//6
f 3195//6 3224//6 3223//6
f 3195//6 3196//6 3224//6
f 3196//6 3225//6 3224//6
f 3196//6 3197//6 3225//6
f 3197//6 3226//6 3225//6
f 3197//6 3198//6 3226//6
f 3198//6 3227//6 3226//6
f 3198//6 3199//6 3227//6
f 3199//6 3228//6 3227//6
f 3199//6 3200//6 3228//6
f 3200//6 3229//6 3228//6
f 3200//6 3201//6 3229//6
f 3201//6 3230//6 3229//6
f 3201//6 3202//6 3230//6
f 3202//6 3231//6 3230//6
f 3202//5 3203//5 3231//5
f 3232//8 2175//8 2177//8
f 3233//8 3234//8 3232//8
f 3232//8 3235//8 2175//8
f 3234//8 3236//8 3232//8
f 3232//8 3237//8 3235//8
f 3236//8 3238//8 3232//8
f 3232//8 3239//8 3237//8
f 3238//8 3240//8 3232//8
f 3232//8 3241//8 3239//8
f 3240//8 3242//8 3232//8
f 3232//8 3243//8 3241//8
f 3242//8 3244//8 3232//8
f 3232//8 3245//8 3243//8
f 3244//8 3246//8 3232//8
f 3232//8 3247//8 3245//8
f 3246//8 3248//8 3232//8
f 3232//8 3249//8 3247//8
f 3248//8 3250//8 3232//8
f 3232//8 3251//8 3249//8
f 3250//8 3252//8 3232//8
f 3232//8 3253//8 3251//8
f 3252//8 3254//8 3232//8
f 3232//8 3255//8 3253//8
f 3254//8 3256//8 3232//8
f 3232//8 3257//8 3255//8
f 3256//8 3258//8 3232//8
f 3232//8 3259//8 3257//8
f 3258//8 3260//8 3232//8
f 3232//8 3261//8 3259//8
f 3260//8 3262//8 3232//8
f 3232//8 2176//8 3261//8
f 3262//8 3263//8 3232//8
f 2179//8 3232//8 2177//8
f 3232//8 3264//8 2176//8
f 2182//8 3232//8 2179//8
f 3232//8 3265//8 3264//8
f 3266//8 3232//8 2182//8
f 3232//8 3267//8 3265//8
f 3268//8 3232//8 3266//8
f 3232//8 3269//8 3267//8
f 3270//8 3232//8 3268//8
f 3232//8 3271//8 3269//8
f 3272//8 3232//8 3270//8
f 3232//8 3273//8 3271//8
f 3274//8 3232//8 3272//8
f 3232//8 3275//8 3273//8
f 3276//8 3232//8 3274//8
f 3232//8 3277//8 3275//8
f 3278//8 3232//8 3276//8
f 3232//8 3279//8 3277//8
f 3280//8 3232//8 3278//8
f 3232//8 3281//8 3279//8
f 3282//8 3232//8 3280//8
f 3232//8 3283//8 3281//8
f 3284//8 3232//8 3282//8
f 3232//8 3285//8 3283//8
f 3286//8 3232//8 3284//8
f 3232//8 3287//8 3285//8
f 3288//8 3232//8 3286//8
f 3232//8 3289//8 3287//8
f 3290//8 3232//8 3288//8
f 3232//8 3291//8 3289//8
f 3292//8 3232//8 3290//8
f 3232//8 3293//8 3291//8
f 3294//8 3232//8 3292//8
f 3232//8 3295//8 3293//8
f 3296//8 3232//8 3294//8
f 3232//8 3297//8 3295//8
f 3298//8 3232//8 3296//8
f 3232//8 3299//8 3297//8
f 3300//8 3232//8 3298//8
f 3232//8 3301//8 3299//8
f 3302//8 3232//8 3300//8
f 3232//8 3303//8 3301//8
f 3304//8 3232//8 3302//8
f 3232//8 3305//8 3303//8
f 3306//8 3232//8 3304//8
f 3232//8 3307//8 3305//8
f 3308//8 3232//8 3306//8
f 3232//8 3309//8 3307//8
f 3310//8 3232//8 3308//8
f 3232//8 3311//8 3309//8
f 3312//8 3232//8 3310//8
f 3232//8 3313//8 3311//8
f 3314//8 3232//8 3312//8
f 3232//8 3315//8 3313//8
f 3316//8 3232//8 3314//8
f 3232//8 3317//8 3315//8
f 3318//8 3232//8 3316//8
f 3232//8 3319//8 3317//8
f 3320//8 3232//8 3318//8
f 3232//8 3321//8 3319//8
f 3322//8 3232//8 3320//8
f 3232//8 3323//8 3321//8
f 3233//8 3232//8 3322//8
f 3232//8 3263//8 3323//8
f 3324//8 3325//8 3317//8
f 2453//8 2454//8 3324//8
f 3324//8 3326//8 3325//8
f 2454//8 2455//8 3324//8
f 3324//8 3327//8 3326//8
f 2455//8 2456//8 3324//8
f 3324//8 3328//8 3327//8
f 2456//8 2457//8 3324//8
f 3324//8 3329//8 3328//8
f 2457//8 2458//8 3324//8
f 3324//8 3330//8 3329//8
f 2458//8 3331//8 3324//8
f 3324//8 3332//8 3330//8
f 3331//8 3333//8 3324//8
f 3324//8 3334//8 3332//8
f 3333//8 3335//8 3324//8
f 3324//8 3336//8 3334//8
f 3335//8 3337//8 3324//8
f 3324//8 3338//8 3336//8
f 3337//8 3339//8 3324//8
f 3324//8 3340//8 3338//8
f 3339//8 3341//8 3324//8
f 3324//8 3342//8 3340//8
f 3341//8 3343//8 3324//8
f 3324//8 3344//8 3342//8
f 3343//8 3345//8 3324//8
f 3324//8 3346//8 3344//8
f 3345//8 3347//8 3324//8
f 3324//8 2270//8 3346//8
f 3347//8 3348//8 3324//8
f 3324//8 2273//8 2270//8
f 3348//8 3349//8 3324//8
f 3319//8 3324//8 3317//8
f 3324//8 3350//8 2273//8
f 3321//8 3324//8 3319//8
f 3324//8 3351//8 3350//8
f 3323//8 3324//8 3321//8
f 3324//8 3352//8 3351//8
f 3263//8 3324//8 3323//8
f 3324//8 3353//8 3352//8
f 3354//8 3324//8 3263//8
f 3324//8 3355//8 3353//8
f 3356//8 3324//8 3354//8
f 3324//8 3357//8 3355//8
f 3358//8 3324//8 3356//8
f 3324//8 3359//8 3357//8
f 3360//8 3324//8 3358//8
f 3324//8 3361//8 3359//8
f 3362//8 3324//8 3360//8
f 3324//8 3363//8 3361//8
f 3364//8 3324//8 3362//8
f 3324//8 3365//8 3363//8
f 3366//8 3324//8 3364//8
f 3324//8 3367//8 3365//8
f 3368//8 3324//8 3366//8
f 3324//8 3369//8 3367//8
f 3370//8 3324//8 3368//8
f 3324//8 3371//8 3369//8
f 3372//8 3324//8 3370//8
f 3324//8 3373//8 3371//8
f 3374//8 3324//8 3372//8
f 3324//8 3375//8 3373//8
f 3376//8 3324//8 3374//8
f 3324//8 3377//8 3375//8
f 3378//8 3324//8 3376//8
f 3324//8 3379//8 3377//8
f 3380//8 3324//8 3378//8
f 3324//8 3381//8 3379//8
f 3382//8 3324//8 3380//8
f 3324//8 3383//8 3381//8
f 3384//8 3324//8 3382//8
f 3324//8 3385//8 3383//8
f 3386//8 3324//8 3384//8
f 3324//8 3387//8 3385//8
f 3388//8 3324//8 3386//8
f 3324//8 3389//8 3387//8
f 3390//8 3324//8 3388//8
f 3324//8 3391//8 3389//8
f 3392//8 3324//8 3390//8
f 3324//8 3393//8 3391//8
f 3394//8 3324//8 3392//8
f 3324//8 3395//8 3393//8
f 3396//8 3324//8 3394//8
f 3324//8 3397//8 3395//8
f 3398//8 3324//8 3396//8
f 3324//8 3399//8 3397//8
f 3400//8 3324//8 3398//8
f 3324//8 3401//8 3399//8
f 3402//8 3324//8 3400//8
f 3324//8 3403//8 3401//8
f 3404//8 3324//8 3402//8
f 3324//8 3405//8 3403//8
f 3406//8 3324//8 3404//8
f 3324//8 3407//8 3405//8
f 3408//8 3324//8 3406//8
f 3324//8 3409//8 3407//8
f 3410//8 3324//8 3408//8
f 3324//8 3411//8 3409//8
f 3412//8 3324//8 3410//8
f 3324//8 3413//8 3411//8
f 3414//8 3324//8 3412//8
f 3324//8 3415//8 3413//8
f 3416//8 3324//8 3414//8
f 3324//8 3417//8 3415//8
f 3418//8 3324//8 3416//8
f 3324//8 3419//8 3417//8
f 3420//8 3324//8 3418//8
f 3324//8 3421//8 3419//8
f 3422//8 3324//8 3420//8
f 3324//8 3423//8 3421//8
f 3424//8 3324//8 3422//8
f 3324//8 3425//8 3423//8
f 3426//8 3324//8 3424//8
f 3324//8 3427//8 3425//8
f 3428//8 3324//8 3426//8
f 3324//8 3429//8 3427//8
f 2453//8 3324//8 3428//8
f 3324//8 3349//8 3429//8
f 3430//8 3431//8 2282//8
f 3432//8 3433//8 3430//8
f 3430//8 3434//8 3431//8
f 3433//8 3435//8 3430//8
f 3430//8 3436//8 3434//8
f 3435//8 3437//8 3430//8
f 3430//8 3438//8 3436//8
f 3437//8 3439//8 3430//8
f 3430//8 3440//8 3438//8
f 3439//8 3441//8 3430//8
f 3430//8 3442//8 3440//8
f 3441//8 3443//8 3430//8
f 3430//8 3444//8 3442//8
f 3443//8 3445//8 3430//8
f 3430//8 3446//8 3444//8
f 3445//8 3447//8 3430//8
f 3430//8 3448//8 3446//8
f 3447//8 3449//8 3430//8
f 3430//8 3450//8 3448//8
f 3449//8 3451//8 3430//8
f 3430//8 3452//8 3450//8
f 3451//8 3453//8 3430//8
f 3430//8 3454//8 3452//8
f 3453//8 3455//8 3430//8
f 3430//8 3233//8 3454//8
f 3455//8 3456//8 3430//8
f 3430//8 3234//8 3233//8
f 3456//8 3457//8 3430//8
f 3430//8 3236//8 3234//8
f 3457//8 3458//8 3430//8
f 3430//8 3238//8 3236//8
f 3458//8 3459//8 3430//8
f 3430//8 3240//8 3238//8
f 3459//8 3460//8 3430//8
f 3430//8 3242//8 3240//8
f 3460//8 3461//8 3430//8
f 3430//8 3244//8 3242//8
f 3461//8 3462//8 3430//8
f 3430//8 3246//8 3244//8
f 3462//8 2444//8 3430//8
f 3430//8 3248//8 3246//8
f 2444//8 2445//8 3430//8
f 3430//8 3250//8 3248//8
f 2445//8 2446//8 3430//8
f 3430//8 3252//8 3250//8
f 2446//8 2447//8 3430//8
f 3430//8 3254//8 3252//8
f 2447//8 2448//8 3430//8
f 3430//8 3256//8 3254//8
f 2448//8 2449//8 3430//8
f 3430//8 3258//8 3256//8
f 2449//8 2450//8 3430//8
f 3430//8 3260//8 3258//8
f 2450//8 2451//8 3430//8
f 3430//8 3262//8 3260//8
f 2451//8 2452//8 3430//8
f 3430//8 3263//8 3262//8
f 2452//8 2453//8 3430//8
f 2286//8 3430//8 2282//8
f 3430//8 3354//8 3263//8
f 3463//8 3430//8 2286//8
f 3430//8 3356//8 3354//8
f 3464//8 3430//8 3463//8
f 3430//8 3358//8 3356//8
f 3465//8 3430//8 3464//8
f 3430//8 3360//8 3358//8
f 3466//8 3430//8 3465//8
f 3430//8 3362//8 3360//8
f 3467//8 3430//8 3466//8
f 3430//8 3364//8 3362//8
f 3468//8 3430//8 3467//8
f 3430//8 3366//8 3364//8
f 3469//8 3430//8 3468//8
f 3430//8 3368//8 3366//8
f 3470//8 3430//8 3469//8
f 3430//8 3370//8 3368//8
f 3471//8 3430//8 3470//8
f 3430//8 3372//8 3370//8
f 3472//8 3430//8 3471//8
f 3430//8 3374//8 3372//8
f 3473//8 3430//8 3472//8
f 3430//8 3376//8 3374//8
f 3474//8 3430//8 3473//8
f 3430//8 3378//8 3376//8
f 3475//8 3430//8 3474//8
f 3430//8 3380//8 3378//8
f 3476//8 3430//8 3475//8
f 3430//8 3382//8 3380//8
f 3477//8 3430//8 3476//8
f 3430//8 3384//8 3382//8
f 3478//8 3430//8 3477//8
f 3430//8 3386//8 3384//8
f 3479//8 3430//8 3478//8
f 3430//8 3388//8 3386//8
f 3480//8 3430//8 3479//8
f 3430//8 3390//8 3388//8
f 3481//8 3430//8 3480//8
f 3430//8 3392//8 3390//8
f 3482//8 3430//8 3481//8
f 3430//8 3394//8 3392//8
f 3483//8 3430//8 3482//8
f 3430//8 3396//8 3394//8
f 3484//8 3430//8 3483//8
f 3430//8 3398//8 3396//8
f 3485//8 3430//8 3484//8
f 3430//8 3400//8 3398//8
f 3486//8 3430//8 3485//8
f 3430//8 3402//8 3400//8
f 3487//8 3430//8 3486//8
f 3430//8 3404//8 3402//8
f 3488//8 3430//8 3487//8
f 3430//8 3406//8 3404//8
f 3489//8 3430//8 3488//8
f 3430//8 3408//8 3406//8
f 3490//8 3430//8 3489//8
f 3430//8 3410//8 3408//8
f 3491//8 3430//8 3490//8
f 3430//8 3412//8 3410//8
f 3492//8 3430//8 3491//8
f 3430//8 3414//8 3412//8
f 3493//8 3430//8 3492//8
f 3430//8 3416//8 3414//8
f 3494//8 3430//8 3493//8
f 3430//8 3418//8 3416//8
f 3495//8 3430//8 3494//8
f 3430//8 3420//8 3418//8
f 3496//8 3430//8 3495//8
f 3430//8 3422//8 3420//8
f 3497//8 3430//8 3496//8
f 3430//8 3424//8 3422//8
f 3498//8 3430//8 3497//8
f 3430//8 3426//8 3424//8
f 3499//8 3430//8 3498//8
f 3430//8 3428//8 3426//8
f 3432//8 3430//8 3499//8
f 3430//8 2453//8 3428//8
f 3500//8 3501//8 3385//8
f 2510//8 3502//8 3500//8
f 3500//8 3503//8 3501//8
f 3502//8 3504//8 3500//8
f 3500//8 3505//8 3503//8
f 3504//8 3506//8 3500//8
f 3500//8 3507//8 3505//8
f 3506//8 3508//8 3500//8
f 3500//8 3509//8 3507//8
f 3508//8 3510//8 3500//8
f 3500//8 3511//8 3509//8
f 3510//8 3512//8 3500//8
f 3500//8 3513//8 3511//8
f 3512//8 3514//8 3500//8
f 3500//8 3515//8 3513//8
f 3514//8 3516//8 3500//8
f 3500//8 3517//8 3515//8
f 3516//8 3518//8 3500//8
f 3500//8 3519//8 3517//8
f 3518//8 3520//8 3500//8
f 3500//8 3521//8 3519//8
f 3520//8 3522//8 3500//8
f 3500//8 3523//8 3521//8
f 3522//8 3524//8 3500//8
f 3500//8 3525//8 3523//8
f 3524//8 3526//8 3500//8
f 3500//8 3527//8 3525//8
f 3526//8 3528//8 3500//8
f 3500//8 3529//8 3527//8
f 3528//8 3530//8 3500//8
f 3500//8 2343//8 3529//8
f 3530//8 3531//8 3500//8
f 3387//8 3500//8 3385//8
f 3500//8 3532//8 2343//8
f 3389//8 3500//8 3387//8
f 3500//8 3533//8 3532//8
f 3391//8 3500//8 3389//8
f 3500//8 3534//8 3533//8
f 3393//8 3500//8 3391//8
f 3500//8 3535//8 3534//8
f 3395//8 3500//8 3393//8
f 3500//8 3536//8 3535//8
f 3397//8 3500//8 3395//8
f 3500//8 3537//8 3536//8
f 3399//8 3500//8 3397//8
f 3500//8 3538//8 3537//8
f 3401//8 3500//8 3399//8
f 3500//8 3539//8 3538//8
f 3403//8 3500//8 3401//8
f 3500//8 3540//8 3539//8
f 3405//8 3500//8 3403//8
f 3500//8 3541//8 3540//8
f 3407//8 3500//8 3405//8
f 3500//8 3542//8 3541//8
f 3409//8 3500//8 3407//8
f 3500//8 3543//8 3542//8
f 3411//8 3500//8 3409//8
f 3500//8 3544//8 3543//8
f 3413//8 3500//8 3411//8
f 3500//8 3545//8 3544//8
f 3415//8 3500//8 3413//8
f 3500//8 3546//8 3545//8
f 3417//8 3500//8 3415//8
f 3500//8 3547//8 3546//8
f 3419//8 3500//8 3417//8
f 3500//8 3548//8 3547//8
f 3421//8 3500//8 3419//8
f 3500//8 3549//8 3548//8
f 3423//8 3500//8 3421//8
f 3500//8 3550//8 3549//8
f 3425//8 3500//8 3423//8
f 3500//8 3551//8 3550//8
f 3427//8 3500//8 3425//8
f 3500//8 3552//8 3551//8
f 3429//8 3500//8 3427//8
f 3500//8 3553//8 3552//8
f 3349//8 3500//8 3429//8
f 3500//8 3554//8 3553//8
f 3555//8 3500//8 3349//8
f 3500//8 3556//8 3554//8
f 3557//8 3500//8 3555//8
f 3500//8 3558//8 3556//8
f 3559//8 3500//8 3557//8
f 3500//8 3560//8 3558//8
f 2510//8 3500//8 3559//8
f 3500//8 3531//8 3560//8
f 3561//8 2370//8 2373//8
f 3562//8 3563//8 3561//8
f 3561//8 3564//8 2370//8
f 3563//8 3565//8 3561//8
f 3561//8 3566//8 3564//8
f 3565//8 3567//8 3561//8
f 3561//8 3568//8 3566//8
f 3567//8 3569//8 3561//8
f 3561//8 3570//8 3568//8
f 3569//8 3571//8 3561//8
f 3561//8 3572//8 3570//8
f 3571//8 3573//8 3561//8
f 3561//8 3574//8 3572//8
f 3573//8 3575//8 3561//8
f 3561//8 3576//8 3574//8
f 3575//8 3577//8 3561//8
f 3561//8 3578//8 3576//8
f 3577//8 3579//8 3561//8
f 3561//8 3580//8 3578//8
f 3579//8 3581//8 3561//8
f 3561//8 3582//8 3580//8
f 3581//8 3583//8 3561//8
f 3561//8 3584//8 3582//8
f 3583//8 3585//8 3561//8
f 3561//8 3586//8 3584//8
f 3585//8 3587//8 3561//8
f 3561//8 3588//8 3586//8
f 3587//8 2582//8 3561//8
f 3561//8 3589//8 3588//8
f 2582//8 2583//8 3561//8
f 3561//8 3484//8 3589//8
f 2583//8 2584//8 3561//8
f 2375//8 3561//8 2373//8
f 3561//8 3485//8 3484//8
f 2379//8 3561//8 2375//8
f 3561//8 3486//8 3485//8
f 3590//8 3561//8 2379//8
f 3561//8 3487//8 3486//8
f 3591//8 3561//8 3590//8
f 3561//8 3488//8 3487//8
f 3592//8 3561//8 3591//8
f 3561//8 3489//8 3488//8
f 3593//8 3561//8 3592//8
f 3561//8 3490//8 3489//8
f 3594//8 3561//8 3593//8
f 3561//8 3491//8 3490//8
f 3595//8 3561//8 3594//8
f 3561//8 3492//8 3491//8
f 3596//8 3561//8 3595//8
f 3561//8 3493//8 3492//8
f 3597//8 3561//8 3596//8
f 3561//8 3494//8 3493//8
f 3598//8 3561//8 3597//8
f 3561//8 3495//8 3494//8
f 3599//8 3561//8 3598//8
f 3561//8 3496//8 3495//8
f 3600//8 3561//8 3599//8
f 3561//8 3497//8 3496//8
f 3601//8 3561//8 3600//8
f 3561//8 3498//8 3497//8
f 3602//8 3561//8 3601//8
f 3561//8 3499//8 3498//8
f 3603//8 3561//8 3602//8
f 3561//8 3432//8 3499//8
f 3604//8 3561//8 3603//8
f 3561//8 3605//8 3432//8
f 3606//8 3561//8 3604//8
f 3561//8 3607//8 3605//8
f 3608//8 3561//8 3606//8
f 3561//8 3609//8 3607//8
f 3610//8 3561//8 3608//8
f 3561//8 3611//8 3609//8
f 3612//8 3561//8 3610//8
f 3561//8 3613//8 3611//8
f 3614//8 3561//8 3612//8
f 3561//8 3615//8 3613//8
f 3616//8 3561//8 3614//8
f 3561//8 3617//8 3615//8
f 3618//8 3561//8 3616//8
f 3561//8 3619//8 3617//8
f 3620//8 3561//8 3618//8
f 3561//8 3621//8 3619//8
f 3622//8 3561//8 3620//8
f 3561//8 3623//8 3621//8
f 3624//8 3561//8 3622//8
f 3561//8 3625//8 3623//8
f 3626//8 3561//8 3624//8
f 3561//8 2570//8 3625//8
f 3562//8 3561//8 3626//8
f 3561//8 2584//8 2570//8
f 3627//8 3628//8 3548//8
f 2645//8 3629//8 3627//8
f 3627//8 3630//8 3628//8
f 3629//8 3631//8 3627//8
f 3627//8 3632//8 3630//8
f 3631//8 3633//8 3627//8
f 3627//8 3634//8 3632//8
f 3633//8 3635//8 3627//8
f 3627//8 3636//8 3634//8
f 3635//8 3637//8 3627//8
f 3627//8 3638//8 3636//8
f 3637//8 3639//8 3627//8
f 3627//8 3640//8 3638//8
f 3639//8 3641//8 3627//8
f 3627//8 3642//8 3640//8
f 3641//8 3643//8 3627//8
f 3627//8 3644//8 3642//8
f 3643//8 3645//8 3627//8
f 3627//8 3646//8 3644//8
f 3645//8 3647//8 3627//8
f 3627//8 3648//8 3646//8
f 3647//8 3649//8 3627//8
f 3627//8 3650//8 3648//8
f 3649//8 3651//8 3627//8
f 3627//8 3652//8 3650//8
f 3651//8 3653//8 3627//8
f 3627//8 3654//8 3652//8
f 3653//8 3655//8 3627//8
f 3627//8 3656//8 3654//8
f 3655//8 3657//8 3627//8
f 3627//8 2416//8 3656//8
f 3657//8 3658//8 3627//8
f 3549//8 3627//8 3548//8
f 3627//8 2420//8 2416//8
f 3550//8 3627//8 3549//8
f 3627//8 3659//8 2420//8
f 3551//8 3627//8 3550//8
f 3627//8 3660//8 3659//8
f 3552//8 3627//8 3551//8
f 3627//8 3661//8 3660//8
f 3553//8 3627//8 3552//8
f 3627//8 3662//8 3661//8
f 3554//8 3627//8 3553//8
f 3627//8 3663//8 3662//8
f 3556//8 3627//8 3554//8
f 3627//8 3664//8 3663//8
f 3558//8 3627//8 3556//8
f 3627//8 3665//8 3664//8
f 3560//8 3627//8 3558//8
f 3627//8 3666//8 3665//8
f 3531//8 3627//8 3560//8
f 3627//8 3667//8 3666//8
f 3668//8 3627//8 3531//8
f 3627//8 3669//8 3667//8
f 3670//8 3627//8 3668//8
f 3627//8 3671//8 3669//8
f 3672//8 3627//8 3670//8
f 3627//8 3673//8 3671//8
f 3674//8 3627//8 3672//8
f 3627//8 3675//8 3673//8
f 3676//8 3627//8 3674//8
f 3627//8 3677//8 3675//8
f 3678//8 3627//8 3676//8
f 3627//8 3679//8 3677//8
f 3680//8 3627//8 3678//8
f 3627//8 3681//8 3679//8
f 3682//8 3627//8 3680//8
f 3627//8 3683//8 3681//8
f 3684//8 3627//8 3682//8
f 3627//8 3685//8 3683//8
f 3686//8 3627//8 3684//8
f 3627//8 3687//8 3685//8
f 3688//8 3627//8 3686//8
f 3627//8 3689//8 3687//8
f 3690//8 3627//8 3688//8
f 3627//8 3691//8 3689//8
f 3692//8 3627//8 3690//8
f 3627//8 3693//8 3691//8
f 3694//8 3627//8 3692//8
f 3627//8 3695//8 3693//8
f 3696//8 3627//8 3694//8
f 3627//8 3697//8 3695//8
f 3698//8 3627//8 3696//8
f 3627//8 3699//8 3697//8
f 3700//8 3627//8 3698//8
f 3627//8 3701//8 3699//8
f 2645//8 3627//8 3700//8
f 3627//8 3658//8 3701//8
f 3702//8 2527//8 2536//8
f 3703//8 3704//8 3702//8
f 3702//8 3705//8 2527//8
f 3704//8 3706//8 3702//8
f 3702//8 3707//8 3705//8
f 3706//8 3708//8 3702//8
f 3702//8 3709//8 3707//8
f 3708//8 3710//8 3702//8
f 3702//8 3711//8 3709//8
f 3710//8 3712//8 3702//8
f 3702//8 3713//8 3711//8
f 3712//8 3714//8 3702//8
f 3702//8 3715//8 3713//8
f 3714//8 3716//8 3702//8
f 3702//8 3717//8 3715//8
f 3716//8 3718//8 3702//8
f 3702//8 3719//8 3717//8
f 3718//8 3720//8 3702//8
f 3702//8 3721//8 3719//8
f 3720//8 3722//8 3702//8
f 3702//8 3723//8 3721//8
f 3722//8 3724//8 3702//8
f 3702//8 3725//8 3723//8
f 3724//8 3726//8 3702//8
f 3702//8 3727//8 3725//8
f 3726//8 3728//8 3702//8
f 3702//8 3729//8 3727//8
f 3728//8 3730//8 3702//8
f 3702//8 3731//8 3729//8
f 3730//8 3732//8 3702//8
f 3702//8 3616//8 3731//8
f 3732//8 3733//8 3702//8
f 2538//8 3702//8 2536//8
f 3702//8 3618//8 3616//8
f 2544//8 3702//8 2538//8
f 3702//8 3620//8 3618//8
f 2554//8 3702//8 2544//8
f 3702//8 3622//8 3620//8
f 3734//8 3702//8 2554//8
f 3702//8 3624//8 3622//8
f 3735//8 3702//8 3734//8
f 3702//8 3626//8 3624//8
f 3736//8 3702//8 3735//8
f 3702//8 3562//8 3626//8
f 3737//8 3702//8 3736//8
f 3702//8 3738//8 3562//8
f 3739//8 3702//8 3737//8
f 3702//8 3740//8 3738//8
f 3741//8 3702//8 3739//8
f 3702//8 3742//8 3740//8
f 3743//8 3702//8 3741//8
f 3702//8 3744//8 3742//8
f 3745//8 3702//8 3743//8
f 3702//8 3746//8 3744//8
f 3747//8 3702//8 3745//8
f 3702//8 3748//8 3746//8
f 3749//8 3702//8 3747//8
f 3702//8 3750//8 3748//8
f 3751//8 3702//8 3749//8
f 3702//8 3752//8 3750//8
f 3753//8 3702//8 3751//8
f 3702//8 3754//8 3752//8
f 3755//8 3702//8 3753//8
f 3702//8 3756//8 3754//8
f 3757//8 3702//8 3755//8
f 3702//8 3758//8 3756//8
f 3759//8 3702//8 3757//8
f 3702//8 3760//8 3758//8
f 3761//8 3702//8 3759//8
f 3702//8 3762//8 3760//8
f 3763//8 3702//8 3761//8
f 3702//8 3764//8 3762//8
f 3765//8 3702//8 3763//8
f 3702//8 3766//8 3764//8
f 3767//8 3702//8 3765//8
f 3702//8 3768//8 3766//8
f 3769//8 3702//8 3767//8
f 3702//8 3770//8 3768//8
f 3771//8 3702//8 3769//8
f 3702//8 3772//8 3770//8
f 3773//8 3702//8 3771//8
f 3702//8 3774//8 3772//8
f 3775//8 3702//8 3773//8
f 3702//8 3776//8 3774//8
f 3777//8 3702//8 3775//8
f 3702//8 3778//8 3776//8
f 3779//8 3702//8 3777//8
f 3702//8 3780//8 3778//8
f 3781//8 3702//8 3779//8
f 3702//8 3782//8 3780//8
f 3783//8 3702//8 3781//8
f 3702//8 3784//8 3782//8
f 3785//8 3702//8 3783//8
f 3702//8 3786//8 3784//8
f 3703//8 3702//8 3785//8
f 3702//8 3733//8 3786//8
f 3787//8 3635//8 3633//8
f 3788//8 3789//8 3787//8
f 3787//8 3637//8 3635//8
f 3789//8 3790//8 3787//8
f 3787//8 3639//8 3637//8
f 3790//8 3791//8 3787//8
f 3787//8 3641//8 3639//8
f 3791//8 3792//8 3787//8
f 3787//8 3643//8 3641//8
f 3792//8 3793//8 3787//8
f 3787//8 3645//8 3643//8
f 3793//8 3794//8 3787//8
f 3787//8 3647//8 3645//8
f 3794//8 3795//8 3787//8
f 3787//8 3649//8 3647//8
f 3795//8 3796//8 3787//8
f 3787//8 3651//8 3649//8
f 3796//8 3797//8 3787//8
f 3787//8 3653//8 3651//8
f 3797//8 3798//8 3787//8
f 3787//8 3655//8 3653//8
f 3798//8 3799//8 3787//8
f 3787//8 3657//8 3655//8
f 3799//8 3800//8 3787//8
f 3787//8 3658//8 3657//8
f 3800//8 3801//8 3787//8
f 3787//8 3802//8 3658//8
f 3801//8 3803//8 3787//8
f 3787//8 3804//8 3802//8
f 3803//8 3805//8 3787//8
f 3787//8 3806//8 3804//8
f 3805//8 3807//8 3787//8
f 3787//8 3808//8 3806//8
f 3807//8 3809//8 3787//8
f 3787//8 3810//8 3808//8
f 3809//8 3811//8 3787//8
f 3787//8 3812//8 3810//8
f 3811//8 3813//8 3787//8
f 3787//8 3814//8 3812//8
f 3813//8 3815//8 3787//8
f 3787//8 3816//8 3814//8
f 3815//8 3817//8 3787//8
f 3787//8 3818//8 3816//8
f 3817//8 3819//8 3787//8
f 3787//8 3820//8 3818//8
f 3819//8 3821//8 3787//8
f 3787//8 3822//8 3820//8
f 3821//8 3823//8 3787//8
f 3787//8 3824//8 3822//8
f 3823//8 3825//8 3787//8
f 3787//8 3826//8 3824//8
f 3825//8 2815//8 3787//8
f 3787//8 2646//8 3826//8
f 2815//8 2816//8 3787//8
f 3827//8 3787//8 3633//8
f 3787//8 2651//8 2646//8
f 3828//8 3787//8 3827//8
f 3787//8 2657//8 2651//8
f 3829//8 3787//8 3828//8
f 3787//8 2662//8 2657//8
f 3830//8 3787//8 3829//8
f 3787//8 3831//8 2662//8
f 3832//8 3787//8 3830//8
f 3787//8 3833//8 3831//8
f 3834//8 3787//8 3832//8
f 3787//8 3835//8 3833//8
f 3836//8 3787//8 3834//8
f 3787//8 3837//8 3835//8
f 3838//8 3787//8 3836//8
f 3787//8 3839//8 3837//8
f 2701//8 3787//8 3838//8
f 3787//8 3840//8 3839//8
f 2706//8 3787//8 2701//8
f 3787//8 3841//8 3840//8
f 2711//8 3787//8 2706//8
f 3787//8 3842//8 3841//8
f 2716//8 3787//8 2711//8
f 3787//8 3843//8 3842//8
f 2721//8 3787//8 2716//8
f 3787//8 3844//8 3843//8
f 2726//8 3787//8 2721//8
f 3787//8 3845//8 3844//8
f 2731//8 3787//8 2726//8
f 3787//8 3846//8 3845//8
f 2736//8 3787//8 2731//8
f 3787//8 3847//8 3846//8
f 2741//8 3787//8 2736//8
f 3787//8 3848//8 3847//8
f 2746//8 3787//8 2741//8
f 3787//8 3849//8 3848//8
f 2751//8 3787//8 2746//8
f 3787//8 3850//8 3849//8
f 2756//8 3787//8 2751//8
f 3787//8 3851//8 3850//8
f 2761//8 3787//8 2756//8
f 3787//8 3852//8 3851//8
f 3853//8 3787//8 2761//8
f 3787//8 3854//8 3852//8
f 3855//8 3787//8 3853//8
f 3787//8 3856//8 3854//8
f 3857//8 3787//8 3855//8
f 3787//8 2786//8 3856//8
f 3858//8 3787//8 3857//8
f 3787//8 2793//8 2786//8
f 3859//8 3787//8 3858//8
f 3787//8 2797//8 2793//8
f 3860//8 3787//8 3859//8
f 3787//8 2801//8 2797//8
f 3861//8 3787//8 3860//8
f 3787//8 2807//8 2801//8
f 3862//8 3787//8 3861//8
f 3787//8 2811//8 2807//8
f 3788//8 3787//8 3862//8
f 3787//8 2816//8 2811//8
f 3863//8 3864//8 3865//8
f 2844//8 3866//8 3863//8
f 3863//8 3867//8 3864//8
f 3866//8 3868//8 3863//8
f 3863//8 3703//8 3867//8
f 3868//8 3869//8 3863//8
f 3863//8 3704//8 3703//8
f 3869//8 3870//8 3863//8
f 3863//8 3706//8 3704//8
f 3870//8 3871//8 3863//8
f 3863//8 3708//8 3706//8
f 3871//8 3872//8 3863//8
f 3863//8 3710//8 3708//8
f 3872//8 3873//8 3863//8
f 3863//8 3712//8 3710//8
f 3873//8 3874//8 3863//8
f 3863//8 3714//8 3712//8
f 3874//8 3875//8 3863//8
f 3863//8 3716//8 3714//8
f 3875//8 3876//8 3863//8
f 3863//8 3718//8 3716//8
f 3876//8 3877//8 3863//8
f 3863//8 3720//8 3718//8
f 3877//8 3878//8 3863//8
f 3863//8 3722//8 3720//8
f 3878//8 3879//8 3863//8
f 3863//8 3724//8 3722//8
f 3879//8 3880//8 3863//8
f 3863//8 3726//8 3724//8
f 3880//8 3881//8 3863//8
f 3863//8 3728//8 3726//8
f 3881//8 3882//8 3863//8
f 3863//8 3730//8 3728//8
f 3882//8 3883//8 3863//8
f 3863//8 3732//8 3730//8
f 3883//8 3884//8 3863//8
f 3863//8 3733//8 3732//8
f 3884//8 3885//8 3863//8
f 3863//8 3886//8 3733//8
f 3885//8 3887//8 3863//8
f 3863//8 3888//8 3886//8
f 3887//8 3889//8 3863//8
f 3863//8 3890//8 3888//8
f 3889//8 3891//8 3863//8
f 3863//8 3892//8 3890//8
f 3891//8 3893//8 3863//8
f 3863//8 3894//8 3892//8
f 3893//8 3895//8 3863//8
f 3863//8 2740//8 3894//8
f 3895//8 3896//8 3863//8
f 3897//8 3863//8 3865//8
f 3863//8 2745//8 2740//8
f 3898//8 3863//8 3897//8
f 3863//8 2750//8 2745//8
f 3899//8 3863//8 3898//8
f 3863//8 2755//8 2750//8
f 3900//8 3863//8 3899//8
f 3863//8 2760//8 2755//8
f 3901//8 3863//8 3900//8
f 3863//8 3902//8 2760//8
f 3903//8 3863//8 3901//8
f 3863//8 3904//8 3902//8
f 3905//8 3863//8 3903//8
f 3863//8 3906//8 3904//8
f 3907//8 3863//8 3905//8
f 3863//8 3908//8 3906//8
f 3909//8 3863//8 3907//8
f 3863//8 3910//8 3908//8
f 3911//8 3863//8 3909//8
f 3863//8 3912//8 3910//8
f 3913//8 3863//8 3911//8
f 3863//8 3914//8 3912//8
f 3915//8 3863//8 3913//8
f 3863//8 3916//8 3914//8
f 3917//8 3863//8 3915//8
f 3863//8 3918//8 3916//8
f 3919//8 3863//8 3917//8
f 3863//8 3920//8 3918//8
f 3921//8 3863//8 3919//8
f 3863//8 3922//8 3920//8
f 2829//8 3863//8 3921//8
f 3863//8 3923//8 3922//8
f 2837//8 3863//8 2829//8
f 3863//8 3924//8 3923//8
f 2844//8 3863//8 2837//8
f 3863//8 3896//8 3924//8
f 3925//8 2814//8 2819//8
f 3926//8 3927//8 3925//8
f 3925//8 3928//8 2814//8
f 3927//8 3929//8 3925//8
f 3925//8 3930//8 3928//8
f 3929//8 3931//8 3925//8
f 3925//8 3788//8 3930//8
f 3931//8 3932//8 3925//8
f 3925//8 3789//8 3788//8
f 3932//8 3933//8 3925//8
f 3925//8 3790//8 3789//8
f 3933//8 3934//8 3925//8
f 3925//8 3791//8 3790//8
f 3934//8 3935//8 3925//8
f 3925//8 3792//8 3791//8
f 3935//8 3936//8 3925//8
f 3925//8 3793//8 3792//8
f 3936//8 3937//8 3925//8
f 3925//8 3794//8 3793//8
f 3937//8 3938//8 3925//8
f 3925//8 3795//8 3794//8
f 3938//8 3939//8 3925//8
f 3925//8 3796//8 3795//8
f 3939//8 3940//8 3925//8
f 3925//8 3797//8 3796//8
f 3940//8 3941//8 3925//8
f 3925//8 3798//8 3797//8
f 3941//8 3942//8 3925//8
f 3925//8 3799//8 3798//8
f 3942//8 3032//8 3925//8
f 3925//8 3800//8 3799//8
f 3032//8 3033//8 3925//8
f 2821//8 3925//8 2819//8
f 3925//8 3943//8 3800//8
f 3944//8 3925//8 2821//8
f 3925//8 3945//8 3943//8
f 3946//8 3925//8 3944//8
f 3925//8 3947//8 3945//8
f 3948//8 3925//8 3946//8
f 3925//8 3949//8 3947//8
f 3950//8 3925//8 3948//8
f 3925//8 3951//8 3949//8
f 3952//8 3925//8 3950//8
f 3925//8 3953//8 3951//8
f 3954//8 3925//8 3952//8
f 3925//8 3955//8 3953//8
f 3956//8 3925//8 3954//8
f 3925//8 3957//8 3955//8
f 3958//8 3925//8 3956//8
f 3925//8 3959//8 3957//8
f 3960//8 3925//8 3958//8
f 3925//8 3961//8 3959//8
f 3962//8 3925//8 3960//8
f 3925//8 3963//8 3961//8
f 3964//8 3925//8 3962//8
f 3925//8 3965//8 3963//8
f 3966//8 3925//8 3964//8
f 3925//8 3967//8 3965//8
f 3968//8 3925//8 3966//8
f 3925//8 3969//8 3967//8
f 3970//8 3925//8 3968//8
f 3925//8 3971//8 3969//8
f 3972//8 3925//8 3970//8
f 3925//8 3973//8 3971//8
f 3974//8 3925//8 3972//8
f 3925//8 3975//8 3973//8
f 3976//8 3925//8 3974//8
f 3925//8 3977//8 3975//8
f 3978//8 3925//8 3976//8
f 3925//8 3979//8 3977//8
f 3980//8 3925//8 3978//8
f 3925//8 3981//8 3979//8
f 3982//8 3925//8 3980//8
f 3925//8 3983//8 3981//8
f 3984//8 3925//8 3982//8
f 3925//8 3985//8 3983//8
f 3986//8 3925//8 3984//8
f 3925//8 3987//8 3985//8
f 3988//8 3925//8 3986//8
f 3925//8 3989//8 3987//8
f 3990//8 3925//8 3988//8
f 3925//8 3991//8 3989//8
f 3992//8 3925//8 3990//8
f 3925//8 3993//8 3991//8
f 3994//8 3925//8 3992//8
f 3925//8 3029//8 3993//8
f 3926//8 3925//8 3994//8
f 3925//8 3033//8 3029//8
f 3995//8 3875//8 3874//8
f 2973//8 3996//8 3995//8
f 3995//8 3876//8 3875//8
f 3996//8 3997//8 3995//8
f 3995//8 3877//8 3876//8
f 3997//8 3998//8 3995//8
f 3995//8 3878//8 3877//8
f 3998//8 3999//8 3995//8
f 3995//8 3879//8 3878//8
f 3999//8 4000//8 3995//8
f 3995//8 3880//8 3879//8
f 4000//8 4001//8 3995//8
f 3995//8 3881//8 3880//8
f 4001//8 4002//8 3995//8
f 3995//8 3882//8 3881//8
f 4002//8 4003//8 3995//8
f 3995//8 3883//8 3882//8
f 4003//8 4004//8 3995//8
f 3995//8 3884//8 3883//8
f 4004//8 4005//8 3995//8
f 3995//8 3885//8 3884//8
f 4005//8 4006//8 3995//8
f 3995//8 3887//8 3885//8
f 4006//8 4007//8 3995//8
f 3995//8 3889//8 3887//8
f 4007//8 4008//8 3995//8
f 3995//8 3891//8 3889//8
f 4008//8 4009//8 3995//8
f 3995//8 3893//8 3891//8
f 4009//8 4010//8 3995//8
f 3995//8 3895//8 3893//8
f 4010//8 4011//8 3995//8
f 3995//8 3896//8 3895//8
f 4011//8 4012//8 3995//8
f 3995//8 4013//8 3896//8
f 4012//8 4014//8 3995//8
f 3995//8 4015//8 4013//8
f 4014//8 4016//8 3995//8
f 3995//8 4017//8 4015//8
f 4016//8 4018//8 3995//8
f 3995//8 4019//8 4017//8
f 4018//8 4020//8 3995//8
f 3995//8 4021//8 4019//8
f 4020//8 4022//8 3995//8
f 3995//8 2845//8 4021//8
f 4022//8 4023//8 3995//8
f 4024//8 3995//8 3874//8
f 3995//8 4025//8 2845//8
f 4026//8 3995//8 4024//8
f 3995//8 4027//8 4025//8
f 4028//8 3995//8 4026//8
f 3995//8 4029//8 4027//8
f 4030//8 3995//8 4028//8
f 3995//8 4031//8 4029//8
f 4032//8 3995//8 4030//8
f 3995//8 4033//8 4031//8
f 4034//8 3995//8 4032//8
f 3995//8 4035//8 4033//8
f 4036//8 3995//8 4034//8
f 3995//8 4037//8 4035//8
f 4038//8 3995//8 4036//8
f 3995//8 4039//8 4037//8
f 4040//8 3995//8 4038//8
f 3995//8 4041//8 4039//8
f 4042//8 3995//8 4040//8
f 3995//8 4043//8 4041//8
f 4044//8 3995//8 4042//8
f 3995//8 4045//8 4043//8
f 4046//8 3995//8 4044//8
f 3995//8 4047//8 4045//8
f 4048//8 3995//8 4046//8
f 3995//8 4049//8 4047//8
f 4050//8 3995//8 4048//8
f 3995//8 4051//8 4049//8
f 4052//8 3995//8 4050//8
f 3995//8 4053//8 4051//8
f 2973//8 3995//8 4052//8
f 3995//8 4023//8 4053//8
f 4054//8 2938//8 2936//8
f 4055//8 4056//8 4054//8
f 4054//8 2939//8 2938//8
f 4056//8 4057//8 4054//8
f 4054//8 2928//8 2939//8
f 4057//8 4058//8 4054//8
f 4054//8 4059//8 2928//8
f 4058//8 4060//8 4054//8
f 4054//8 4061//8 4059//8
f 4060//8 4062//8 4054//8
f 4054//8 4063//8 4061//8
f 4062//8 4064//8 4054//8
f 4054//8 4065//8 4063//8
f 4064//8 4066//8 4054//8
f 4054//8 4067//8 4065//8
f 4066//8 4068//8 4054//8
f 4054//8 4069//8 4067//8
f 4068//8 4070//8 4054//8
f 4054//8 4071//8 4069//8
f 4070//8 4072//8 4054//8
f 4054//8 4073//8 4071//8
f 4072//8 4074//8 4054//8
f 4054//8 4075//8 4073//8
f 4074//8 4076//8 4054//8
f 4054//8 4077//8 4075//8
f 4076//8 4078//8 4054//8
f 4054//8 4079//8 4077//8
f 4078//8 4080//8 4054//8
f 4054//8 4081//8 4079//8
f 4080//8 3095//8 4054//8
f 4054//8 3972//8 4081//8
f 3095//8 3096//8 4054//8
f 2937//8 4054//8 2936//8
f 4054//8 3974//8 3972//8
f 4082//8 4054//8 2937//8
f 4054//8 3976//8 3974//8
f 4083//8 4054//8 4082//8
f 4054//8 3978//8 3976//8
f 4084//8 4054//8 4083//8
f 4054//8 3980//8 3978//8
f 4085//8 4054//8 4084//8
f 4054//8 3982//8 3980//8
f 4086//8 4054//8 4085//8
f 4054//8 3984//8 3982//8
f 4087//8 4054//8 4086//8
f 4054//8 3986//8 3984//8
f 4088//8 4054//8 4087//8
f 4054//8 3988//8 3986//8
f 4089//8 4054//8 4088//8
f 4054//8 3990//8 3988//8
f 4090//8 4054//8 4089//8
f 4054//8 3992//8 3990//8
f 4091//8 4054//8 4090//8
f 4054//8 3994//8 3992//8
f 4092//8 4054//8 4091//8
f 4054//8 3926//8 3994//8
f 4093//8 4054//8 4092//8
f 4054//8 4094//8 3926//8
f 4095//8 4054//8 4093//8
f 4054//8 4096//8 4094//8
f 4097//8 4054//8 4095//8
f 4054//8 4098//8 4096//8
f 4099//8 4054//8 4097//8
f 4054//8 4100//8 4098//8
f 4101//8 4054//8 4099//8
f 4054//8 4102//8 4100//8
f 4103//8 4054//8 4101//8
f 4054//8 4104//8 4102//8
f 4105//8 4054//8 4103//8
f 4054//8 4106//8 4104//8
f 4107//8 4054//8 4105//8
f 4054//8 4108//8 4106//8
f 4109//8 4054//8 4107//8
f 4054//8 4110//8 4108//8
f 4111//8 4054//8 4109//8
f 4054//8 4112//8 4110//8
f 4113//8 4054//8 4111//8
f 4054//8 4114//8 4112//8
f 4115//8 4054//8 4113//8
f 4054//8 4116//8 4114//8
f 4055//8 4054//8 4115//8
f 4054//8 3096//8 4116//8
f 4117//8 4118//8 4049//8
f 3098//8 3099//8 4117//8
f 4117//8 4119//8 4118//8
f 3099//8 4120//8 4117//8
f 4117//8 4121//8 4119//8
f 4120//8 4122//8 4117//8
f 4117//8 4123//8 4121//8
f 4122//8 4124//8 4117//8
f 4117//8 4125//8 4123//8
f 4124//8 4126//8 4117//8
f 4117//8 4127//8 4125//8
f 4126//8 4128//8 4117//8
f 4117//8 4129//8 4127//8
f 4128//8 4130//8 4117//8
f 4117//8 4131//8 4129//8
f 4130//8 4132//8 4117//8
f 4117//8 4133//8 4131//8
f 4132//8 4134//8 4117//8
f 4117//8 4135//8 4133//8
f 4134//8 4136//8 4117//8
f 4117//8 4137//8 4135//8
f 4136//8 4138//8 4117//8
f 4117//8 4139//8 4137//8
f 4138//8 4140//8 4117//8
f 4117//8 4141//8 4139//8
f 4140//8 4142//8 4117//8
f 4117//8 4143//8 4141//8
f 4142//8 4144//8 4117//8
f 4117//8 2944//8 4143//8
f 4144//8 4145//8 4117//8
f 4117//8 2954//8 2944//8
f 4145//8 4146//8 4117//8
f 4117//8 2956//8 2954//8
f 4146//8 4147//8 4117//8
f 4051//8 4117//8 4049//8
f 4117//8 4148//8 2956//8
f 4053//8 4117//8 4051//8
f 4117//8 4149//8 4148//8
f 4023//8 4117//8 4053//8
f 4117//8 4150//8 4149//8
f 4151//8 4117//8 4023//8
f 4117//8 4152//8 4150//8
f 4153//8 4117//8 4151//8
f 4117//8 4154//8 4152//8
f 4155//8 4117//8 4153//8
f 4117//8 4156//8 4154//8
f 4157//8 4117//8 4155//8
f 4117//8 4158//8 4156//8
f 4159//8 4117//8 4157//8
f 4117//8 4160//8 4158//8
f 4161//8 4117//8 4159//8
f 4117//8 4162//8 4160//8
f 4163//8 4117//8 4161//8
f 4117//8 4164//8 4162//8
f 4165//8 4117//8 4163//8
f 4117//8 4166//8 4164//8
f 4167//8 4117//8 4165//8
f 4117//8 4168//8 4166//8
f 4169//8 4117//8 4167//8
f 4117//8 4170//8 4168//8
f 4171//8 4117//8 4169//8
f 4117//8 4172//8 4170//8
f 4173//8 4117//8 4171//8
f 4117//8 4174//8 4172//8
f 4175//8 4117//8 4173//8
f 4117//8 4176//8 4174//8
f 4177//8 4117//8 4175//8
f 4117//8 4178//8 4176//8
f 4179//8 4117//8 4177//8
f 4117//8 4180//8 4178//8
f 4181//8 4117//8 4179//8
f 4117//8 4182//8 4180//8
f 4183//8 4117//8 4181//8
f 4117//8 4184//8 4182//8
f 4185//8 4117//8 4183//8
f 4117//8 4186//8 4184//8
f 4187//8 4117//8 4185//8
f 4117//8 4188//8 4186//8
f 4189//8 4117//8 4187//8
f 4117//8 4190//8 4188//8
f 3098//8 4117//8 4189//8
f 4117//8 4147//8 4190//8
f 4191//8 4192//8 4150//8
f 4193//8 4194//8 4191//8
f 4191//8 4195//8 4192//8
f 4194//8 4196//8 4191//8
f 4191//8 4197//8 4195//8
f 4196//8 4198//8 4191//8
f 4191//8 4199//8 4197//8
f 4198//8 4200//8 4191//8
f 4191//8 4201//8 4199//8
f 4200//8 4202//8 4191//8
f 4191//8 4203//8 4201//8
f 4202//8 4204//8 4191//8
f 4191//8 2981//8 4203//8
f 4204//8 4205//8 4191//8
f 4191//8 2997//8 2981//8
f 4205//8 4206//8 4191//8
f 4191//8 2998//8 2997//8
f 4206//8 4207//8 4191//8
f 4191//8 2999//8 2998//8
f 4207//8 4208//8 4191//8
f 4191//8 3000//8 2999//8
f 4208//8 4209//8 4191//8
f 4191//8 3001//8 3000//8
f 4209//8 4210//8 4191//8
f 4191//8 3002//8 3001//8
f 4210//8 4211//8 4191//8
f 4191//8 3003//8 3002//8
f 4211//8 4212//8 4191//8
f 4191//8 3004//8 3003//8
f 4212//8 4213//8 4191//8
f 4191//8 3005//8 3004//8
f 4213//8 4214//8 4191//8
f 4191//8 3006//8 3005//8
f 4214//8 4215//8 4191//8
f 4191//8 3007//8 3006//8
f 4215//8 4216//8 4191//8
f 4191//8 3008//8 3007//8
f 4216//8 4217//8 4191//8
f 4191//8 2984//8 3008//8
f 4217//8 4218//8 4191//8
f 4191//8 4219//8 2984//8
f 4218//8 4220//8 4191//8
f 4191//8 4221//8 4219//8
f 4220//8 4222//8 4191//8
f 4191//8 4223//8 4221//8
f 4222//8 4224//8 4191//8
f 4191//8 4225//8 4223//8
f 4224//8 4226//8 4191//8
f 4191//8 4227//8 4225//8
f 4226//8 4228//8 4191//8
f 4191//8 4229//8 4227//8
f 4228//8 4230//8 4191//8
f 4191//8 4231//8 4229//8
f 4230//8 4232//8 4191//8
f 4191//8 4233//8 4231//8
f 4232//8 4234//8 4191//8
f 4191//8 4235//8 4233//8
f 4234//8 4236//8 4191//8
f 4191//8 4237//8 4235//8
f 4236//8 3172//8 4191//8
f 4191//8 4085//8 4237//8
f 3172//8 3173//8 4191//8
f 4152//8 4191//8 4150//8
f 4191//8 4086//8 4085//8
f 4154//8 4191//8 4152//8
f 4191//8 4087//8 4086//8
f 4156//8 4191//8 4154//8
f 4191//8 4088//8 4087//8
f 4158//8 4191//8 4156//8
f 4191//8 4089//8 4088//8
f 4160//8 4191//8 4158//8
f 4191//8 4090//8 4089//8
f 4162//8 4191//8 4160//8
f 4191//8 4091//8 4090//8
f 4164//8 4191//8 4162//8
f 4191//8 4092//8 4091//8
f 4166//8 4191//8 4164//8
f 4191//8 4093//8 4092//8
f 4168//8 4191//8 4166//8
f 4191//8 4095//8 4093//8
f 4170//8 4191//8 4168//8
f 4191//8 4097//8 4095//8
f 4172//8 4191//8 4170//8
f 4191//8 4099//8 4097//8
f 4174//8 4191//8 4172//8
f 4191//8 4101//8 4099//8
f 4176//8 4191//8 4174//8
f 4191//8 4103//8 4101//8
f 4178//8 4191//8 4176//8
f 4191//8 4105//8 4103//8
f 4180//8 4191//8 4178//8
f 4191//8 4107//8 4105//8
f 4182//8 4191//8 4180//8
f 4191//8 4109//8 4107//8
f 4184//8 4191//8 4182//8
f 4191//8 4111//8 4109//8
f 4186//8 4191//8 4184//8
f 4191//8 4113//8 4111//8
f 4188//8 4191//8 4186//8
f 4191//8 4115//8 4113//8
f 4190//8 4191//8 4188//8
f 4191//8 4055//8 4115//8
f 4147//8 4191//8 4190//8
f 4191//8 4238//8 4055//8
f 4239//8 4191//8 4147//8
f 4191//8 4240//8 4238//8
f 4241//8 4191//8 4239//8
f 4191//8 4242//8 4240//8
f 4243//8 4191//8 4241//8
f 4191//8 4244//8 4242//8
f 4245//8 4191//8 4243//8
f 4191//8 4246//8 4244//8
f 4193//8 4191//8 4245//8
f 4191//8 3173//8 4246//8
f 4247//8 4248//8 3297//8
f 3317//8 3325//8 4247//8
f 4247//8 4249//8 4248//8
f 3325//8 3326//8 4247//8
f 4247//8 4250//8 4249//8
f 3326//8 3327//8 4247//8
f 4247//8 4251//8 4250//8
f 3327//8 3328//8 4247//8
f 4247//8 4252//8 4251//8
f 3328//8 3329//8 4247//8
f 4247//8 4253//8 4252//8
f 3329//8 3330//8 4247//8
f 4247//8 4254//8 4253//8
f 3330//8 3332//8 4247//8
f 4247//8 4255//8 4254//8
f 3332//8 3334//8 4247//8
f 4247//8 2240//8 4255//8
f 3334//8 3336//8 4247//8
f 4247//8 2243//8 2240//8
f 3336//8 3338//8 4247//8
f 3299//8 4247//8 3297//8
f 4247//8 4256//8 2243//8
f 3301//8 4247//8 3299//8
f 4247//8 4257//8 4256//8
f 3303//8 4247//8 3301//8
f 4247//8 4258//8 4257//8
f 3305//8 4247//8 3303//8
f 4247//8 4259//8 4258//8
f 3307//8 4247//8 3305//8
f 4247//8 4260//8 4259//8
f 3309//8 4247//8 3307//8
f 4247//8 4261//8 4260//8
f 3311//8 4247//8 3309//8
f 4247//8 4262//8 4261//8
f 3313//8 4247//8 3311//8
f 4247//8 4263//8 4262//8
f 3315//8 4247//8 3313//8
f 4247//8 4264//8 4263//8
f 3317//8 4247//8 3315//8
f 4247//8 3338//8 4264//8
f 4265//8 4266//8 3677//8
f 3658//8 3802//8 4265//8
f 4265//8 4267//8 4266//8
f 3802//8 3804//8 4265//8
f 4265//8 4268//8 4267//8
f 3804//8 3806//8 4265//8
f 4265//8 4269//8 4268//8
f 3806//8 3808//8 4265//8
f 4265//8 4270//8 4269//8
f 3808//8 3810//8 4265//8
f 4265//8 4271//8 4270//8
f 3810//8 3812//8 4265//8
f 4265//8 4272//8 4271//8
f 3812//8 3814//8 4265//8
f 4265//8 4273//8 4272//8
f 3814//8 3816//8 4265//8
f 4265//8 4274//8 4273//8
f 3816//8 3818//8 4265//8
f 4265//8 2552//8 4274//8
f 3818//8 3820//8 4265//8
f 3679//8 4265//8 3677//8
f 4265//8 2559//8 2552//8
f 3681//8 4265//8 3679//8
f 4265//8 4275//8 2559//8
f 3683//8 4265//8 3681//8
f 4265//8 4276//8 4275//8
f 3685//8 4265//8 3683//8
f 4265//8 4277//8 4276//8
f 3687//8 4265//8 3685//8
f 4265//8 4278//8 4277//8
f 3689//8 4265//8 3687//8
f 4265//8 4279//8 4278//8
f 3691//8 4265//8 3689//8
f 4265//8 4280//8 4279//8
f 3693//8 4265//8 3691//8
f 4265//8 4281//8 4280//8
f 3695//8 4265//8 3693//8
f 4265//8 4282//8 4281//8
f 3697//8 4265//8 3695//8
f 4265//8 4283//8 4282//8
f 3699//8 4265//8 3697//8
f 4265//8 4284//8 4283//8
f 3701//8 4265//8 3699//8
f 4265//8 4285//8 4284//8
f 3658//8 4265//8 3701//8
f 4265//8 3820//8 4285//8
f 4286//8 3801//8 3800//8
f 3969//8 4287//8 4286//8
f 4286//8 3803//8 3801//8
f 4287//8 4288//8 4286//8
f 4286//8 3805//8 3803//8
f 4288//8 4289//8 4286//8
f 4286//8 3807//8 3805//8
f 4289//8 4290//8 4286//8
f 4286//8 3809//8 3807//8
f 4290//8 4291//8 4286//8
f 4286//8 3811//8 3809//8
f 4291//8 4292//8 4286//8
f 4286//8 3813//8 3811//8
f 4292//8 4293//8 4286//8
f 4286//8 3815//8 3813//8
f 4293//8 4294//8 4286//8
f 4286//8 3817//8 3815//8
f 4294//8 2912//8 4286//8
f 4286//8 3819//8 3817//8
f 2912//8 2913//8 4286//8
f 3943//8 4286//8 3800//8
f 4286//8 4295//8 3819//8
f 3945//8 4286//8 3943//8
f 4286//8 4296//8 4295//8
f 3947//8 4286//8 3945//8
f 4286//8 4297//8 4296//8
f 3949//8 4286//8 3947//8
f 4286//8 4298//8 4297//8
f 3951//8 4286//8 3949//8
f 4286//8 4299//8 4298//8
f 3953//8 4286//8 3951//8
f 4286//8 4300//8 4299//8
f 3955//8 4286//8 3953//8
f 4286//8 4301//8 4300//8
f 3957//8 4286//8 3955//8
f 4286//8 4302//8 4301//8
f 3959//8 4286//8 3957//8
f 4286//8 4303//8 4302//8
f 3961//8 4286//8 3959//8
f 4286//8 4304//8 4303//8
f 3963//8 4286//8 3961//8
f 4286//8 2889//8 4304//8
f 3965//8 4286//8 3963//8
f 4286//8 2897//8 2889//8
f 3967//8 4286//8 3965//8
f 4286//8 2907//8 2897//8
f 3969//8 4286//8 3967//8
f 4286//8 2913//8 2907//8
f 4305//8 4005//8 4004//8
f 3044//8 4306//8 4305//8
f 4305//8 4006//8 4005//8
f 4306//8 4307//8 4305//8
f 4305//8 4007//8 4006//8
f 4307//8 4308//8 4305//8
f 4305//8 4008//8 4007//8
f 4308//8 4309//8 4305//8
f 4305//8 4009//8 4008//8
f 4309//8 4310//8 4305//8
f 4305//8 4010//8 4009//8
f 4310//8 4311//8 4305//8
f 4305//8 4011//8 4010//8
f 4311//8 4312//8 4305//8
f 4305//8 4012//8 4011//8
f 4312//8 4313//8 4305//8
f 4305//8 4014//8 4012//8
f 4313//8 4314//8 4305//8
f 4305//8 4016//8 4014//8
f 4314//8 4315//8 4305//8
f 4305//8 4018//8 4016//8
f 4315//8 4316//8 4305//8
f 4305//8 4020//8 4018//8
f 4316//8 4317//8 4305//8
f 4305//8 4022//8 4020//8
f 4317//8 4318//8 4305//8
f 4305//8 4023//8 4022//8
f 4318//8 4169//8 4305//8
f 4319//8 4305//8 4004//8
f 4305//8 4151//8 4023//8
f 4320//8 4305//8 4319//8
f 4305//8 4153//8 4151//8
f 4321//8 4305//8 4320//8
f 4305//8 4155//8 4153//8
f 4322//8 4305//8 4321//8
f 4305//8 4157//8 4155//8
f 4323//8 4305//8 4322//8
f 4305//8 4159//8 4157//8
f 4324//8 4305//8 4323//8
f 4305//8 4161//8 4159//8
f 4325//8 4305//8 4324//8
f 4305//8 4163//8 4161//8
f 4326//8 4305//8 4325//8
f 4305//8 4165//8 4163//8
f 4327//8 4305//8 4326//8
f 4305//8 4167//8 4165//8
f 3044//8 4305//8 4327//8
f 4305//8 4169//8 4167//8
f 4328//8 4329//8 2141//8
f 3239//8 3241//8 4328//8
f 4328//8 4330//8 4329//8
f 3241//8 3243//8 4328//8
f 4328//8 4331//8 4330//8
f 3243//8 3245//8 4328//8
f 4328//8 4332//8 4331//8
f 3245//8 3247//8 4328//8
f 4328//8 4333//8 4332//8
f 3247//8 3249//8 4328//8
f 4328//8 4334//8 4333//8
f 3249//8 3251//8 4328//8
f 4328//8 4335//8 4334//8
f 3251//8 3253//8 4328//8
f 4328//8 2143//8 4335//8
f 3253//8 3255//8 4328//8
f 2144//8 4328//8 2141//8
f 4328//8 2146//8 2143//8
f 2147//8 4328//8 2144//8
f 4328//8 4336//8 2146//8
f 4337//8 4328//8 2147//8
f 4328//8 4338//8 4336//8
f 4339//8 4328//8 4337//8
f 4328//8 4340//8 4338//8
f 4341//8 4328//8 4339//8
f 4328//8 4342//8 4340//8
f 4343//8 4328//8 4341//8
f 4328//8 4344//8 4342//8
f 4345//8 4328//8 4343//8
f 4328//8 4346//8 4344//8
f 4347//8 4328//8 4345//8
f 4328//8 4348//8 4346//8
f 4349//8 4328//8 4347//8
f 4328//8 4350//8 4348//8
f 4351//8 4328//8 4349//8
f 4328//8 4352//8 4350//8
f 3239//8 4328//8 4351//8
f 4328//8 3255//8 4352//8
f 4353//8 2247//8 2249//8
f 3440//8 3442//8 4353//8
f 4353//8 4354//8 2247//8
f 3442//8 3444//8 4353//8
f 4353//8 4355//8 4354//8
f 3444//8 3446//8 4353//8
f 4353//8 4356//8 4355//8
f 3446//8 3448//8 4353//8
f 4353//8 4357//8 4356//8
f 3448//8 3450//8 4353//8
f 4353//8 4358//8 4357//8
f 3450//8 3452//8 4353//8
f 4353//8 4359//8 4358//8
f 3452//8 3454//8 4353//8
f 4353//8 3302//8 4359//8
f 3454//8 3233//8 4353//8
f 2250//8 4353//8 2249//8
f 4353//8 3304//8 3302//8
f 4360//8 4353//8 2250//8
f 4353//8 3306//8 3304//8
f 4361//8 4353//8 4360//8
f 4353//8 3308//8 3306//8
f 4362//8 4353//8 4361//8
f 4353//8 3310//8 3308//8
f 4363//8 4353//8 4362//8
f 4353//8 3312//8 3310//8
f 4364//8 4353//8 4363//8
f 4353//8 3314//8 3312//8
f 4365//8 4353//8 4364//8
f 4353//8 3316//8 3314//8
f 4366//8 4353//8 4365//8
f 4353//8 3318//8 3316//8
f 4367//8 4353//8 4366//8
f 4353//8 3320//8 3318//8
f 4368//8 4353//8 4367//8
f 4353//8 3322//8 3320//8
f 3440//8 4353//8 4368//8
f 4353//8 3233//8 3322//8
f 4369//8 4370//8 3365//8
f 3385//8 3501//8 4369//8
f 4369//8 4371//8 4370//8
f 3501//8 3503//8 4369//8
f 4369//8 4372//8 4371//8
f 3503//8 3505//8 4369//8
f 4369//8 4373//8 4372//8
f 3505//8 3507//8 4369//8
f 4369//8 4374//8 4373//8
f 3507//8 3509//8 4369//8
f 4369//8 4375//8 4374//8
f 3509//8 3511//8 4369//8
f 4369//8 4376//8 4375//8
f 3511//8 3513//8 4369//8
f 4369//8 2308//8 4376//8
f 3513//8 3515//8 4369//8
f 3367//8 4369//8 3365//8
f 4369//8 2312//8 2308//8
f 3369//8 4369//8 3367//8
f 4369//8 4377//8 2312//8
f 3371//8 4369//8 3369//8
f 4369//8 4378//8 4377//8
f 3373//8 4369//8 3371//8
f 4369//8 4379//8 4378//8
f 3375//8 4369//8 3373//8
f 4369//8 4380//8 4379//8
f 3377//8 4369//8 3375//8
f 4369//8 4381//8 4380//8
f 3379//8 4369//8 3377//8
f 4369//8 4382//8 4381//8
f 3381//8 4369//8 3379//8
f 4369//8 4383//8 4382//8
f 3383//8 4369//8 3381//8
f 4369//8 4384//8 4383//8
f 3385//8 4369//8 3383//8
f 4369//8 3515//8 4384//8
f 4385//8 2329//8 2332//8
f 3576//8 3578//8 4385//8
f 4385//8 4386//8 2329//8
f 3578//8 3580//8 4385//8
f 4385//8 4387//8 4386//8
f 3580//8 3582//8 4385//8
f 4385//8 4388//8 4387//8
f 3582//8 3584//8 4385//8
f 4385//8 4389//8 4388//8
f 3584//8 3586//8 4385//8
f 4385//8 4390//8 4389//8
f 3586//8 3588//8 4385//8
f 4385//8 4391//8 4390//8
f 3588//8 3589//8 4385//8
f 4385//8 3473//8 4391//8
f 3589//8 3484//8 4385//8
f 2334//8 4385//8 2332//8
f 4385//8 3474//8 3473//8
f 4392//8 4385//8 2334//8
f 4385//8 3475//8 3474//8
f 4393//8 4385//8 4392//8
f 4385//8 3476//8 3475//8
f 4394//8 4385//8 4393//8
f 4385//8 3477//8 3476//8
f 4395//8 4385//8 4394//8
f 4385//8 3478//8 3477//8
f 4396//8 4385//8 4395//8
f 4385//8 3479//8 3478//8
f 4397//8 4385//8 4396//8
f 4385//8 3480//8 3479//8
f 4398//8 4385//8 4397//8
f 4385//8 3481//8 3480//8
f 4399//8 4385//8 4398//8
f 4385//8 3482//8 3481//8
f 4400//8 4385//8 4399//8
f 4385//8 3483//8 3482//8
f 3576//8 4385//8 4400//8
f 4385//8 3484//8 3483//8
f 4401//8 4402//8 3539//8
f 3548//8 3628//8 4401//8
f 4401//8 4403//8 4402//8
f 3628//8 3630//8 4401//8
f 4401//8 4404//8 4403//8
f 3630//8 3632//8 4401//8
f 4401//8 4405//8 4404//8
f 3632//8 3634//8 4401//8
f 4401//8 4406//8 4405//8
f 3634//8 3636//8 4401//8
f 4401//8 4407//8 4406//8
f 3636//8 3638//8 4401//8
f 4401//8 4408//8 4407//8
f 3638//8 3640//8 4401//8
f 4401//8 2377//8 4408//8
f 3640//8 3642//8 4401//8
f 3540//8 4401//8 3539//8
f 4401//8 2381//8 2377//8
f 3541//8 4401//8 3540//8
f 4401//8 4409//8 2381//8
f 3542//8 4401//8 3541//8
f 4401//8 4410//8 4409//8
f 3543//8 4401//8 3542//8
f 4401//8 4411//8 4410//8
f 3544//8 4401//8 3543//8
f 4401//8 4412//8 4411//8
f 3545//8 4401//8 3544//8
f 4401//8 4413//8 4412//8
f 3546//8 4401//8 3545//8
f 4401//8 4414//8 4413//8
f 3547//8 4401//8 3546//8
f 4401//8 4415//8 4414//8
f 3548//8 4401//8 3547//8
f 4401//8 3642//8 4415//8
f 4416//8 2418//8 2421//8
f 3717//8 3719//8 4416//8
f 4416//8 4417//8 2418//8
f 3719//8 3721//8 4416//8
f 4416//8 4418//8 4417//8
f 3721//8 3723//8 4416//8
f 4416//8 4419//8 4418//8
f 3723//8 3725//8 4416//8
f 4416//8 4420//8 4419//8
f 3725//8 3727//8 4416//8
f 4416//8 4421//8 4420//8
f 3727//8 3729//8 4416//8
f 4416//8 4422//8 4421//8
f 3729//8 3731//8 4416//8
f 4416//8 3598//8 4422//8
f 3731//8 3616//8 4416//8
f 2422//8 4416//8 2421//8
f 4416//8 3599//8 3598//8
f 4423//8 4416//8 2422//8
f 4416//8 3600//8 3599//8
f 4424//8 4416//8 4423//8
f 4416//8 3601//8 3600//8
f 4425//8 4416//8 4424//8
f 4416//8 3602//8 3601//8
f 4426//8 4416//8 4425//8
f 4416//8 3603//8 3602//8
f 4427//8 4416//8 4426//8
f 4416//8 3604//8 3603//8
f 4428//8 4416//8 4427//8
f 4416//8 3606//8 3604//8
f 4429//8 4416//8 4428//8
f 4416//8 3608//8 3606//8
f 4430//8 4416//8 4429//8
f 4416//8 3610//8 3608//8
f 4431//8 4416//8 4430//8
f 4416//8 3612//8 3610//8
f 4432//8 4416//8 4431//8
f 4416//8 3614//8 3612//8
f 3717//8 4416//8 4432//8
f 4416//8 3616//8 3614//8
f 4433//8 3563//8 3562//8
f 3764//8 4434//8 4433//8
f 4433//8 3565//8 3563//8
f 4434//8 4435//8 4433//8
f 4433//8 3567//8 3565//8
f 4435//8 4436//8 4433//8
f 4433//8 3569//8 3567//8
f 4436//8 4437//8 4433//8
f 4433//8 3571//8 3569//8
f 4437//8 4438//8 4433//8
f 4433//8 3573//8 3571//8
f 4438//8 4439//8 4433//8
f 4433//8 3575//8 3573//8
f 4439//8 2670//8 4433//8
f 4433//8 3577//8 3575//8
f 2670//8 2671//8 4433//8
f 3738//8 4433//8 3562//8
f 4433//8 4440//8 3577//8
f 3740//8 4433//8 3738//8
f 4433//8 4441//8 4440//8
f 3742//8 4433//8 3740//8
f 4433//8 4442//8 4441//8
f 3744//8 4433//8 3742//8
f 4433//8 4443//8 4442//8
f 3746//8 4433//8 3744//8
f 4433//8 4444//8 4443//8
f 3748//8 4433//8 3746//8
f 4433//8 4445//8 4444//8
f 3750//8 4433//8 3748//8
f 4433//8 4446//8 4445//8
f 3752//8 4433//8 3750//8
f 4433//8 4447//8 4446//8
f 3754//8 4433//8 3752//8
f 4433//8 4448//8 4447//8
f 3756//8 4433//8 3754//8
f 4433//8 4449//8 4448//8
f 3758//8 4433//8 3756//8
f 4433//8 2654//8 4449//8
f 3760//8 4433//8 3758//8
f 4433//8 2660//8 2654//8
f 3762//8 4433//8 3760//8
f 4433//8 2665//8 2660//8
f 3764//8 4433//8 3762//8
f 4433//8 2671//8 2665//8
f 4450//8 3927//8 3926//8
f 4108//8 4451//8 4450//8
f 4450//8 3929//8 3927//8
f 4451//8 4452//8 4450//8
f 4450//8 3931//8 3929//8
f 4452//8 4453//8 4450//8
f 4450//8 3932//8 3931//8
f 4453//8 4454//8 4450//8
f 4450//8 3933//8 3932//8
f 4454//8 4455//8 4450//8
f 4450//8 3934//8 3933//8
f 4455//8 4456//8 4450//8
f 4450//8 3935//8 3934//8
f 4456//8 3067//8 4450//8
f 4450//8 3936//8 3935//8
f 3067//8 3068//8 4450//8
f 4094//8 4450//8 3926//8
f 4450//8 4457//8 3936//8
f 4096//8 4450//8 4094//8
f 4450//8 4458//8 4457//8
f 4098//8 4450//8 4096//8
f 4450//8 4459//8 4458//8
f 4100//8 4450//8 4098//8
f 4450//8 4460//8 4459//8
f 4102//8 4450//8 4100//8
f 4450//8 4461//8 4460//8
f 4104//8 4450//8 4102//8
f 4450//8 4462//8 4461//8
f 4106//8 4450//8 4104//8
f 4450//8 3064//8 4462//8
f 4108//8 4450//8 4106//8
f 4450//8 3068//8 3064//8
f 4463//8 4464//8 3281//8
f 3297//8 4248//8 4463//8
f 4463//8 4465//8 4464//8
f 4248//8 4249//8 4463//8
f 4463//8 4466//8 4465//8
f 4249//8 4250//8 4463//8
f 4463//8 4467//8 4466//8
f 4250//8 4251//8 4463//8
f 4463//8 4468//8 4467//8
f 4251//8 4252//8 4463//8
f 4463//8 2212//8 4468//8
f 4252//8 4253//8 4463//8
f 3283//8 4463//8 3281//8
f 4463//8 2216//8 2212//8
f 3285//8 4463//8 3283//8
f 4463//8 2219//8 2216//8
f 3287//8 4463//8 3285//8
f 4463//8 4469//8 2219//8
f 3289//8 4463//8 3287//8
f 4463//8 4470//8 4469//8
f 3291//8 4463//8 3289//8
f 4463//8 4471//8 4470//8
f 3293//8 4463//8 3291//8
f 4463//8 4472//8 4471//8
f 3295//8 4463//8 3293//8
f 4463//8 4473//8 4472//8
f 3297//8 4463//8 3295//8
f 4463//8 4253//8 4473//8
f 4474//8 3433//8 3432//8
f 3617//8 4475//8 4474//8
f 4474//8 3435//8 3433//8
f 4475//8 4476//8 4474//8
f 4474//8 3437//8 3435//8
f 4476//8 4477//8 4474//8
f 4474//8 3439//8 3437//8
f 4477//8 2528//8 4474//8
f 4474//8 3441//8 3439//8
f 2528//8 2529//8 4474//8
f 4474//8 3443//8 3441//8
f 2529//8 2530//8 4474//8
f 3605//8 4474//8 3432//8
f 4474//8 4478//8 3443//8
f 3607//8 4474//8 3605//8
f 4474//8 4479//8 4478//8
f 3609//8 4474//8 3607//8
f 4474//8 4480//8 4479//8
f 3611//8 4474//8 3609//8
f 4474//8 4481//8 4480//8
f 3613//8 4474//8 3611//8
f 4474//8 4482//8 4481//8
f 3615//8 4474//8 3613//8
f 4474//8 4483//8 4482//8
f 3617//8 4474//8 3615//8
f 4474//8 2530//8 4483//8
f 4484//8 4485//8 3665//8
f 3677//8 4266//8 4484//8
f 4484//8 4486//8 4485//8
f 4266//8 4267//8 4484//8
f 4484//8 4487//8 4486//8
f 4267//8 4268//8 4484//8
f 4484//8 4488//8 4487//8
f 4268//8 4269//8 4484//8
f 4484//8 4489//8 4488//8
f 4269//8 4270//8 4484//8
f 4484//8 2490//8 4489//8
f 4270//8 4271//8 4484//8
f 3666//8 4484//8 3665//8
f 4484//8 2501//8 2490//8
f 3667//8 4484//8 3666//8
f 4484//8 4490//8 2501//8
f 3669//8 4484//8 3667//8
f 4484//8 4491//8 4490//8
f 3671//8 4484//8 3669//8
f 4484//8 4492//8 4491//8
f 3673//8 4484//8 3671//8
f 4484//8 4493//8 4492//8
f 3675//8 4484//8 3673//8
f 4484//8 4494//8 4493//8
f 3677//8 4484//8 3675//8
f 4484//8 4271//8 4494//8
f 4495//8 3518//8 3516//8
f 2563//8 4496//8 4495//8
f 4495//8 3520//8 3518//8
f 4496//8 4497//8 4495//8
f 4495//8 3522//8 3520//8
f 4497//8 4498//8 4495//8
f 4495//8 3524//8 3522//8
f 4498//8 4499//8 4495//8
f 4495//8 3526//8 3524//8
f 4499//8 4500//8 4495//8
f 4495//8 3528//8 3526//8
f 4500//8 4501//8 4495//8
f 4495//8 3530//8 3528//8
f 4501//8 4502//8 4495//8
f 4495//8 3531//8 3530//8
f 4502//8 3680//8 4495//8
f 4503//8 4495//8 3516//8
f 4495//8 3668//8 3531//8
f 4504//8 4495//8 4503//8
f 4495//8 3670//8 3668//8
f 4505//8 4495//8 4504//8
f 4495//8 3672//8 3670//8
f 4506//8 4495//8 4505//8
f 4495//8 3674//8 3672//8
f 4507//8 4495//8 4506//8
f 4495//8 3676//8 3674//8
f 2558//8 4495//8 4507//8
f 4495//8 3678//8 3676//8
f 2563//8 4495//8 2558//8
f 4495//8 3680//8 3678//8
f 4508//8 2669//8 2676//8
f 2739//8 4509//8 4508//8
f 4508//8 4510//8 2669//8
f 4509//8 4511//8 4508//8
f 4508//8 4512//8 4510//8
f 4511//8 3865//8 4508//8
f 4508//8 4513//8 4512//8
f 3865//8 3864//8 4508//8
f 4508//8 4514//8 4513//8
f 3864//8 3867//8 4508//8
f 4508//8 3763//8 4514//8
f 3867//8 3703//8 4508//8
f 2678//8 4508//8 2676//8
f 4508//8 3765//8 3763//8
f 2685//8 4508//8 2678//8
f 4508//8 3767//8 3765//8
f 2692//8 4508//8 2685//8
f 4508//8 3769//8 3767//8
f 2699//8 4508//8 2692//8
f 4508//8 3771//8 3769//8
f 2704//8 4508//8 2699//8
f 4508//8 3773//8 3771//8
f 2709//8 4508//8 2704//8
f 4508//8 3775//8 3773//8
f 2714//8 4508//8 2709//8
f 4508//8 3777//8 3775//8
f 2719//8 4508//8 2714//8
f 4508//8 3779//8 3777//8
f 2724//8 4508//8 2719//8
f 4508//8 3781//8 3779//8
f 2729//8 4508//8 2724//8
f 4508//8 3783//8 3781//8
f 2734//8 4508//8 2729//8
f 4508//8 3785//8 3783//8
f 2739//8 4508//8 2734//8
f 4508//8 3703//8 3785//8
f 4515//8 4434//8 3764//8
f 3733//8 3886//8 4515//8
f 4515//8 4435//8 4434//8
f 3886//8 3888//8 4515//8
f 4515//8 4436//8 4435//8
f 3888//8 3890//8 4515//8
f 4515//8 4437//8 4436//8
f 3890//8 3892//8 4515//8
f 4515//8 4438//8 4437//8
f 3892//8 3894//8 4515//8
f 4515//8 4439//8 4438//8
f 3894//8 2740//8 4515//8
f 3766//8 4515//8 3764//8
f 4515//8 4516//8 4439//8
f 3768//8 4515//8 3766//8
f 4515//8 4517//8 4516//8
f 3770//8 4515//8 3768//8
f 4515//8 2693//8 4517//8
f 3772//8 4515//8 3770//8
f 4515//8 2700//8 2693//8
f 3774//8 4515//8 3772//8
f 4515//8 2705//8 2700//8
f 3776//8 4515//8 3774//8
f 4515//8 2710//8 2705//8
f 3778//8 4515//8 3776//8
f 4515//8 2715//8 2710//8
f 3780//8 4515//8 3778//8
f 4515//8 2720//8 2715//8
f 3782//8 4515//8 3780//8
f 4515//8 2725//8 2720//8
f 3784//8 4515//8 3782//8
f 4515//8 2730//8 2725//8
f 3786//8 4515//8 3784//8
f 4515//8 2735//8 2730//8
f 3733//8 4515//8 3786//8
f 4515//8 2740//8 2735//8
f 4518//8 3869//8 3868//8
f 2886//8 4519//8 4518//8
f 4518//8 3870//8 3869//8
f 4519//8 4520//8 4518//8
f 4518//8 3871//8 3870//8
f 4520//8 4521//8 4518//8
f 4518//8 3872//8 3871//8
f 4521//8 4522//8 4518//8
f 4518//8 3873//8 3872//8
f 4522//8 4523//8 4518//8
f 4518//8 3874//8 3873//8
f 4523//8 4034//8 4518//8
f 4524//8 4518//8 3868//8
f 4518//8 4024//8 3874//8
f 4525//8 4518//8 4524//8
f 4518//8 4026//8 4024//8
f 4526//8 4518//8 4525//8
f 4518//8 4028//8 4026//8
f 2871//8 4518//8 4526//8
f 4518//8 4030//8 4028//8
f 2877//8 4518//8 2871//8
f 4518//8 4032//8 4030//8
f 2886//8 4518//8 2877//8
f 4518//8 4034//8 4032//8
f 4527//8 2884//8 2882//8
f 4069//8 4071//8 4527//8
f 4527//8 2874//8 2884//8
f 4071//8 4073//8 4527//8
f 4527//8 4528//8 2874//8
f 4073//8 4075//8 4527//8
f 4527//8 4529//8 4528//8
f 4075//8 4077//8 4527//8
f 4527//8 4530//8 4529//8
f 4077//8 4079//8 4527//8
f 4527//8 4531//8 4530//8
f 4079//8 4081//8 4527//8
f 4527//8 3958//8 4531//8
f 4081//8 3972//8 4527//8
f 2883//8 4527//8 2882//8
f 4527//8 3960//8 3958//8
f 2888//8 4527//8 2883//8
f 4527//8 3962//8 3960//8
f 4532//8 4527//8 2888//8
f 4527//8 3964//8 3962//8
f 4533//8 4527//8 4532//8
f 4527//8 3966//8 3964//8
f 4534//8 4527//8 4533//8
f 4527//8 3968//8 3966//8
f 4535//8 4527//8 4534//8
f 4527//8 3970//8 3968//8
f 4069//8 4527//8 4535//8
f 4527//8 3972//8 3970//8
f 4536//8 4537//8 4035//8
f 4049//8 4118//8 4536//8
f 4536//8 4538//8 4537//8
f 4118//8 4119//8 4536//8
f 4536//8 4539//8 4538//8
f 4119//8 4121//8 4536//8
f 4536//8 4540//8 4539//8
f 4121//8 4123//8 4536//8
f 4536//8 4541//8 4540//8
f 4123//8 4125//8 4536//8
f 4536//8 2887//8 4541//8
f 4125//8 4127//8 4536//8
f 4037//8 4536//8 4035//8
f 4536//8 2893//8 2887//8
f 4039//8 4536//8 4037//8
f 4536//8 4542//8 2893//8
f 4041//8 4536//8 4039//8
f 4536//8 4543//8 4542//8
f 4043//8 4536//8 4041//8
f 4536//8 4544//8 4543//8
f 4045//8 4536//8 4043//8
f 4536//8 4545//8 4544//8
f 4047//8 4536//8 4045//8
f 4536//8 4546//8 4545//8
f 4049//8 4536//8 4047//8
f 4536//8 4127//8 4546//8
f 4547//8 4287//8 3969//8
f 3983//8 4548//8 4547//8
f 4547//8 4288//8 4287//8
f 4548//8 4549//8 4547//8
f 4547//8 4289//8 4288//8
f 4549//8 4550//8 4547//8
f 4547//8 4290//8 4289//8
f 4550//8 4551//8 4547//8
f 4547//8 4291//8 4290//8
f 4551//8 2993//8 4547//8
f 4547//8 4292//8 4291//8
f 2993//8 2994//8 4547//8
f 3971//8 4547//8 3969//8
f 4547//8 4552//8 4292//8
f 3973//8 4547//8 3971//8
f 4547//8 4553//8 4552//8
f 3975//8 4547//8 3973//8
f 4547//8 4554//8 4553//8
f 3977//8 4547//8 3975//8
f 4547//8 4555//8 4554//8
f 3979//8 4547//8 3977//8
f 4547//8 4556//8 4555//8
f 3981//8 4547//8 3979//8
f 4547//8 2971//8 4556//8
f 3983//8 4547//8 3981//8
f 4547//8 2994//8 2971//8
f 4557//8 4312//8 4311//8
f 3069//8 3070//8 4557//8
f 4557//8 4313//8 4312//8
f 3070//8 4558//8 4557//8
f 4557//8 4314//8 4313//8
f 4558//8 4559//8 4557//8
f 4557//8 4315//8 4314//8
f 4559//8 4560//8 4557//8
f 4557//8 4316//8 4315//8
f 4560//8 4561//8 4557//8
f 4557//8 4317//8 4316//8
f 4561//8 4562//8 4557//8
f 4557//8 4318//8 4317//8
f 4562//8 4563//8 4557//8
f 4557//8 4169//8 4318//8
f 4563//8 4181//8 4557//8
f 4564//8 4557//8 4311//8
f 4557//8 4171//8 4169//8
f 4565//8 4557//8 4564//8
f 4557//8 4173//8 4171//8
f 4566//8 4557//8 4565//8
f 4557//8 4175//8 4173//8
f 4567//8 4557//8 4566//8
f 4557//8 4177//8 4175//8
f 4568//8 4557//8 4567//8
f 4557//8 4179//8 4177//8
f 3069//8 4557//8 4568//8
f 4557//8 4181//8 4179//8
f 4569//8 2129//8 2127//8
f 4329//8 4330//8 4569//8
f 4569//8 2130//8 2129//8
f 4330//8 4331//8 4569//8
f 4569//8 2131//8 2130//8
f 4331//8 4332//8 4569//8
f 4569//8 2132//8 2131//8
f 4332//8 4333//8 4569//8
f 2128//8 4569//8 2127//8
f 4569//8 4570//8 2132//8
f 2134//8 4569//8 2128//8
f 4569//8 4571//8 4570//8
f 2136//8 4569//8 2134//8
f 4569//8 4572//8 4571//8
f 4573//8 4569//8 2136//8
f 4569//8 4574//8 4572//8
f 4329//8 4569//8 4573//8
f 4569//8 4333//8 4574//8
f 4575//8 2210//8 2213//8
f 4356//8 4357//8 4575//8
f 4575//8 4576//8 2210//8
f 4357//8 4358//8 4575//8
f 4575//8 4577//8 4576//8
f 4358//8 4359//8 4575//8
f 4575//8 3280//8 4577//8
f 4359//8 3302//8 4575//8
f 2214//8 4575//8 2213//8
f 4575//8 3282//8 3280//8
f 2217//8 4575//8 2214//8
f 4575//8 3284//8 3282//8
f 2220//8 4575//8 2217//8
f 4575//8 3286//8 3284//8
f 4578//8 4575//8 2220//8
f 4575//8 3288//8 3286//8
f 4579//8 4575//8 4578//8
f 4575//8 3290//8 3288//8
f 4580//8 4575//8 4579//8
f 4575//8 3292//8 3290//8
f 4581//8 4575//8 4580//8
f 4575//8 3294//8 3292//8
f 4582//8 4575//8 4581//8
f 4575//8 3296//8 3294//8
f 4583//8 4575//8 4582//8
f 4575//8 3298//8 3296//8
f 4584//8 4575//8 4583//8
f 4575//8 3300//8 3298//8
f 4356//8 4575//8 4584//8
f 4575//8 3302//8 3300//8
f 4585//8 4586//8 4261//8
f 3338//8 3340//8 4585//8
f 4585//8 4587//8 4586//8
f 3340//8 3342//8 4585//8
f 4585//8 4588//8 4587//8
f 3342//8 3344//8 4585//8
f 4585//8 2259//8 4588//8
f 3344//8 3346//8 4585//8
f 4262//8 4585//8 4261//8
f 4585//8 2262//8 2259//8
f 4263//8 4585//8 4262//8
f 4585//8 4589//8 2262//8
f 4264//8 4585//8 4263//8
f 4585//8 4590//8 4589//8
f 3338//8 4585//8 4264//8
f 4585//8 3346//8 4590//8
f 4591//8 4592//8 3355//8
f 3365//8 4370//8 4591//8
f 4591//8 4593//8 4592//8
f 4370//8 4371//8 4591//8
f 4591//8 4594//8 4593//8
f 4371//8 4372//8 4591//8
f 4591//8 2289//8 4594//8
f 4372//8 4373//8 4591//8
f 3357//8 4591//8 3355//8
f 4591//8 4595//8 2289//8
f 3359//8 4591//8 3357//8
f 4591//8 4596//8 4595//8
f 3361//8 4591//8 3359//8
f 4591//8 4597//8 4596//8
f 3363//8 4591//8 3361//8
f 4591//8 4598//8 4597//8
f 3365//8 4591//8 3363//8
f 4591//8 4373//8 4598//8
f 4599//8 2301//8 2304//8
f 4388//8 4389//8 4599//8
f 4599//8 4600//8 2301//8
f 4389//8 4390//8 4599//8
f 4599//8 4601//8 4600//8
f 4390//8 4391//8 4599//8
f 4599//8 3466//8 4601//8
f 4391//8 3473//8 4599//8
f 2306//8 4599//8 2304//8
f 4599//8 3467//8 3466//8
f 2310//8 4599//8 2306//8
f 4599//8 3468//8 3467//8
f 4602//8 4599//8 2310//8
f 4599//8 3469//8 3468//8
f 4603//8 4599//8 4602//8
f 4599//8 3470//8 3469//8
f 4604//8 4599//8 4603//8
f 4599//8 3471//8 3470//8
f 4605//8 4599//8 4604//8
f 4599//8 3472//8 3471//8
f 4388//8 4599//8 4605//8
f 4599//8 3473//8 3472//8
f 4606//8 4607//8 4380//8
f 3515//8 3517//8 4606//8
f 4606//8 4608//8 4607//8
f 3517//8 3519//8 4606//8
f 4606//8 2328//8 4608//8
f 3519//8 3521//8 4606//8
f 4606//8 2330//8 2328//8
f 3521//8 3523//8 4606//8
f 4381//8 4606//8 4380//8
f 4606//8 4609//8 2330//8
f 4382//8 4606//8 4381//8
f 4606//8 4610//8 4609//8
f 4383//8 4606//8 4382//8
f 4606//8 4611//8 4610//8
f 4384//8 4606//8 4383//8
f 4606//8 4612//8 4611//8
f 3515//8 4606//8 4384//8
f 4606//8 3523//8 4612//8
f 4613//8 2345//8 2349//8
f 3568//8 3570//8 4613//8
f 4613//8 4614//8 2345//8
f 3570//8 3572//8 4613//8
f 4613//8 4615//8 4614//8
f 3572//8 3574//8 4613//8
f 4613//8 4395//8 4615//8
f 3574//8 3576//8 4613//8
f 2351//8 4613//8 2349//8
f 4613//8 4396//8 4395//8
f 2354//8 4613//8 2351//8
f 4613//8 4397//8 4396//8
f 4616//8 4613//8 2354//8
f 4613//8 4398//8 4397//8
f 4617//8 4613//8 4616//8
f 4613//8 4399//8 4398//8
f 4618//8 4613//8 4617//8
f 4613//8 4400//8 4399//8
f 3568//8 4613//8 4618//8
f 4613//8 3576//8 4400//8
f 4619//8 4620//8 3535//8
f 3539//8 4402//8 4619//8
f 4619//8 4621//8 4620//8
f 4402//8 4403//8 4619//8
f 4619//8 4622//8 4621//8
f 4403//8 4404//8 4619//8
f 4619//8 2359//8 4622//8
f 4404//8 4405//8 4619//8
f 3536//8 4619//8 3535//8
f 4619//8 4623//8 2359//8
f 3537//8 4619//8 3536//8
f 4619//8 4624//8 4623//8
f 3538//8 4619//8 3537//8
f 4619//8 4625//8 4624//8
f 3539//8 4619//8 3538//8
f 4619//8 4405//8 4625//8
f 4626//8 2393//8 2395//8
f 4419//8 4420//8 4626//8
f 4626//8 4627//8 2393//8
f 4420//8 4421//8 4626//8
f 4626//8 4628//8 4627//8
f 4421//8 4422//8 4626//8
f 4626//8 3592//8 4628//8
f 4422//8 3598//8 4626//8
f 2396//8 4626//8 2395//8
f 4626//8 3593//8 3592//8
f 4629//8 4626//8 2396//8
f 4626//8 3594//8 3593//8
f 4630//8 4626//8 4629//8
f 4626//8 3595//8 3594//8
f 4631//8 4626//8 4630//8
f 4626//8 3596//8 3595//8
f 4632//8 4626//8 4631//8
f 4626//8 3597//8 3596//8
f 4419//8 4626//8 4632//8
f 4626//8 3598//8 3597//8
f 4633//8 4634//8 4412//8
f 3642//8 3644//8 4633//8
f 4633//8 4635//8 4634//8
f 3644//8 3646//8 4633//8
f 4633//8 4636//8 4635//8
f 3646//8 3648//8 4633//8
f 4633//8 2400//8 4636//8
f 3648//8 3650//8 4633//8
f 4413//8 4633//8 4412//8
f 4633//8 4637//8 2400//8
f 4414//8 4633//8 4413//8
f 4633//8 4638//8 4637//8
f 4415//8 4633//8 4414//8
f 4633//8 4639//8 4638//8
f 3642//8 4633//8 4415//8
f 4633//8 3650//8 4639//8
f 4640//8 3445//8 3443//8
f 4481//8 4641//8 4640//8
f 4640//8 3447//8 3445//8
f 4641//8 2504//8 4640//8
f 4640//8 3449//8 3447//8
f 2504//8 2505//8 4640//8
f 4640//8 3451//8 3449//8
f 2505//8 2506//8 4640//8
f 4478//8 4640//8 3443//8
f 4640//8 4642//8 3451//8
f 4479//8 4640//8 4478//8
f 4640//8 4643//8 4642//8
f 4480//8 4640//8 4479//8
f 4640//8 4644//8 4643//8
f 4481//8 4640//8 4480//8
f 4640//8 2506//8 4644//8
f 4645//8 2468//8 2485//8
f 3709//8 3711//8 4645//8
f 4645//8 4646//8 2468//8
f 3711//8 3713//8 4645//8
f 4645//8 4647//8 4646//8
f 3713//8 3715//8 4645//8
f 4645//8 4427//8 4647//8
f 3715//8 3717//8 4645//8
f 2487//8 4645//8 2485//8
f 4645//8 4428//8 4427//8
f 4648//8 4645//8 2487//8
f 4645//8 4429//8 4428//8
f 4649//8 4645//8 4648//8
f 4645//8 4430//8 4429//8
f 4650//8 4645//8 4649//8
f 4645//8 4431//8 4430//8
f 4651//8 4645//8 4650//8
f 4645//8 4432//8 4431//8
f 3709//8 4645//8 4651//8
f 4645//8 3717//8 4432//8
f 4652//8 4500//8 4499//8
f 2601//8 4653//8 4652//8
f 4652//8 4501//8 4500//8
f 4653//8 4654//8 4652//8
f 4652//8 4502//8 4501//8
f 4654//8 4655//8 4652//8
f 4652//8 3680//8 4502//8
f 4655//8 3688//8 4652//8
f 4656//8 4652//8 4499//8
f 4652//8 3682//8 3680//8
f 4657//8 4652//8 4656//8
f 4652//8 3684//8 3682//8
f 4658//8 4652//8 4657//8
f 4652//8 3686//8 3684//8
f 2601//8 4652//8 4658//8
f 4652//8 3688//8 3686//8
f 4659//8 3579//8 3577//8
f 4444//8 4660//8 4659//8
f 4659//8 3581//8 3579//8
f 4660//8 4661//8 4659//8
f 4659//8 3583//8 3581//8
f 4661//8 2615//8 4659//8
f 4659//8 3585//8 3583//8
f 2615//8 2616//8 4659//8
f 4440//8 4659//8 3577//8
f 4659//8 4662//8 3585//8
f 4441//8 4659//8 4440//8
f 4659//8 4663//8 4662//8
f 4442//8 4659//8 4441//8
f 4659//8 2604//8 4663//8
f 4443//8 4659//8 4442//8
f 4659//8 2609//8 2604//8
f 4444//8 4659//8 4443//8
f 4659//8 2616//8 2609//8
f 4664//8 2612//8 2621//8
f 4510//8 4512//8 4664//8
f 4664//8 4665//8 2612//8
f 4512//8 4513//8 4664//8
f 4664//8 4666//8 4665//8
f 4513//8 4514//8 4664//8
f 4664//8 3745//8 4666//8
f 4514//8 3763//8 4664//8
f 2622//8 4664//8 2621//8
f 4664//8 3747//8 3745//8
f 2629//8 4664//8 2622//8
f 4664//8 3749//8 3747//8
f 2636//8 4664//8 2629//8
f 4664//8 3751//8 3749//8
f 2643//8 4664//8 2636//8
f 4664//8 3753//8 3751//8
f 4667//8 4664//8 2643//8
f 4664//8 3755//8 3753//8
f 4668//8 4664//8 4667//8
f 4664//8 3757//8 3755//8
f 4669//8 4664//8 4668//8
f 4664//8 3759//8 3757//8
f 4670//8 4664//8 4669//8
f 4664//8 3761//8 3759//8
f 4510//8 4664//8 4670//8
f 4664//8 3763//8 3761//8
f 4671//8 4672//8 3920//8
f 3896//8 4013//8 4671//8
f 4671//8 4673//8 4672//8
f 4013//8 4015//8 4671//8
f 4671//8 4674//8 4673//8
f 4015//8 4017//8 4671//8
f 4671//8 2818//8 4674//8
f 4017//8 4019//8 4671//8
f 3922//8 4671//8 3920//8
f 4671//8 4675//8 2818//8
f 3923//8 4671//8 3922//8
f 4671//8 4676//8 4675//8
f 3924//8 4671//8 3923//8
f 4671//8 4677//8 4676//8
f 3896//8 4671//8 3924//8
f 4671//8 4019//8 4677//8
f 4678//8 4679//8 4543//8
f 4127//8 4129//8 4678//8
f 4678//8 4680//8 4679//8
f 4129//8 4131//8 4678//8
f 4678//8 2909//8 4680//8
f 4131//8 4133//8 4678//8
f 4678//8 2918//8 2909//8
f 4133//8 4135//8 4678//8
f 4544//8 4678//8 4543//8
f 4678//8 4681//8 2918//8
f 4545//8 4678//8 4544//8
f 4678//8 4682//8 4681//8
f 4546//8 4678//8 4545//8
f 4678//8 4683//8 4682//8
f 4127//8 4678//8 4546//8
f 4678//8 4135//8 4683//8
f 4684//8 3999//8 3998//8
f 3018//8 4685//8 4684//8
f 4684//8 4000//8 3999//8
f 4685//8 4686//8 4684//8
f 4684//8 4001//8 4000//8
f 4686//8 4687//8 4684//8
f 4684//8 4002//8 4001//8
f 4687//8 4688//8 4684//8
f 4684//8 4003//8 4002//8
f 4688//8 4689//8 4684//8
f 4684//8 4004//8 4003//8
f 4689//8 4322//8 4684//8
f 4690//8 4684//8 3998//8
f 4684//8 4319//8 4004//8
f 4691//8 4684//8 4690//8
f 4684//8 4320//8 4319//8
f 4692//8 4684//8 4691//8
f 4684//8 4321//8 4320//8
f 3018//8 4684//8 4692//8
f 4684//8 4322//8 4321//8
f 4693//8 3937//8 3936//8
f 4460//8 4694//8 4693//8
f 4693//8 3938//8 3937//8
f 4694//8 4695//8 4693//8
f 4693//8 3939//8 3938//8
f 4695//8 3051//8 4693//8
f 4693//8 3940//8 3939//8
f 3051//8 3052//8 4693//8
f 4457//8 4693//8 3936//8
f 4693//8 4696//8 3940//8
f 4458//8 4693//8 4457//8
f 4693//8 4697//8 4696//8
f 4459//8 4693//8 4458//8
f 4693//8 3046//8 4697//8
f 4460//8 4693//8 4459//8
f 4693//8 3052//8 3046//8
f 4698//8 4056//8 4055//8
f 4246//8 4699//8 4698//8
f 4698//8 4057//8 4056//8
f 4699//8 4700//8 4698//8
f 4698//8 4058//8 4057//8
f 4700//8 3132//8 4698//8
f 4698//8 4060//8 4058//8
f 3132//8 3133//8 4698//8
f 4238//8 4698//8 4055//8
f 4698//8 4701//8 4060//8
f 4240//8 4698//8 4238//8
f 4698//8 4702//8 4701//8
f 4242//8 4698//8 4240//8
f 4698//8 4703//8 4702//8
f 4244//8 4698//8 4242//8
f 4698//8 4704//8 4703//8
f 4246//8 4698//8 4244//8
f 4698//8 3133//8 4704//8
f 4705//8 4062//8 4060//8
f 4704//8 4706//8 4705//8
f 4705//8 4064//8 4062//8
f 4706//8 3125//8 4705//8
f 4705//8 4066//8 4064//8
f 3125//8 3126//8 4705//8
f 4705//8 4068//8 4066//8
f 3126//8 3127//8 4705//8
f 4701//8 4705//8 4060//8
f 4705//8 4707//8 4068//8
f 4702//8 4705//8 4701//8
f 4705//8 4708//8 4707//8
f 4703//8 4705//8 4702//8
f 4705//8 3115//8 4708//8
f 4704//8 4705//8 4703//8
f 4705//8 3127//8 3115//8
f 4709//8 4134//8 4132//8
f 3128//8 3129//8 4709//8
f 4709//8 4136//8 4134//8
f 3129//8 3130//8 4709//8
f 4709//8 4138//8 4136//8
f 3130//8 4710//8 4709//8
f 4709//8 4140//8 4138//8
f 4710//8 4711//8 4709//8
f 4709//8 4142//8 4140//8
f 4711//8 4712//8 4709//8
f 4709//8 4144//8 4142//8
f 4712//8 4713//8 4709//8
f 4709//8 4145//8 4144//8
f 4713//8 4714//8 4709//8
f 4709//8 4146//8 4145//8
f 4714//8 4715//8 4709//8
f 4709//8 4147//8 4146//8
f 4715//8 4245//8 4709//8
f 4716//8 4709//8 4132//8
f 4709//8 4239//8 4147//8
f 4717//8 4709//8 4716//8
f 4709//8 4241//8 4239//8
f 4718//8 4709//8 4717//8
f 4709//8 4243//8 4241//8
f 3128//8 4709//8 4718//8
f 4709//8 4245//8 4243//8
f 4719//8 4720//8 4344//8
f 3255//8 3257//8 4719//8
f 4719//8 4721//8 4720//8
f 3257//8 3259//8 4719//8
f 4719//8 2163//8 4721//8
f 3259//8 3261//8 4719//8
f 4346//8 4719//8 4344//8
f 4719//8 2166//8 2163//8
f 4348//8 4719//8 4346//8
f 4719//8 2169//8 2166//8
f 4350//8 4719//8 4348//8
f 4719//8 4722//8 2169//8
f 4352//8 4719//8 4350//8
f 4719//8 4723//8 4722//8
f 3255//8 4719//8 4352//8
f 4719//8 3261//8 4723//8
f 4724//8 2168//8 2170//8
f 2175//8 3235//8 4724//8
f 4724//8 4725//8 2168//8
f 3235//8 3237//8 4724//8
f 4724//8 4347//8 4725//8
f 3237//8 3239//8 4724//8
f 2171//8 4724//8 2170//8
f 4724//8 4349//8 4347//8
f 2173//8 4724//8 2171//8
f 4724//8 4351//8 4349//8
f 2175//8 4724//8 2173//8
f 4724//8 3239//8 4351//8
f 4726//8 4727//8 3269//8
f 3281//8 4464//8 4726//8
f 4726//8 4728//8 4727//8
f 4464//8 4465//8 4726//8
f 4726//8 2191//8 4728//8
f 4465//8 4466//8 4726//8
f 3271//8 4726//8 3269//8
f 4726//8 2195//8 2191//8
f 3273//8 4726//8 3271//8
f 4726//8 2199//8 2195//8
f 3275//8 4726//8 3273//8
f 4726//8 2202//8 2199//8
f 3277//8 4726//8 3275//8
f 4726//8 4729//8 2202//8
f 3279//8 4726//8 3277//8
f 4726//8 4730//8 4729//8
f 3281//8 4726//8 3279//8
f 4726//8 4466//8 4730//8
f 4731//8 2238//8 2241//8
f 2247//8 4354//8 4731//8
f 4731//8 4732//8 2238//8
f 4354//8 4355//8 4731//8
f 4731//8 4582//8 4732//8
f 4355//8 4356//8 4731//8
f 2242//8 4731//8 2241//8
f 4731//8 4583//8 4582//8
f 2245//8 4731//8 2242//8
f 4731//8 4584//8 4583//8
f 2247//8 4731//8 2245//8
f 4731//8 4356//8 4584//8
f 4733//8 2265//8 2267//8
f 3434//8 3436//8 4733//8
f 4733//8 4734//8 2265//8
f 3436//8 3438//8 4733//8
f 4733//8 4364//8 4734//8
f 3438//8 3440//8 4733//8
f 2269//8 4733//8 2267//8
f 4733//8 4365//8 4364//8
f 2272//8 4733//8 2269//8
f 4733//8 4366//8 4365//8
f 4735//8 4733//8 2272//8
f 4733//8 4367//8 4366//8
f 4736//8 4733//8 4735//8
f 4733//8 4368//8 4367//8
f 3434//8 4733//8 4736//8
f 4733//8 3440//8 4368//8
f 4737//8 2434//8 2432//8
f 2468//8 4646//8 4737//8
f 4737//8 2430//8 2434//8
f 4646//8 4647//8 4737//8
f 4737//8 4424//8 2430//8
f 4647//8 4427//8 4737//8
f 2433//8 4737//8 2432//8
f 4737//8 4425//8 4424//8
f 2437//8 4737//8 2433//8
f 4737//8 4426//8 4425//8
f 2468//8 4737//8 2437//8
f 4737//8 4427//8 4426//8
f 4738//8 4739//8 3661//8
f 3665//8 4485//8 4738//8
f 4738//8 2431//8 4739//8
f 4485//8 4486//8 4738//8
f 4738//8 2435//8 2431//8
f 4486//8 4487//8 4738//8
f 3662//8 4738//8 3661//8
f 4738//8 4740//8 2435//8
f 3663//8 4738//8 3662//8
f 4738//8 4741//8 4740//8
f 3664//8 4738//8 3663//8
f 4738//8 4742//8 4741//8
f 3665//8 4738//8 3664//8
f 4738//8 4487//8 4742//8
f 4743//8 3453//8 3451//8
f 4644//8 2493//8 4743//8
f 4743//8 3455//8 3453//8
f 2493//8 2494//8 4743//8
f 4743//8 3456//8 3455//8
f 2494//8 2495//8 4743//8
f 4642//8 4743//8 3451//8
f 4743//8 4744//8 3456//8
f 4643//8 4743//8 4642//8
f 4743//8 4745//8 4744//8
f 4644//8 4743//8 4643//8
f 4743//8 2495//8 4745//8
f 4746//8 3347//8 3345//8
f 2497//8 4747//8 4746//8
f 4746//8 3348//8 3347//8
f 4747//8 4748//8 4746//8
f 4746//8 3349//8 3348//8
f 4748//8 3559//8 4746//8
f 4749//8 4746//8 3345//8
f 4746//8 3555//8 3349//8
f 4750//8 4746//8 4749//8
f 4746//8 3557//8 3555//8
f 2497//8 4746//8 4750//8
f 4746//8 3559//8 3557//8
f 4751//8 3508//8 3506//8
f 2532//8 2533//8 4751//8
f 4751//8 3510//8 3508//8
f 2533//8 2534//8 4751//8
f 4751//8 3512//8 3510//8
f 2534//8 4752//8 4751//8
f 4751//8 3514//8 3512//8
f 4752//8 4753//8 4751//8
f 4751//8 3516//8 3514//8
f 4753//8 4505//8 4751//8
f 4754//8 4751//8 3506//8
f 4751//8 4503//8 3516//8
f 4755//8 4751//8 4754//8
f 4751//8 4504//8 4503//8
f 2532//8 4751//8 4755//8
f 4751//8 4505//8 4504//8
f 4756//8 4475//8 3617//8
f 3623//8 2555//8 4756//8
f 4756//8 4476//8 4475//8
f 2555//8 2556//8 4756//8
f 4756//8 4477//8 4476//8
f 2556//8 2557//8 4756//8
f 3619//8 4756//8 3617//8
f 4756//8 4757//8 4477//8
f 3621//8 4756//8 3619//8
f 4756//8 2547//8 4757//8
f 3623//8 4756//8 3621//8
f 4756//8 2557//8 2547//8
f 4758//8 2591//8 2597//8
f 2612//8 4665//8 4758//8
f 4758//8 4759//8 2591//8
f 4665//8 4666//8 4758//8
f 4758//8 3737//8 4759//8
f 4666//8 3745//8 4758//8
f 2598//8 4758//8 2597//8
f 4758//8 3739//8 3737//8
f 2603//8 4758//8 2598//8
f 4758//8 3741//8 3739//8
f 2608//8 4758//8 2603//8
f 4758//8 3743//8 3741//8
f 2612//8 4758//8 2608//8
f 4758//8 3745//8 3743//8
f 4760//8 4761//8 4281//8
f 3820//8 3822//8 4760//8
f 4760//8 4762//8 4761//8
f 3822//8 3824//8 4760//8
f 4760//8 2611//8 4762//8
f 3824//8 3826//8 4760//8
f 4282//8 4760//8 4281//8
f 4760//8 2620//8 2611//8
f 4283//8 4760//8 4282//8
f 4760//8 2628//8 2620//8
f 4284//8 4760//8 4283//8
f 4760//8 4763//8 2628//8
f 4285//8 4760//8 4284//8
f 4760//8 4764//8 4763//8
f 3820//8 4760//8 4285//8
f 4760//8 3826//8 4764//8
f 4765//8 4509//8 2739//8
f 2774//8 4766//8 4765//8
f 4765//8 4511//8 4509//8
f 4766//8 4767//8 4765//8
f 4765//8 3865//8 4511//8
f 4767//8 3903//8 4765//8
f 2744//8 4765//8 2739//8
f 4765//8 3897//8 3865//8
f 2749//8 4765//8 2744//8
f 4765//8 3898//8 3897//8
f 2754//8 4765//8 2749//8
f 4765//8 3899//8 3898//8
f 2759//8 4765//8 2754//8
f 4765//8 3900//8 3899//8
f 2765//8 4765//8 2759//8
f 4765//8 3901//8 3900//8
f 2774//8 4765//8 2765//8
f 4765//8 3903//8 3901//8
f 4768//8 2800//8 2804//8
f 2814//8 3928//8 4768//8
f 4768//8 4769//8 2800//8
f 3928//8 3930//8 4768//8
f 4768//8 3860//8 4769//8
f 3930//8 3788//8 4768//8
f 2806//8 4768//8 2804//8
f 4768//8 3861//8 3860//8
f 2810//8 4768//8 2806//8
f 4768//8 3862//8 3861//8
f 2814//8 4768//8 2810//8
f 4768//8 3788//8 3862//8
f 4770//8 4771//8 3914//8
f 3920//8 4672//8 4770//8
f 4770//8 4772//8 4771//8
f 4672//8 4673//8 4770//8
f 4770//8 2803//8 4772//8
f 4673//8 4674//8 4770//8
f 3916//8 4770//8 3914//8
f 4770//8 2809//8 2803//8
f 3918//8 4770//8 3916//8
f 4770//8 2813//8 2809//8
f 3920//8 4770//8 3918//8
f 4770//8 4674//8 2813//8
f 4773//8 3821//8 3819//8
f 4297//8 4774//8 4773//8
f 4773//8 3823//8 3821//8
f 4774//8 4775//8 4773//8
f 4773//8 3825//8 3823//8
f 4775//8 2834//8 4773//8
f 4773//8 2815//8 3825//8
f 2834//8 2835//8 4773//8
f 4295//8 4773//8 3819//8
f 4773//8 2822//8 2815//8
f 4296//8 4773//8 4295//8
f 4773//8 2828//8 2822//8
f 4297//8 4773//8 4296//8
f 4773//8 2835//8 2828//8
f 4776//8 4774//8 4297//8
f 4300//8 4777//8 4776//8
f 4776//8 4775//8 4774//8
f 4777//8 2854//8 4776//8
f 4776//8 2834//8 4775//8
f 2854//8 2855//8 4776//8
f 4298//8 4776//8 4297//8
f 4776//8 2842//8 2834//8
f 4299//8 4776//8 4298//8
f 4776//8 2848//8 2842//8
f 4300//8 4776//8 4299//8
f 4776//8 2855//8 2848//8
f 4778//8 2841//8 2846//8
f 4529//8 4530//8 4778//8
f 4778//8 4779//8 2841//8
f 4530//8 4531//8 4778//8
f 4778//8 3948//8 4779//8
f 4531//8 3958//8 4778//8
f 2847//8 4778//8 2846//8
f 4778//8 3950//8 3948//8
f 2852//8 4778//8 2847//8
f 4778//8 3952//8 3950//8
f 4780//8 4778//8 2852//8
f 4778//8 3954//8 3952//8
f 4781//8 4778//8 4780//8
f 4778//8 3956//8 3954//8
f 4529//8 4778//8 4781//8
f 4778//8 3958//8 3956//8
f 4782//8 4783//8 4029//8
f 4035//8 4537//8 4782//8
f 4782//8 4784//8 4783//8
f 4537//8 4538//8 4782//8
f 4782//8 2866//8 4784//8
f 4538//8 4539//8 4782//8
f 4031//8 4782//8 4029//8
f 4782//8 2872//8 2866//8
f 4033//8 4782//8 4031//8
f 4782//8 4785//8 2872//8
f 4035//8 4782//8 4033//8
f 4782//8 4539//8 4785//8
f 4786//8 4521//8 4520//8
f 2908//8 4787//8 4786//8
f 4786//8 4522//8 4521//8
f 4787//8 4788//8 4786//8
f 4786//8 4523//8 4522//8
f 4788//8 4789//8 4786//8
f 4786//8 4034//8 4523//8
f 4789//8 4040//8 4786//8
f 4790//8 4786//8 4520//8
f 4786//8 4036//8 4034//8
f 4791//8 4786//8 4790//8
f 4786//8 4038//8 4036//8
f 2908//8 4786//8 4791//8
f 4786//8 4040//8 4038//8
f 4792//8 2895//8 2904//8
f 4063//8 4065//8 4792//8
f 4792//8 4793//8 2895//8
f 4065//8 4067//8 4792//8
f 4792//8 4532//8 4793//8
f 4067//8 4069//8 4792//8
f 2906//8 4792//8 2904//8
f 4792//8 4533//8 4532//8
f 2911//8 4792//8 2906//8
f 4792//8 4534//8 4533//8
f 4794//8 4792//8 2911//8
f 4792//8 4535//8 4534//8
f 4063//8 4792//8 4794//8
f 4792//8 4069//8 4535//8
f 4795//8 4788//8 4787//8
f 2933//8 4796//8 4795//8
f 4795//8 4789//8 4788//8
f 4796//8 4797//8 4795//8
f 4795//8 4040//8 4789//8
f 4797//8 4046//8 4795//8
f 2914//8 4795//8 4787//8
f 4795//8 4042//8 4040//8
f 2926//8 4795//8 2914//8
f 4795//8 4044//8 4042//8
f 2933//8 4795//8 2926//8
f 4795//8 4046//8 4044//8
f 4798//8 2960//8 2958//8
f 4231//8 4233//8 4798//8
f 4798//8 2961//8 2960//8
f 4233//8 4235//8 4798//8
f 4798//8 2947//8 2961//8
f 4235//8 4237//8 4798//8
f 4798//8 4082//8 2947//8
f 4237//8 4085//8 4798//8
f 2959//8 4798//8 2958//8
f 4798//8 4083//8 4082//8
f 4799//8 4798//8 2959//8
f 4798//8 4084//8 4083//8
f 4231//8 4798//8 4799//8
f 4798//8 4085//8 4084//8
f 4800//8 4548//8 3983//8
f 3991//8 4801//8 4800//8
f 4800//8 4549//8 4548//8
f 4801//8 3021//8 4800//8
f 4800//8 4550//8 4549//8
f 3021//8 3022//8 4800//8
f 3985//8 4800//8 3983//8
f 4800//8 4802//8 4550//8
f 3987//8 4800//8 3985//8
f 4800//8 4803//8 4802//8
f 3989//8 4800//8 3987//8
f 4800//8 3016//8 4803//8
f 3991//8 4800//8 3989//8
f 4800//8 3022//8 3016//8
f 4804//8 4688//8 4687//8
f 3031//8 4805//8 4804//8
f 4804//8 4689//8 4688//8
f 4805//8 4806//8 4804//8
f 4804//8 4322//8 4689//8
f 4806//8 4325//8 4804//8
f 4807//8 4804//8 4687//8
f 4804//8 4323//8 4322//8
f 4808//8 4804//8 4807//8
f 4804//8 4324//8 4323//8
f 3031//8 4804//8 4808//8
f 4804//8 4325//8 4324//8
f 4809//8 4309//8 4308//8
f 3058//8 4810//8 4809//8
f 4809//8 4310//8 4309//8
f 4810//8 4811//8 4809//8
f 4809//8 4311//8 4310//8
f 4811//8 4566//8 4809//8
f 4812//8 4809//8 4308//8
f 4809//8 4564//8 4311//8
f 4813//8 4809//8 4812//8
f 4809//8 4565//8 4564//8
f 3058//8 4809//8 4813//8
f 4809//8 4566//8 4565//8
f 4814//8 4451//8 4108//8
f 4114//8 4815//8 4814//8
f 4814//8 4452//8 4451//8
f 4815//8 3085//8 4814//8
f 4814//8 4453//8 4452//8
f 3085//8 3086//8 4814//8
f 4110//8 4814//8 4108//8
f 4814//8 4816//8 4453//8
f 4112//8 4814//8 4110//8
f 4814//8 4817//8 4816//8
f 4114//8 4814//8 4112//8
f 4814//8 3086//8 4817//8
f 4818//8 4562//8 4561//8
f 3088//8 4819//8 4818//8
f 4818//8 4563//8 4562//8
f 4819//8 4820//8 4818//8
f 4818//8 4181//8 4563//8
f 4820//8 4187//8 4818//8
f 4821//8 4818//8 4561//8
f 4818//8 4183//8 4181//8
f 4822//8 4818//8 4821//8
f 4818//8 4185//8 4183//8
f 3088//8 4818//8 4822//8
f 4818//8 4187//8 4185//8
f 4823//8 4070//8 4068//8
f 3115//8 3116//8 4823//8
f 4823//8 4072//8 4070//8
f 3116//8 3117//8 4823//8
f 4823//8 4074//8 4072//8
f 3117//8 3118//8 4823//8
f 4707//8 4823//8 4068//8
f 4823//8 4824//8 4074//8
f 4708//8 4823//8 4707//8
f 4823//8 3111//8 4824//8
f 3115//8 4823//8 4708//8
f 4823//8 3118//8 3111//8
f 4825//8 2154//8 2156//8
f 2168//8 4725//8 4825//8
f 4825//8 4339//8 2154//8
f 4725//8 4347//8 4825//8
f 2158//8 4825//8 2156//8
f 4825//8 4341//8 4339//8
f 2162//8 4825//8 2158//8
f 4825//8 4343//8 4341//8
f 2165//8 4825//8 2162//8
f 4825//8 4345//8 4343//8
f 2168//8 4825//8 2165//8
f 4825//8 4347//8 4345//8
f 4826//8 4827//8 3265//8
f 3269//8 4727//8 4826//8
f 4826//8 2183//8 4827//8
f 4727//8 4728//8 4826//8
f 3267//8 4826//8 3265//8
f 4826//8 2187//8 2183//8
f 3269//8 4826//8 3267//8
f 4826//8 4728//8 2187//8
f 4828//8 2193//8 2196//8
f 4576//8 4577//8 4828//8
f 4828//8 3270//8 2193//8
f 4577//8 3280//8 4828//8
f 2197//8 4828//8 2196//8
f 4828//8 3272//8 3270//8
f 2200//8 4828//8 2197//8
f 4828//8 3274//8 3272//8
f 2203//8 4828//8 2200//8
f 4828//8 3276//8 3274//8
f 2206//8 4828//8 2203//8
f 4828//8 3278//8 3276//8
f 4576//8 4828//8 2206//8
f 4828//8 3280//8 3278//8
f 4829//8 4830//8 4729//8
f 4466//8 4467//8 4829//8
f 4829//8 2205//8 4830//8
f 4467//8 4468//8 4829//8
f 4730//8 4829//8 4729//8
f 4829//8 2207//8 2205//8
f 4466//8 4829//8 4730//8
f 4829//8 4468//8 2207//8
f 4831//8 4832//8 4469//8
f 4253//8 4254//8 4831//8
f 4831//8 2222//8 4832//8
f 4254//8 4255//8 4831//8
f 4470//8 4831//8 4469//8
f 4831//8 2226//8 2222//8
f 4471//8 4831//8 4470//8
f 4831//8 2229//8 2226//8
f 4472//8 4831//8 4471//8
f 4831//8 4833//8 2229//8
f 4473//8 4831//8 4472//8
f 4831//8 4834//8 4833//8
f 4253//8 4831//8 4473//8
f 4831//8 4255//8 4834//8
f 4835//8 2231//8 2234//8
f 2238//8 4732//8 4835//8
f 4835//8 4580//8 2231//8
f 4732//8 4582//8 4835//8
f 2235//8 4835//8 2234//8
f 4835//8 4581//8 4580//8
f 2238//8 4835//8 2235//8
f 4835//8 4582//8 4581//8
f 4836//8 4837//8 4258//8
f 4261//8 4586//8 4836//8
f 4836//8 2248//8 4837//8
f 4586//8 4587//8 4836//8
f 4259//8 4836//8 4258//8
f 4836//8 2251//8 2248//8
f 4260//8 4836//8 4259//8
f 4836//8 2255//8 2251//8
f 4261//8 4836//8 4260//8
f 4836//8 4587//8 2255//8
f 4838//8 2257//8 2260//8
f 2265//8 4734//8 4838//8
f 4838//8 4361//8 2257//8
f 4734//8 4364//8 4838//8
f 2261//8 4838//8 2260//8
f 4838//8 4362//8 4361//8
f 2263//8 4838//8 2261//8
f 4838//8 4363//8 4362//8
f 2265//8 4838//8 2263//8
f 4838//8 4364//8 4363//8
f 4839//8 4840//8 3352//8
f 3355//8 4592//8 4839//8
f 4839//8 2279//8 4840//8
f 4592//8 4593//8 4839//8
f 3353//8 4839//8 3352//8
f 4839//8 4841//8 2279//8
f 3355//8 4839//8 3353//8
f 4839//8 4593//8 4841//8
f 4842//8 2291//8 2293//8
f 4600//8 4601//8 4842//8
f 4842//8 3463//8 2291//8
f 4601//8 3466//8 4842//8
f 2295//8 4842//8 2293//8
f 4842//8 3464//8 3463//8
f 2298//8 4842//8 2295//8
f 4842//8 3465//8 3464//8
f 4600//8 4842//8 2298//8
f 4842//8 3466//8 3465//8
f 4843//8 2299//8 4597//8
f 4373//8 4374//8 4843//8
f 4843//8 2302//8 2299//8
f 4374//8 4375//8 4843//8
f 4598//8 4843//8 4597//8
f 4843//8 4844//8 2302//8
f 4373//8 4843//8 4598//8
f 4843//8 4375//8 4844//8
f 4845//8 2314//8 2318//8
f 4386//8 4387//8 4845//8
f 4845//8 4602//8 2314//8
f 4387//8 4388//8 4845//8
f 2320//8 4845//8 2318//8
f 4845//8 4603//8 4602//8
f 2323//8 4845//8 2320//8
f 4845//8 4604//8 4603//8
f 4846//8 4845//8 2323//8
f 4845//8 4605//8 4604//8
f 4386//8 4845//8 4846//8
f 4845//8 4388//8 4605//8
f 4847//8 4848//8 4378//8
f 4380//8 4607//8 4847//8
f 4847//8 2321//8 4848//8
f 4607//8 4608//8 4847//8
f 4379//8 4847//8 4378//8
f 4847//8 2324//8 2321//8
f 4380//8 4847//8 4379//8
f 4847//8 4608//8 2324//8
f 4849//8 4850//8 4611//8
f 3523//8 3525//8 4849//8
f 4849//8 2338//8 4850//8
f 3525//8 3527//8 4849//8
f 4612//8 4849//8 4611//8
f 4849//8 4851//8 2338//8
f 3523//8 4849//8 4612//8
f 4849//8 3527//8 4851//8
f 4852//8 4853//8 3533//8
f 3535//8 4620//8 4852//8
f 4852//8 2352//8 4853//8
f 4620//8 4621//8 4852//8
f 3534//8 4852//8 3533//8
f 4852//8 4854//8 2352//8
f 3535//8 4852//8 3534//8
f 4852//8 4621//8 4854//8
f 4855//8 2358//8 2360//8
f 3564//8 3566//8 4855//8
f 4855//8 4616//8 2358//8
f 3566//8 3568//8 4855//8
f 2362//8 4855//8 2360//8
f 4855//8 4617//8 4616//8
f 2366//8 4855//8 2362//8
f 4855//8 4618//8 4617//8
f 3564//8 4855//8 2366//8
f 4855//8 3568//8 4618//8
f 4856//8 2368//8 4624//8
f 4405//8 4406//8 4856//8
f 4856//8 2371//8 2368//8
f 4406//8 4407//8 4856//8
f 4625//8 4856//8 4624//8
f 4856//8 4857//8 2371//8
f 4405//8 4856//8 4625//8
f 4856//8 4407//8 4857//8
f 4858//8 2384//8 2382//8
f 4627//8 4628//8 4858//8
f 4858//8 2379//8 2384//8
f 4628//8 3592//8 4858//8
f 2383//8 4858//8 2382//8
f 4858//8 3590//8 2379//8
f 4859//8 4858//8 2383//8
f 4858//8 3591//8 3590//8
f 4627//8 4858//8 4859//8
f 4858//8 3592//8 3591//8
f 4860//8 4861//8 4410//8
f 4412//8 4634//8 4860//8
f 4860//8 2391//8 4861//8
f 4634//8 4635//8 4860//8
f 4411//8 4860//8 4410//8
f 4860//8 2394//8 2391//8
f 4412//8 4860//8 4411//8
f 4860//8 4635//8 2394//8
f 4862//8 2406//8 2408//8
f 4417//8 4418//8 4862//8
f 4862//8 4630//8 2406//8
f 4418//8 4419//8 4862//8
f 2409//8 4862//8 2408//8
f 4862//8 4631//8 4630//8
f 4863//8 4862//8 2409//8
f 4862//8 4632//8 4631//8
f 4417//8 4862//8 4863//8
f 4862//8 4419//8 4632//8
f 4864//8 2407//8 4638//8
f 3650//8 3652//8 4864//8
f 4864//8 2410//8 2407//8
f 3652//8 3654//8 4864//8
f 4639//8 4864//8 4638//8
f 4864//8 4865//8 2410//8
f 3650//8 4864//8 4639//8
f 4864//8 3654//8 4865//8
f 4866//8 4867//8 3659//8
f 3661//8 4739//8 4866//8
f 4866//8 2424//8 4867//8
f 4739//8 2431//8 4866//8
f 3660//8 4866//8 3659//8
f 4866//8 2428//8 2424//8
f 3661//8 4866//8 3660//8
f 4866//8 2431//8 2428//8
f 4868//8 4869//8 4741//8
f 4487//8 4488//8 4868//8
f 4868//8 2467//8 4869//8
f 4488//8 4489//8 4868//8
f 4742//8 4868//8 4741//8
f 4868//8 2484//8 2467//8
f 4487//8 4868//8 4742//8
f 4868//8 4489//8 2484//8
f 4870//8 2502//8 2513//8
f 3705//8 3707//8 4870//8
f 4870//8 4649//8 2502//8
f 3707//8 3709//8 4870//8
f 2515//8 4870//8 2513//8
f 4870//8 4650//8 4649//8
f 4871//8 4870//8 2515//8
f 4870//8 4651//8 4650//8
f 3705//8 4870//8 4871//8
f 4870//8 3709//8 4651//8
f 4872//8 4641//8 4481//8
f 4483//8 2523//8 4872//8
f 4872//8 2504//8 4641//8
f 2523//8 2524//8 4872//8
f 4482//8 4872//8 4481//8
f 4872//8 2517//8 2504//8
f 4483//8 4872//8 4482//8
f 4872//8 2524//8 2517//8
f 4873//8 4874//8 4491//8
f 4271//8 4272//8 4873//8
f 4873//8 2520//8 4874//8
f 4272//8 4273//8 4873//8
f 4492//8 4873//8 4491//8
f 4873//8 2526//8 2520//8
f 4493//8 4873//8 4492//8
f 4873//8 2535//8 2526//8
f 4494//8 4873//8 4493//8
f 4873//8 4875//8 2535//8
f 4271//8 4873//8 4494//8
f 4873//8 4273//8 4875//8
f 4876//8 4753//8 4752//8
f 2549//8 2550//8 4876//8
f 4876//8 4505//8 4753//8
f 2550//8 4507//8 4876//8
f 4877//8 4876//8 4752//8
f 4876//8 4506//8 4505//8
f 2549//8 4876//8 4877//8
f 4876//8 4507//8 4506//8
f 4878//8 4498//8 4497//8
f 2585//8 2586//8 4878//8
f 4878//8 4499//8 4498//8
f 2586//8 4657//8 4878//8
f 4879//8 4878//8 4497//8
f 4878//8 4656//8 4499//8
f 2585//8 4878//8 4879//8
f 4878//8 4657//8 4656//8
f 4880//8 2566//8 2578//8
f 2591//8 4759//8 4880//8
f 4880//8 3735//8 2566//8
f 4759//8 3737//8 4880//8
f 2580//8 4880//8 2578//8
f 4880//8 3736//8 3735//8
f 2591//8 4880//8 2580//8
f 4880//8 3737//8 3736//8
f 4881//8 3587//8 3585//8
f 4663//8 2599//8 4881//8
f 4881//8 2582//8 3587//8
f 2599//8 2600//8 4881//8
f 4662//8 4881//8 3585//8
f 4881//8 2593//8 2582//8
f 4663//8 4881//8 4662//8
f 4881//8 2600//8 2593//8
f 4882//8 4883//8 4278//8
f 4281//8 4761//8 4882//8
f 4882//8 2596//8 4883//8
f 4761//8 4762//8 4882//8
f 4279//8 4882//8 4278//8
f 4882//8 2602//8 2596//8
f 4280//8 4882//8 4279//8
f 4882//8 2607//8 2602//8
f 4281//8 4882//8 4280//8
f 4882//8 4762//8 2607//8
f 4884//8 4654//8 4653//8
f 2610//8 4885//8 4884//8
f 4884//8 4655//8 4654//8
f 4885//8 4886//8 4884//8
f 4884//8 3688//8 4655//8
f 4886//8 3692//8 4884//8
f 2606//8 4884//8 4653//8
f 4884//8 3690//8 3688//8
f 2610//8 4884//8 2606//8
f 4884//8 3692//8 3690//8
f 4887//8 4660//8 4444//8
f 4447//8 2637//8 4887//8
f 4887//8 4661//8 4660//8
f 2637//8 2638//8 4887//8
f 4445//8 4887//8 4444//8
f 4887//8 2624//8 4661//8
f 4446//8 4887//8 4445//8
f 4887//8 2631//8 2624//8
f 4447//8 4887//8 4446//8
f 4887//8 2638//8 2631//8
f 4888//8 3631//8 3629//8
f 2666//8 4889//8 4888//8
f 4888//8 3633//8 3631//8
f 4889//8 3830//8 4888//8
f 2650//8 4888//8 3629//8
f 4888//8 3827//8 3633//8
f 2656//8 4888//8 2650//8
f 4888//8 3828//8 3827//8
f 2661//8 4888//8 2656//8
f 4888//8 3829//8 3828//8
f 2666//8 4888//8 2661//8
f 4888//8 3830//8 3829//8
f 4890//8 4767//8 4766//8
f 2808//8 4891//8 4890//8
f 4890//8 3903//8 4767//8
f 4891//8 3915//8 4890//8
f 2781//8 4890//8 4766//8
f 4890//8 3905//8 3903//8
f 2788//8 4890//8 2781//8
f 4890//8 3907//8 3905//8
f 2794//8 4890//8 2788//8
f 4890//8 3909//8 3907//8
f 2798//8 4890//8 2794//8
f 4890//8 3911//8 3909//8
f 2802//8 4890//8 2798//8
f 4890//8 3913//8 3911//8
f 2808//8 4890//8 2802//8
f 4890//8 3915//8 3913//8
f 4892//8 2785//8 2791//8
f 2800//8 4769//8 4892//8
f 4892//8 3857//8 2785//8
f 4769//8 3860//8 4892//8
f 2792//8 4892//8 2791//8
f 4892//8 3858//8 3857//8
f 2796//8 4892//8 2792//8
f 4892//8 3859//8 3858//8
f 2800//8 4892//8 2796//8
f 4892//8 3860//8 3859//8
f 4893//8 4894//8 3910//8
f 3914//8 4771//8 4893//8
f 4893//8 2795//8 4894//8
f 4771//8 4772//8 4893//8
f 3912//8 4893//8 3910//8
f 4893//8 2799//8 2795//8
f 3914//8 4893//8 3912//8
f 4893//8 4772//8 2799//8
f 4895//8 4777//8 4300//8
f 4303//8 2875//8 4895//8
f 4895//8 2854//8 4777//8
f 2875//8 2876//8 4895//8
f 4301//8 4895//8 4300//8
f 4895//8 2864//8 2854//8
f 4302//8 4895//8 4301//8
f 4895//8 2870//8 2864//8
f 4303//8 4895//8 4302//8
f 4895//8 2876//8 2870//8
f 4896//8 2922//8 2920//8
f 2928//8 4059//8 4896//8
f 4896//8 2923//8 2922//8
f 4059//8 4061//8 4896//8
f 4896//8 2911//8 2923//8
f 4061//8 4063//8 4896//8
f 2921//8 4896//8 2920//8
f 4896//8 4794//8 2911//8
f 2928//8 4896//8 2921//8
f 4896//8 4063//8 4794//8
f 4897//8 4293//8 4292//8
f 4553//8 4898//8 4897//8
f 4897//8 4294//8 4293//8
f 4898//8 2930//8 4897//8
f 4897//8 2912//8 4294//8
f 2930//8 2931//8 4897//8
f 4552//8 4897//8 4292//8
f 4897//8 2924//8 2912//8
f 4553//8 4897//8 4552//8
f 4897//8 2931//8 2924//8
f 4899//8 4900//8 4682//8
f 4135//8 4137//8 4899//8
f 4899//8 2927//8 4900//8
f 4137//8 4139//8 4899//8
f 4899//8 2934//8 2927//8
f 4139//8 4141//8 4899//8
f 4683//8 4899//8 4682//8
f 4899//8 4901//8 2934//8
f 4135//8 4899//8 4683//8
f 4899//8 4141//8 4901//8
f 4902//8 4898//8 4553//8
f 4555//8 2948//8 4902//8
f 4902//8 2930//8 4898//8
f 2948//8 2949//8 4902//8
f 4554//8 4902//8 4553//8
f 4902//8 2941//8 2930//8
f 4555//8 4902//8 4554//8
f 4902//8 2949//8 2941//8
f 4903//8 2957//8 4148//8
f 4150//8 4192//8 4903//8
f 4903//8 2964//8 2957//8
f 4192//8 4195//8 4903//8
f 4903//8 2965//8 2964//8
f 4195//8 4197//8 4903//8
f 4149//8 4903//8 4148//8
f 4903//8 4904//8 2965//8
f 4150//8 4903//8 4149//8
f 4903//8 4197//8 4904//8
f 4905//8 2969//8 2967//8
f 4227//8 4229//8 4905//8
f 4905//8 2959//8 2969//8
f 4229//8 4231//8 4905//8
f 2968//8 4905//8 2967//8
f 4905//8 4799//8 2959//8
f 4227//8 4905//8 2968//8
f 4905//8 4231//8 4799//8
f 4906//8 3997//8 3996//8
f 3011//8 4907//8 4906//8
f 4906//8 3998//8 3997//8
f 4907//8 4691//8 4906//8
f 2995//8 4906//8 3996//8
f 4906//8 4690//8 3998//8
f 3011//8 4906//8 2995//8
f 4906//8 4691//8 4690//8
f 4908//8 4551//8 4550//8
f 4803//8 3013//8 4908//8
f 4908//8 2993//8 4551//8
f 3013//8 3014//8 4908//8
f 4802//8 4908//8 4550//8
f 4908//8 3009//8 2993//8
f 4803//8 4908//8 4802//8
f 4908//8 3014//8 3009//8
f 4909//8 3941//8 3940//8
f 4697//8 3042//8 4909//8
f 4909//8 3942//8 3941//8
f 3042//8 3043//8 4909//8
f 4696//8 4909//8 3940//8
f 4909//8 3038//8 3942//8
f 4697//8 4909//8 4696//8
f 4909//8 3043//8 3038//8
f 4910//8 4694//8 4460//8
f 4462//8 3059//8 4910//8
f 4910//8 4695//8 4694//8
f 3059//8 3060//8 4910//8
f 4461//8 4910//8 4460//8
f 4910//8 3056//8 4695//8
f 4462//8 4910//8 4461//8
f 4910//8 3060//8 3056//8
f 4911//8 4454//8 4453//8
f 4817//8 3079//8 4911//8
f 4911//8 4455//8 4454//8
f 3079//8 3080//8 4911//8
f 4816//8 4911//8 4453//8
f 4911//8 3074//8 4455//8
f 4817//8 4911//8 4816//8
f 4911//8 3080//8 3074//8
f 4912//8 4560//8 4559//8
f 3081//8 3082//8 4912//8
f 4912//8 4561//8 4560//8
f 3082//8 4822//8 4912//8
f 4913//8 4912//8 4559//8
f 4912//8 4821//8 4561//8
f 3081//8 4912//8 4913//8
f 4912//8 4822//8 4821//8
f 4914//8 4126//8 4124//8
f 3113//8 3114//8 4914//8
f 4914//8 4128//8 4126//8
f 3114//8 4915//8 4914//8
f 4914//8 4130//8 4128//8
f 4915//8 4916//8 4914//8
f 4914//8 4132//8 4130//8
f 4916//8 4717//8 4914//8
f 4917//8 4914//8 4124//8
f 4914//8 4716//8 4132//8
f 3113//8 4914//8 4917//8
f 4914//8 4717//8 4716//8
f 4570//8 2133//8 2132//8
f 4571//8 2135//8 4570//8
f 2135//8 2133//8 4570//8
f 4572//8 2137//8 4571//8
f 2137//8 2135//8 4571//8
f 2139//8 4573//8 2138//8
f 4573//8 2136//8 2138//8
f 4574//8 4918//8 4572//8
f 4918//8 2137//8 4572//8
f 4918//8 2140//8 2137//8
f 2141//8 4329//8 2139//8
f 4329//8 4573//8 2139//8
f 4333//8 4334//8 4574//8
f 4334//8 4918//8 4574//8
f 4334//8 4335//8 4918//8
f 4335//8 2140//8 4918//8
f 4335//8 2143//8 2140//8
f 4336//8 2150//8 2146//8
f 2152//8 4337//8 2151//8
f 4337//8 2147//8 2151//8
f 4338//8 2153//8 4336//8
f 2153//8 2150//8 4336//8
f 2154//8 4339//8 2152//8
f 4339//8 4337//8 2152//8
f 4340//8 2155//8 4338//8
f 2155//8 2153//8 4338//8
f 4342//8 4919//8 4340//8
f 4919//8 2155//8 4340//8
f 4919//8 2160//8 2155//8
f 4344//8 4720//8 4342//8
f 4720//8 4919//8 4342//8
f 4720//8 4721//8 4919//8
f 4721//8 2160//8 4919//8
f 4721//8 2163//8 2160//8
f 4722//8 2172//8 2169//8
f 4723//8 2174//8 4722//8
f 2174//8 2172//8 4722//8
f 3261//8 2176//8 4723//8
f 2176//8 2174//8 4723//8
f 3264//8 2181//8 2176//8
f 3265//8 4827//8 3264//8
f 4827//8 2181//8 3264//8
f 4827//8 2183//8 2181//8
f 2186//8 3266//8 2184//8
f 3266//8 2182//8 2184//8
f 2189//8 3268//8 2186//8
f 3268//8 3266//8 2186//8
f 4728//8 2191//8 2187//8
f 2193//8 3270//8 2189//8
f 3270//8 3268//8 2189//8
f 4729//8 4830//8 2202//8
f 4830//8 2204//8 2202//8
f 4830//8 2205//8 2204//8
f 2210//8 4576//8 2208//8
f 4576//8 2206//8 2208//8
f 4468//8 2212//8 2207//8
f 4469//8 4832//8 2219//8
f 4832//8 2221//8 2219//8
f 4832//8 2222//8 2221//8
f 2225//8 4578//8 2223//8
f 4578//8 2220//8 2223//8
f 2228//8 4579//8 2225//8
f 4579//8 4578//8 2225//8
f 2231//8 4580//8 2228//8
f 4580//8 4579//8 2228//8
f 4833//8 2233//8 2229//8
f 4834//8 2237//8 4833//8
f 2237//8 2233//8 4833//8
f 4255//8 2240//8 4834//8
f 2240//8 2237//8 4834//8
f 4256//8 2244//8 2243//8
f 4257//8 2246//8 4256//8
f 2246//8 2244//8 4256//8
f 4258//8 4837//8 4257//8
f 4837//8 2246//8 4257//8
f 4837//8 2248//8 2246//8
f 2254//8 4360//8 2252//8
f 4360//8 2250//8 2252//8
f 2257//8 4361//8 2254//8
f 4361//8 4360//8 2254//8
f 4587//8 4588//8 2255//8
f 4588//8 2258//8 2255//8
f 4588//8 2259//8 2258//8
f 4589//8 2264//8 2262//8
f 4590//8 2266//8 4589//8
f 2266//8 2264//8 4589//8
f 3346//8 2270//8 4590//8
f 2270//8 2266//8 4590//8
f 3350//8 2274//8 2273//8
f 2276//8 4735//8 2275//8
f 4735//8 2272//8 2275//8
f 3351//8 2277//8 3350//8
f 2277//8 2274//8 3350//8
f 2278//8 4736//8 2276//8
f 4736//8 4735//8 2276//8
f 3352//8 4840//8 3351//8
f 4840//8 2277//8 3351//8
f 4840//8 2279//8 2277//8
f 2282//8 3431//8 2280//8
f 3431//8 2278//8 2280//8
f 3431//8 3434//8 2278//8
f 3434//8 4736//8 2278//8
f 4841//8 2284//8 2279//8
f 4593//8 4594//8 4841//8
f 4594//8 2284//8 4841//8
f 4594//8 2289//8 2284//8
f 2291//8 3463//8 2290//8
f 3463//8 2286//8 2290//8
f 4595//8 2292//8 2289//8
f 4596//8 2296//8 4595//8
f 2296//8 2292//8 4595//8
f 4597//8 2299//8 4596//8
f 2299//8 2296//8 4596//8
f 2301//8 4600//8 2300//8
f 4600//8 2298//8 2300//8
f 4844//8 2303//8 2302//8
f 4375//8 4376//8 4844//8
f 4376//8 2303//8 4844//8
f 4376//8 2308//8 2303//8
f 2314//8 4602//8 2313//8
f 4602//8 2310//8 2313//8
f 4377//8 2317//8 2312//8
f 4378//8 4848//8 4377//8
f 4848//8 2317//8 4377//8
f 4848//8 2321//8 2317//8
f 2326//8 4846//8 2325//8
f 4846//8 2323//8 2325//8
f 4608//8 2328//8 2324//8
f 2329//8 4386//8 2326//8
f 4386//8 4846//8 2326//8
f 4609//8 2331//8 2330//8
f 4610//8 2335//8 4609//8
f 2335//8 2331//8 4609//8
f 2337//8 4392//8 2336//8
f 4392//8 2334//8 2336//8
f 4611//8 4850//8 4610//8
f 4850//8 2335//8 4610//8
f 4850//8 2338//8 2335//8
f 2339//8 4393//8 2337//8
f 4393//8 4392//8 2337//8
f 4851//8 2341//8 2338//8
f 2342//8 4394//8 2339//8
f 4394//8 4393//8 2339//8
f 3527//8 3529//8 4851//8
f 3529//8 2341//8 4851//8
f 3529//8 2343//8 2341//8
f 2345//8 4614//8 2344//8
f 4614//8 2346//8 2344//8
f 4614//8 4615//8 2346//8
f 4615//8 2342//8 2346//8
f 4615//8 4395//8 2342//8
f 4395//8 4394//8 2342//8
f 3532//8 2348//8 2343//8
f 3533//8 4853//8 3532//8
f 4853//8 2348//8 3532//8
f 4853//8 2352//8 2348//8
f 4854//8 2356//8 2352//8
f 2358//8 4616//8 2357//8
f 4616//8 2354//8 2357//8
f 4621//8 4622//8 4854//8
f 4622//8 2356//8 4854//8
f 4622//8 2359//8 2356//8
f 4623//8 2364//8 2359//8
f 4624//8 2368//8 4623//8
f 2368//8 2364//8 4623//8
f 2370//8 3564//8 2369//8
f 3564//8 2366//8 2369//8
f 4857//8 2372//8 2371//8
f 4407//8 4408//8 4857//8
f 4408//8 2372//8 4857//8
f 4408//8 2377//8 2372//8
f 4409//8 2387//8 2381//8
f 2390//8 4859//8 2388//8
f 4859//8 2383//8 2388//8
f 4410//8 4861//8 4409//8
f 4861//8 2387//8 4409//8
f 4861//8 2391//8 2387//8
f 2393//8 4627//8 2390//8
f 4627//8 4859//8 2390//8
f 4635//8 4636//8 2394//8
f 4636//8 2399//8 2394//8
f 4636//8 2400//8 2399//8
f 2403//8 4629//8 2401//8
f 4629//8 2396//8 2401//8
f 4637//8 2404//8 2400//8
f 2406//8 4630//8 2403//8
f 4630//8 4629//8 2403//8
f 4638//8 2407//8 4637//8
f 2407//8 2404//8 4637//8
f 4865//8 2411//8 2410//8
f 2414//8 4863//8 2412//8
f 4863//8 2409//8 2412//8
f 3654//8 3656//8 4865//8
f 3656//8 2411//8 4865//8
f 3656//8 2416//8 2411//8
f 2418//8 4417//8 2414//8
f 4417//8 4863//8 2414//8
f 3659//8 4867//8 2420//8
f 4867//8 2423//8 2420//8
f 4867//8 2424//8 2423//8
f 2427//8 4423//8 2425//8
f 4423//8 2422//8 2425//8
f 2430//8 4424//8 2427//8
f 4424//8 4423//8 2427//8
f 4740//8 2436//8 2435//8
f 4741//8 4869//8 4740//8
f 4869//8 2436//8 4740//8
f 4869//8 2467//8 2436//8
f 4744//8 2469//8 3456//8
f 2469//8 3457//8 3456//8
f 2469//8 2470//8 3457//8
f 2470//8 3458//8 3457//8
f 2470//8 2471//8 3458//8
f 2471//8 3459//8 3458//8
f 2471//8 2472//8 3459//8
f 2472//8 3460//8 3459//8
f 2472//8 2473//8 3460//8
f 2473//8 3461//8 3460//8
f 2473//8 2474//8 3461//8
f 2474//8 3462//8 3461//8
f 2474//8 2475//8 3462//8
f 2475//8 2444//8 3462//8
f 2476//8 3331//8 2458//8
f 2476//8 2477//8 3331//8
f 2477//8 3333//8 3331//8
f 2477//8 2478//8 3333//8
f 2478//8 3335//8 3333//8
f 2478//8 2479//8 3335//8
f 2479//8 3337//8 3335//8
f 2479//8 2480//8 3337//8
f 2480//8 3339//8 3337//8
f 2480//8 2481//8 3339//8
f 2481//8 3341//8 3339//8
f 2481//8 4920//8 3341//8
f 4920//8 3343//8 3341//8
f 4920//8 4749//8 3343//8
f 4749//8 3345//8 3343//8
f 4745//8 2488//8 4744//8
f 2488//8 2469//8 4744//8
f 2489//8 4920//8 2481//8
f 2489//8 4750//8 4920//8
f 4750//8 4749//8 4920//8
f 4489//8 2490//8 2484//8
f 2492//8 4648//8 2491//8
f 4648//8 2487//8 2491//8
f 2495//8 2496//8 4745//8
f 2496//8 2488//8 4745//8
f 2497//8 4750//8 2489//8
f 2502//8 4649//8 2492//8
f 4649//8 4648//8 2492//8
f 2506//8 2507//8 4644//8
f 2507//8 2493//8 4644//8
f 2508//8 4747//8 2497//8
f 2508//8 2509//8 4747//8
f 2509//8 4748//8 4747//8
f 2509//8 2510//8 4748//8
f 2510//8 3559//8 4748//8
f 4490//8 2512//8 2501//8
f 2518//8 3502//8 2510//8
f 2518//8 2519//8 3502//8
f 2519//8 3504//8 3502//8
f 2519//8 4754//8 3504//8
f 4754//8 3506//8 3504//8
f 4491//8 4874//8 4490//8
f 4874//8 2512//8 4490//8
f 4874//8 2520//8 2512//8
f 2522//8 4871//8 2521//8
f 4871//8 2515//8 2521//8
f 2525//8 4755//8 2519//8
f 4755//8 4754//8 2519//8
f 2527//8 3705//8 2522//8
f 3705//8 4871//8 2522//8
f 2530//8 2531//8 4483//8
f 2531//8 2523//8 4483//8
f 2532//8 4755//8 2525//8
f 4757//8 2539//8 4477//8
f 2539//8 2528//8 4477//8
f 2540//8 4877//8 2534//8
f 4877//8 4752//8 2534//8
f 4875//8 2542//8 2535//8
f 2547//8 2548//8 4757//8
f 2548//8 2539//8 4757//8
f 2549//8 4877//8 2540//8
f 4273//8 4274//8 4875//8
f 4274//8 2542//8 4875//8
f 4274//8 2552//8 2542//8
f 2558//8 4507//8 2550//8
f 2561//8 3734//8 2560//8
f 3734//8 2554//8 2560//8
f 3625//8 2562//8 3623//8
f 2562//8 2555//8 3623//8
f 4275//8 2565//8 2559//8
f 2566//8 3735//8 2561//8
f 3735//8 3734//8 2561//8
f 2570//8 2571//8 3625//8
f 2571//8 2562//8 3625//8
f 2572//8 4496//8 2563//8
f 2572//8 4879//8 4496//8
f 4879//8 4497//8 4496//8
f 4276//8 2577//8 4275//8
f 2577//8 2565//8 4275//8
f 2585//8 4879//8 2572//8
f 4277//8 2589//8 4276//8
f 2589//8 2577//8 4276//8
f 2595//8 4658//8 2586//8
f 4658//8 4657//8 2586//8
f 4278//8 4883//8 4277//8
f 4883//8 2589//8 4277//8
f 4883//8 2596//8 2589//8
f 2601//8 4658//8 2595//8
f 2604//8 2605//8 4663//8
f 2605//8 2599//8 4663//8
f 2606//8 4653//8 2601//8
f 4762//8 2611//8 2607//8
f 2617//8 4885//8 2610//8
f 2617//8 4921//8 4885//8
f 4921//8 4886//8 4885//8
f 4921//8 3694//8 4886//8
f 3694//8 3692//8 4886//8
f 2624//8 2625//8 4661//8
f 2625//8 2615//8 4661//8
f 2626//8 4921//8 2617//8
f 2626//8 3696//8 4921//8
f 3696//8 3694//8 4921//8
f 2633//8 3698//8 2626//8
f 3698//8 3696//8 2626//8
f 4763//8 2635//8 2628//8
f 2640//8 3700//8 2633//8
f 3700//8 3698//8 2633//8
f 4764//8 2642//8 4763//8
f 2642//8 2635//8 4763//8
f 4448//8 2644//8 4447//8
f 2644//8 2637//8 4447//8
f 2645//8 3700//8 2640//8
f 3826//8 2646//8 4764//8
f 2646//8 2642//8 4764//8
f 2648//8 4667//8 2647//8
f 4667//8 2643//8 2647//8
f 4449//8 2649//8 4448//8
f 2649//8 2644//8 4448//8
f 2650//8 3629//8 2645//8
f 2652//8 4668//8 2648//8
f 4668//8 4667//8 2648//8
f 2654//8 2655//8 4449//8
f 2655//8 2649//8 4449//8
f 2658//8 4669//8 2652//8
f 4669//8 4668//8 2652//8
f 2663//8 4670//8 2658//8
f 4670//8 4669//8 2658//8
f 3831//8 2668//8 2662//8
f 2669//8 4510//8 2663//8
f 4510//8 4670//8 2663//8
f 2672//8 4889//8 2666//8
f 2672//8 3832//8 4889//8
f 3832//8 3830//8 4889//8
f 3833//8 2675//8 3831//8
f 2675//8 2668//8 3831//8
f 4516//8 2679//8 4439//8
f 2679//8 2670//8 4439//8
f 2681//8 3834//8 2672//8
f 3834//8 3832//8 2672//8
f 3835//8 2683//8 3833//8
f 2683//8 2675//8 3833//8
f 4517//8 2686//8 4516//8
f 2686//8 2679//8 4516//8
f 2688//8 3836//8 2681//8
f 3836//8 3834//8 2681//8
f 3837//8 2690//8 3835//8
f 2690//8 2683//8 3835//8
f 2693//8 2694//8 4517//8
f 2694//8 2686//8 4517//8
f 2696//8 3838//8 2688//8
f 3838//8 3836//8 2688//8
f 3839//8 2698//8 3837//8
f 2698//8 2690//8 3837//8
f 2701//8 3838//8 2696//8
f 3840//8 2703//8 3839//8
f 2703//8 2698//8 3839//8
f 3841//8 2708//8 3840//8
f 2708//8 2703//8 3840//8
f 3842//8 2713//8 3841//8
f 2713//8 2708//8 3841//8
f 3843//8 2718//8 3842//8
f 2718//8 2713//8 3842//8
f 3844//8 2723//8 3843//8
f 2723//8 2718//8 3843//8
f 3845//8 2728//8 3844//8
f 2728//8 2723//8 3844//8
f 3846//8 2733//8 3845//8
f 2733//8 2728//8 3845//8
f 3847//8 2738//8 3846//8
f 2738//8 2733//8 3846//8
f 3848//8 2743//8 3847//8
f 2743//8 2738//8 3847//8
f 3849//8 2748//8 3848//8
f 2748//8 2743//8 3848//8
f 3850//8 2753//8 3849//8
f 2753//8 2748//8 3849//8
f 3851//8 2758//8 3850//8
f 2758//8 2753//8 3850//8
f 3852//8 2763//8 3851//8
f 2763//8 2758//8 3851//8
f 3902//8 2767//8 2760//8
f 2770//8 3853//8 2768//8
f 3853//8 2761//8 2768//8
f 3854//8 2772//8 3852//8
f 2772//8 2763//8 3852//8
f 3904//8 2776//8 3902//8
f 2776//8 2767//8 3902//8
f 2778//8 3855//8 2770//8
f 3855//8 3853//8 2770//8
f 3856//8 2780//8 3854//8
f 2780//8 2772//8 3854//8
f 2781//8 4766//8 2774//8
f 3906//8 2783//8 3904//8
f 2783//8 2776//8 3904//8
f 2785//8 3857//8 2778//8
f 3857//8 3855//8 2778//8
f 2786//8 2787//8 3856//8
f 2787//8 2780//8 3856//8
f 3908//8 2790//8 3906//8
f 2790//8 2783//8 3906//8
f 3910//8 4894//8 3908//8
f 4894//8 2790//8 3908//8
f 4894//8 2795//8 2790//8
f 4772//8 2803//8 2799//8
f 2812//8 4891//8 2808//8
f 2812//8 3917//8 4891//8
f 3917//8 3915//8 4891//8
f 2817//8 3919//8 2812//8
f 3919//8 3917//8 2812//8
f 4674//8 2818//8 2813//8
f 2823//8 3921//8 2817//8
f 3921//8 3919//8 2817//8
f 4675//8 2825//8 2818//8
f 2827//8 3944//8 2826//8
f 3944//8 2821//8 2826//8
f 2829//8 3921//8 2823//8
f 4676//8 2832//8 4675//8
f 2832//8 2825//8 4675//8
f 2833//8 3946//8 2827//8
f 3946//8 3944//8 2827//8
f 4677//8 4922//8 4676//8
f 4922//8 2832//8 4676//8
f 4922//8 2838//8 2832//8
f 2841//8 4779//8 2839//8
f 4779//8 2833//8 2839//8
f 4779//8 3948//8 2833//8
f 3948//8 3946//8 2833//8
f 4019//8 4021//8 4677//8
f 4021//8 4922//8 4677//8
f 4021//8 2845//8 4922//8
f 2845//8 2838//8 4922//8
f 2849//8 3866//8 2844//8
f 2849//8 4524//8 3866//8
f 4524//8 3868//8 3866//8
f 4025//8 2851//8 2845//8
f 2856//8 4525//8 2849//8
f 4525//8 4524//8 2849//8
f 4027//8 4923//8 4025//8
f 4923//8 2851//8 4025//8
f 4923//8 2859//8 2851//8
f 2862//8 4780//8 2860//8
f 4780//8 2852//8 2860//8
f 2865//8 4526//8 2856//8
f 4526//8 4525//8 2856//8
f 4029//8 4783//8 4027//8
f 4783//8 4923//8 4027//8
f 4783//8 4784//8 4923//8
f 4784//8 2859//8 4923//8
f 4784//8 2866//8 2859//8
f 2868//8 4781//8 2862//8
f 4781//8 4780//8 2862//8
f 2871//8 4526//8 2865//8
f 2874//8 4528//8 2873//8
f 4528//8 2868//8 2873//8
f 4528//8 4529//8 2868//8
f 4529//8 4781//8 2868//8
f 4785//8 4924//8 2872//8
f 4924//8 2880//8 2872//8
f 4924//8 2881//8 2880//8
f 4304//8 2885//8 4303//8
f 2885//8 2875//8 4303//8
f 4539//8 4540//8 4785//8
f 4540//8 4924//8 4785//8
f 4540//8 4541//8 4924//8
f 4541//8 2881//8 4924//8
f 4541//8 2887//8 2881//8
f 2889//8 2890//8 4304//8
f 2890//8 2885//8 4304//8
f 2891//8 4519//8 2886//8
f 2891//8 4790//8 4519//8
f 4790//8 4520//8 4519//8
f 2895//8 4793//8 2894//8
f 4793//8 2896//8 2894//8
f 4793//8 4532//8 2896//8
f 4532//8 2888//8 2896//8
f 2899//8 4791//8 2891//8
f 4791//8 4790//8 2891//8
f 4542//8 4925//8 2893//8
f 4925//8 2902//8 2893//8
f 4925//8 2903//8 2902//8
f 2908//8 4791//8 2899//8
f 4543//8 4679//8 4542//8
f 4679//8 4925//8 4542//8
f 4679//8 4680//8 4925//8
f 4680//8 2903//8 4925//8
f 4680//8 2909//8 2903//8
f 2914//8 4787//8 2908//8
f 4681//8 2919//8 2918//8
f 4682//8 4900//8 4681//8
f 4900//8 2919//8 4681//8
f 4900//8 2927//8 2919//8
f 4901//8 2935//8 2934//8
f 2942//8 4796//8 2933//8
f 2942//8 4926//8 4796//8
f 4926//8 4797//8 4796//8
f 4926//8 4048//8 4797//8
f 4048//8 4046//8 4797//8
f 4141//8 4143//8 4901//8
f 4143//8 2935//8 4901//8
f 4143//8 2944//8 2935//8
f 2947//8 4082//8 2945//8
f 4082//8 2937//8 2945//8
f 2950//8 4926//8 2942//8
f 2950//8 4050//8 4926//8
f 4050//8 4048//8 4926//8
f 4148//8 2957//8 2956//8
f 4556//8 2962//8 4555//8
f 2962//8 2948//8 4555//8
f 2963//8 4052//8 2950//8
f 4052//8 4050//8 2950//8
f 4904//8 2966//8 2965//8
f 2971//8 2972//8 4556//8
f 2972//8 2962//8 4556//8
f 2973//8 4052//8 2963//8
f 4197//8 4199//8 4904//8
f 4199//8 2966//8 4904//8
f 4199//8 4201//8 2966//8
f 4201//8 2978//8 2966//8
f 4201//8 4203//8 2978//8
f 4203//8 2980//8 2978//8
f 4203//8 2981//8 2980//8
f 2984//8 4219//8 2982//8
f 4219//8 2985//8 2982//8
f 4219//8 4221//8 2985//8
f 4221//8 2987//8 2985//8
f 4221//8 4223//8 2987//8
f 4223//8 2989//8 2987//8
f 4223//8 4225//8 2989//8
f 4225//8 2991//8 2989//8
f 4225//8 4227//8 2991//8
f 4227//8 2968//8 2991//8
f 2995//8 3996//8 2973//8
f 3015//8 4907//8 3011//8
f 3015//8 4692//8 4907//8
f 4692//8 4691//8 4907//8
f 3016//8 3017//8 4803//8
f 3017//8 3013//8 4803//8
f 3018//8 4692//8 3015//8
f 3023//8 4685//8 3018//8
f 3023//8 4927//8 4685//8
f 4927//8 4686//8 4685//8
f 4927//8 4807//8 4686//8
f 4807//8 4687//8 4686//8
f 3993//8 3024//8 3991//8
f 3024//8 4801//8 3991//8
f 3024//8 3025//8 4801//8
f 3025//8 3021//8 4801//8
f 3026//8 4927//8 3023//8
f 3026//8 4808//8 4927//8
f 4808//8 4807//8 4927//8
f 3029//8 3030//8 3993//8
f 3030//8 3024//8 3993//8
f 3031//8 4808//8 3026//8
f 3034//8 4805//8 3031//8
f 3034//8 4928//8 4805//8
f 4928//8 4806//8 4805//8
f 4928//8 4326//8 4806//8
f 4326//8 4325//8 4806//8
f 3038//8 3039//8 3942//8
f 3039//8 3032//8 3942//8
f 3040//8 4928//8 3034//8
f 3040//8 4327//8 4928//8
f 4327//8 4326//8 4928//8
f 3044//8 4327//8 3040//8
f 3046//8 3047//8 4697//8
f 3047//8 3042//8 4697//8
f 3048//8 4306//8 3044//8
f 3048//8 4929//8 4306//8
f 4929//8 4307//8 4306//8
f 4929//8 4812//8 4307//8
f 4812//8 4308//8 4307//8
f 3053//8 4929//8 3048//8
f 3053//8 4813//8 4929//8
f 4813//8 4812//8 4929//8
f 3056//8 3057//8 4695//8
f 3057//8 3051//8 4695//8
f 3058//8 4813//8 3053//8
f 3061//8 4810//8 3058//8
f 3061//8 4930//8 4810//8
f 4930//8 4811//8 4810//8
f 4930//8 4567//8 4811//8
f 4567//8 4566//8 4811//8
f 3064//8 3065//8 4462//8
f 3065//8 3059//8 4462//8
f 3066//8 4930//8 3061//8
f 3066//8 4568//8 4930//8
f 4568//8 4567//8 4930//8
f 3069//8 4568//8 3066//8
f 3074//8 3075//8 4455//8
f 3075//8 4456//8 4455//8
f 3075//8 3076//8 4456//8
f 3076//8 3067//8 4456//8
f 3077//8 4558//8 3070//8
f 3077//8 4913//8 4558//8
f 4913//8 4559//8 4558//8
f 3081//8 4913//8 3077//8
f 3086//8 3087//8 4817//8
f 3087//8 3079//8 4817//8
f 3088//8 4822//8 3082//8
f 4116//8 3089//8 4114//8
f 3089//8 4815//8 4114//8
f 3089//8 3090//8 4815//8
f 3090//8 3085//8 4815//8
f 3091//8 4819//8 3088//8
f 3091//8 3092//8 4819//8
f 3092//8 4820//8 4819//8
f 3092//8 4189//8 4820//8
f 4189//8 4187//8 4820//8
f 3096//8 3097//8 4116//8
f 3097//8 3089//8 4116//8
f 3098//8 4189//8 3092//8
f 4824//8 3100//8 4074//8
f 3100//8 4076//8 4074//8
f 3100//8 3101//8 4076//8
f 3101//8 4078//8 4076//8
f 3101//8 3102//8 4078//8
f 3102//8 4080//8 4078//8
f 3102//8 3103//8 4080//8
f 3103//8 3095//8 4080//8
f 3104//8 4120//8 3099//8
f 3104//8 3105//8 4120//8
f 3105//8 4122//8 4120//8
f 3105//8 4917//8 4122//8
f 4917//8 4124//8 4122//8
f 3111//8 3112//8 4824//8
f 3112//8 3100//8 4824//8
f 3113//8 4917//8 3105//8
f 3119//8 4915//8 3114//8
f 3119//8 3120//8 4915//8
f 3120//8 4916//8 4915//8
f 3120//8 4718//8 4916//8
f 4718//8 4717//8 4916//8
f 3128//8 4718//8 3120//8
f 3133//8 3134//8 4704//8
f 3134//8 4706//8 4704//8
f 3134//8 3135//8 4706//8
f 3135//8 3125//8 4706//8
f 3136//8 4710//8 3130//8
f 3136//8 3137//8 4710//8
f 3137//8 4711//8 4710//8
f 3137//8 3138//8 4711//8
f 3138//8 4712//8 4711//8
f 3138//8 3139//8 4712//8
f 3139//8 4713//8 4712//8
f 3139//8 3140//8 4713//8
f 3140//8 4714//8 4713//8
f 3140//8 4931//8 4714//8
f 4931//8 4715//8 4714//8
f 4931//8 4193//8 4715//8
f 4193//8 4245//8 4715//8
f 3173//8 3174//8 4246//8
f 3174//8 4699//8 4246//8
f 3174//8 3175//8 4699//8
f 3175//8 4700//8 4699//8
f 3175//8 3176//8 4700//8
f 3176//8 3132//8 4700//8
f 3177//8 4931//8 3140//8
f 3177//8 3178//8 4931//8
f 3178//8 4193//8 4931//8
f 3178//8 3179//8 4193//8
f 3179//8 4194//8 4193//8
f 3179//8 3180//8 4194//8
f 3180//8 4196//8 4194//8
f 3180//8 4932//8 4196//8
f 4932//8 4198//8 4196//8
f 4932//8 4933//8 4198//8
f 4933//8 4200//8 4198//8
f 4933//8 4934//8 4200//8
f 4934//8 4202//8 4200//8
f 4934//8 4935//8 4202//8
f 4935//8 4204//8 4202//8
f 4935//8 4936//8 4204//8
f 4936//8 4205//8 4204//8
f 4936//8 4937//8 4205//8
f 4937//8 4206//8 4205//8
f 4937//8 4938//8 4206//8
f 4938//8 4207//8 4206//8
f 4938//8 4939//8 4207//8
f 4939//8 4208//8 4207//8
f 4939//8 4940//8 4208//8
f 4940//8 4209//8 4208//8
f 4940//8 4941//8 4209//8
f 4941//8 4210//8 4209//8
f 4941//8 4942//8 4210//8
f 4942//8 4211//8 4210//8
f 4942//8 4943//8 4211//8
f 4943//8 4212//8 4211//8
f 4943//8 4944//8 4212//8
f 4944//8 4213//8 4212//8
f 4944//8 4945//8 4213//8
f 4945//8 4214//8 4213//8
f 4945//8 4946//8 4214//8
f 4946//8 4215//8 4214//8
f 4946//8 4947//8 4215//8
f 4947//8 4216//8 4215//8
f 4947//8 4948//8 4216//8
f 4948//8 4217//8 4216//8
f 4948//8 4949//8 4217//8
f 4949//8 4218//8 4217//8
f 4949//8 4950//8 4218//8
f 4950//8 4220//8 4218//8
f 4950//8 4951//8 4220//8
f 4951//8 4222//8 4220//8
f 4951//8 4952//8 4222//8
f 4952//8 4224//8 4222//8
f 4952//8 4953//8 4224//8
f 4953//8 4226//8 4224//8
f 4953//8 3203//8 4226//8
f 3203//8 4228//8 4226//8
f 3203//8 3204//8 4228//8
f 3204//8 4230//8 4228//8
f 3204//8 3205//8 4230//8
f 3205//8 4232//8 4230//8
f 3205//8 3206//8 4232//8
f 3206//8 4234//8 4232//8
f 3206//8 3207//8 4234//8
f 3207//8 4236//8 4234//8
f 3207//8 3208//8 4236//8
f 3208//8 3172//8 4236//8
f 3209//8 4932//8 3180//8
f 3209//8 3210//8 4932//8
f 3210//8 4933//8 4932//8
f 3210//8 3211//8 4933//8
f 3211//8 4934//8 4933//8
f 3211//8 3212//8 4934//8
f 3212//8 4935//8 4934//8
f 3212//8 3213//8 4935//8
f 3213//8 4936//8 4935//8
f 3213//8 3214//8 4936//8
f 3214//8 4937//8 4936//8
f 3214//8 3215//8 4937//8
f 3215//8 4938//8 4937//8
f 3215//8 3216//8 4938//8
f 3216//8 4939//8 4938//8
f 3216//8 3217//8 4939//8
f 3217//8 4940//8 4939//8
f 3217//8 3218//8 4940//8
f 3218//8 4941//8 4940//8
f 3218//8 3219//8 4941//8
f 3219//8 4942//8 4941//8
f 3219//8 3220//8 4942//8
f 3220//8 4943//8 4942//8
f 3220//8 3221//8 4943//8
f 3221//8 4944//8 4943//8
f 3221//8 3222//8 4944//8
f 3222//8 4945//8 4944//8
f 3222//8 3223//8 4945//8
f 3223//8 4946//8 4945//8
f 3223//8 3224//8 4946//8
f 3224//8 4947//8 4946//8
f 3224//8 3225//8 4947//8
f 3225//8 4948//8 4947//8
f 3225//8 3226//8 4948//8
f 3226//8 4949//8 4948//8
f 3226//8 3227//8 4949//8
f 3227//8 4950//8 4949//8
f 3227//8 3228//8 4950//8
f 3228//8 4951//8 4950//8
f 3228//8 3229//8 4951//8
f 3229//8 4952//8 4951//8
f 3229//8 3230//8 4952//8
f 3230//8 4953//8 4952//8
f 3230//8 3231//8 4953//8
f 3231//8 3203//8 4953//8
# Vertices: 4953, normals: 8, texture coordinates: 0, faces: 9906

